customer_id,age,gender,item_purchased,category,purchase_amount_usd,location,size,color,season,review_rating,subscription_status,shipping_type,discount_applied,promo_code_used,previous_purchases,payment_method,frequency_of_purchases,dependency_score,value_tier,value_score,satisfaction_flag,loyalty_segment,retention_risk,age_group,promo_sensitivity,premium_customer
1,55,Male,Blouse,Clothing,53,Kentucky,L,Gray,Winter,3.1,Yes,Express,Yes,Yes,14,Venmo,Fortnightly,2,Medium Value,0.46521683673469383,Unsatisfied,Low Loyalty,Low Risk,Mature,High,No
2,19,Male,Sweater,Clothing,64,Maine,L,Maroon,Winter,3.1,Yes,Express,Yes,Yes,2,Cash,Fortnightly,2,Medium Value,0.4536224489795918,Unsatisfied,Low Loyalty,Low Risk,Young Adult,High,No
3,50,Male,Jeans,Clothing,73,Massachusetts,S,Maroon,Spring,3.1,Yes,Free Shipping,Yes,Yes,23,Credit Card,Weekly,2,High Value,0.6828188775510203,Unsatisfied,Low Loyalty,Low Risk,Mature,High,No
4,21,Male,Sandals,Footwear,90,Rhode Island,M,Maroon,Spring,3.5,Yes,Next Day Air,Yes,Yes,49,PayPal,Weekly,2,High Value,0.9376275510204081,Unsatisfied,High Loyalty,Low Risk,Young Adult,High,Yes
5,45,Male,Blouse,Clothing,49,Oregon,M,Turquoise,Spring,2.7,Yes,Free Shipping,Yes,Yes,31,PayPal,Annually,2,Medium Value,0.446798469387755,Unsatisfied,Medium Loyalty,Low Risk,Mature,High,No
6,46,Male,Sneakers,Footwear,20,Wyoming,M,White,Summer,2.9,Yes,Standard,Yes,Yes,14,Venmo,Weekly,2,Low Value,0.32959183673469383,Unsatisfied,Low Loyalty,Low Risk,Mature,High,No
7,63,Male,Shirt,Clothing,85,Montana,M,Gray,Fall,3.2,Yes,Free Shipping,Yes,Yes,49,Cash,Quarterly,2,High Value,0.7845025510204082,Unsatisfied,High Loyalty,Low Risk,Mature,High,Yes
8,27,Male,Shorts,Clothing,34,Louisiana,L,Charcoal,Winter,3.2,Yes,Free Shipping,Yes,Yes,19,Credit Card,Weekly,2,Medium Value,0.43895408163265304,Unsatisfied,Low Loyalty,Low Risk,Adult,High,No
9,26,Male,Coat,Outerwear,97,West Virginia,L,Silver,Summer,2.6,Yes,Express,Yes,Yes,8,Venmo,Annually,2,High Value,0.575982142857143,Unsatisfied,Low Loyalty,High Risk,Adult,High,No
10,57,Male,Handbag,Accessories,31,Missouri,M,Pink,Spring,4.8,Yes,2-Day Shipping,Yes,Yes,4,Cash,Quarterly,2,Low Value,0.20524234693877552,Satisfied,Low Loyalty,Low Risk,Mature,High,No
11,53,Male,Shoes,Footwear,34,Arkansas,L,Purple,Fall,4.1,Yes,Store Pickup,Yes,Yes,26,Bank Transfer,Bi-Weekly,2,Medium Value,0.45681122448979594,Satisfied,Low Loyalty,Low Risk,Mature,High,No
12,30,Male,Shorts,Clothing,68,Hawaii,S,Olive,Winter,4.9,Yes,Store Pickup,Yes,Yes,10,Bank Transfer,Fortnightly,2,Medium Value,0.5251020408163266,Satisfied,Low Loyalty,Low Risk,Adult,High,No
13,61,Male,Coat,Outerwear,72,Delaware,M,Gold,Winter,4.5,Yes,Express,Yes,Yes,37,Venmo,Fortnightly,2,High Value,0.712908163265306,Satisfied,Medium Loyalty,Low Risk,Mature,High,No
14,65,Male,Dress,Clothing,51,New Hampshire,M,Violet,Spring,4.7,Yes,Express,Yes,Yes,31,PayPal,Weekly,2,High Value,0.608048469387755,Satisfied,Medium Loyalty,Low Risk,Mature,High,No
15,64,Male,Coat,Outerwear,53,New York,L,Teal,Winter,4.7,Yes,Free Shipping,Yes,Yes,34,Debit Card,Weekly,2,High Value,0.6376658163265306,Satisfied,Medium Loyalty,Low Risk,Mature,High,No
16,64,Male,Skirt,Clothing,81,Rhode Island,M,Teal,Winter,2.8,Yes,Store Pickup,Yes,Yes,8,PayPal,Monthly,2,High Value,0.5609821428571429,Unsatisfied,Low Loyalty,High Risk,Mature,High,No
17,25,Male,Sunglasses,Accessories,36,Alabama,S,Gray,Spring,4.1,Yes,Next Day Air,Yes,Yes,44,Debit Card,Bi-Weekly,2,High Value,0.578265306122449,Satisfied,Medium Loyalty,Low Risk,Young Adult,High,No
18,53,Male,Dress,Clothing,38,Mississippi,XL,Lavender,Winter,4.7,Yes,2-Day Shipping,Yes,Yes,36,Venmo,Quarterly,2,Medium Value,0.44053571428571425,Satisfied,Medium Loyalty,Low Risk,Mature,High,No
19,52,Male,Sweater,Clothing,48,Montana,S,Black,Summer,4.6,Yes,Free Shipping,Yes,Yes,17,Cash,Weekly,2,Medium Value,0.5054591836734694,Satisfied,Low Loyalty,Low Risk,Mature,High,No
20,66,Male,Pants,Clothing,90,Rhode Island,M,Green,Summer,3.3,Yes,Standard,Yes,Yes,46,Debit Card,Bi-Weekly,2,High Value,0.8942602040816326,Unsatisfied,Medium Loyalty,Low Risk,Mature,High,No
21,21,Male,Pants,Clothing,51,Louisiana,M,Black,Winter,2.8,Yes,Express,Yes,Yes,50,Cash,Every 3 Months,2,High Value,0.624375,Unsatisfied,High Loyalty,Low Risk,Young Adult,High,Yes
22,31,Male,Pants,Clothing,62,North Carolina,M,Charcoal,Winter,4.1,Yes,Store Pickup,Yes,Yes,22,Debit Card,Quarterly,2,Medium Value,0.4898214285714285,Satisfied,Low Loyalty,Low Risk,Adult,High,No
23,56,Male,Pants,Clothing,37,California,M,Peach,Summer,3.2,Yes,Store Pickup,Yes,Yes,32,Debit Card,Annually,2,Low Value,0.38542091836734693,Unsatisfied,Medium Loyalty,Low Risk,Mature,High,No
24,31,Male,Pants,Clothing,88,Oklahoma,XL,White,Winter,4.4,Yes,Express,Yes,Yes,40,Credit Card,Weekly,2,High Value,0.8712755102040816,Satisfied,Medium Loyalty,Low Risk,Adult,High,No
25,18,Male,Jacket,Outerwear,22,Florida,M,Green,Fall,2.9,Yes,Store Pickup,Yes,Yes,16,Debit Card,Weekly,2,Low Value,0.3530867346938775,Unsatisfied,Low Loyalty,Low Risk,Young Adult,High,No
26,18,Male,Hoodie,Clothing,25,Texas,M,Silver,Summer,3.6,Yes,Express,Yes,Yes,14,PayPal,Annually,2,Low Value,0.20771683673469388,Unsatisfied,Low Loyalty,Low Risk,Young Adult,High,No
27,38,Male,Jewelry,Accessories,20,Nevada,M,Red,Spring,3.6,Yes,Next Day Air,Yes,Yes,13,Credit Card,Annually,2,Low Value,0.17346938775510204,Unsatisfied,Low Loyalty,Low Risk,Adult,High,No
28,56,Male,Shorts,Clothing,56,Kentucky,L,Cyan,Summer,5.0,Yes,Next Day Air,Yes,Yes,7,Bank Transfer,Every 3 Months,2,Low Value,0.38923469387755105,Satisfied,Low Loyalty,Low Risk,Mature,High,No
29,54,Male,Handbag,Accessories,94,North Carolina,M,Gray,Fall,4.4,Yes,Free Shipping,Yes,Yes,41,PayPal,Every 3 Months,2,High Value,0.8111479591836734,Satisfied,Medium Loyalty,Low Risk,Mature,High,No
30,31,Male,Dress,Clothing,48,Wyoming,S,Black,Fall,4.1,Yes,Store Pickup,Yes,Yes,14,Credit Card,Weekly,2,Medium Value,0.4870918367346939,Satisfied,Low Loyalty,Low Risk,Adult,High,No
31,57,Male,Jewelry,Accessories,31,North Carolina,L,Black,Winter,4.7,Yes,Standard,Yes,Yes,16,Credit Card,Monthly,2,Low Value,0.3287117346938775,Satisfied,Low Loyalty,Low Risk,Mature,High,No
32,33,Male,Dress,Clothing,79,West Virginia,L,Brown,Winter,4.7,Yes,Store Pickup,Yes,Yes,45,Venmo,Monthly,2,High Value,0.7762627551020408,Satisfied,Medium Loyalty,Low Risk,Adult,High,No
33,36,Male,Jacket,Outerwear,67,Kansas,M,Silver,Summer,4.9,Yes,Free Shipping,Yes,Yes,37,Venmo,Annually,2,High Value,0.5847831632653061,Satisfied,Medium Loyalty,Low Risk,Adult,High,No
34,54,Male,Pants,Clothing,38,Colorado,L,Green,Summer,3.3,Yes,Store Pickup,Yes,Yes,45,Cash,Quarterly,2,Medium Value,0.4956377551020408,Unsatisfied,Medium Loyalty,Low Risk,Mature,High,No
35,36,Male,T-shirt,Clothing,91,North Dakota,L,Violet,Spring,4.6,Yes,2-Day Shipping,Yes,Yes,38,PayPal,Quarterly,2,High Value,0.7509056122448979,Satisfied,Medium Loyalty,Low Risk,Adult,High,No
36,54,Male,Blouse,Clothing,33,Massachusetts,M,Cyan,Summer,4.0,Yes,2-Day Shipping,Yes,Yes,48,Credit Card,Bi-Weekly,2,High Value,0.5858801020408163,Satisfied,High Loyalty,Low Risk,Mature,High,Yes
37,35,Male,T-shirt,Clothing,69,Illinois,M,Maroon,Winter,4.6,Yes,Free Shipping,Yes,Yes,44,PayPal,Fortnightly,2,High Value,0.7388903061224489,Satisfied,Medium Loyalty,Low Risk,Adult,High,No
38,35,Male,Jeans,Clothing,45,Indiana,S,Cyan,Summer,2.8,Yes,Store Pickup,Yes,Yes,10,PayPal,Weekly,2,Medium Value,0.4457270408163265,Unsatisfied,Low Loyalty,Low Risk,Adult,High,No
39,29,Male,Dress,Clothing,37,Florida,M,Red,Winter,3.8,Yes,2-Day Shipping,Yes,Yes,44,Venmo,Every 3 Months,2,Medium Value,0.5088903061224489,Unsatisfied,Medium Loyalty,Low Risk,Adult,High,No
40,70,Male,Pants,Clothing,60,Arizona,S,Turquoise,Summer,4.2,Yes,Express,Yes,Yes,18,Credit Card,Monthly,2,Medium Value,0.5040816326530613,Satisfied,Low Loyalty,Low Risk,Mature,High,No
41,69,Male,Handbag,Accessories,76,Louisiana,L,Beige,Winter,4.6,Yes,Next Day Air,Yes,Yes,31,Debit Card,Quarterly,2,High Value,0.6236734693877551,Satisfied,Medium Loyalty,Low Risk,Mature,High,No
42,67,Male,Scarf,Accessories,39,Alaska,M,Orange,Spring,4.5,Yes,Standard,Yes,Yes,40,Venmo,Annually,2,Medium Value,0.44565051020408164,Satisfied,Medium Loyalty,Low Risk,Mature,High,No
43,20,Male,Coat,Outerwear,100,Tennessee,M,Beige,Spring,4.1,Yes,Free Shipping,Yes,Yes,15,PayPal,Annually,2,High Value,0.6357142857142857,Satisfied,Low Loyalty,Low Risk,Young Adult,High,No
44,25,Male,Scarf,Accessories,69,Ohio,L,Lavender,Fall,3.7,Yes,Store Pickup,Yes,Yes,19,PayPal,Fortnightly,2,High Value,0.585829081632653,Unsatisfied,Low Loyalty,Low Risk,Young Adult,High,No
45,39,Male,Hat,Accessories,53,Kentucky,S,Silver,Summer,4.6,Yes,Free Shipping,Yes,Yes,45,PayPal,Weekly,2,High Value,0.7050127551020408,Satisfied,Medium Loyalty,Low Risk,Adult,High,No
46,50,Male,Socks,Clothing,21,Tennessee,XL,Indigo,Fall,2.9,Yes,2-Day Shipping,Yes,Yes,25,PayPal,Annually,2,Low Value,0.25256377551020404,Unsatisfied,Low Loyalty,Low Risk,Mature,High,No
47,57,Male,Shirt,Clothing,43,California,L,White,Summer,2.9,Yes,Store Pickup,Yes,Yes,45,Cash,Quarterly,2,Medium Value,0.5237627551020407,Unsatisfied,Medium Loyalty,Low Risk,Mature,High,No
48,55,Male,Jewelry,Accessories,54,Montana,M,Charcoal,Winter,4.5,Yes,Free Shipping,Yes,Yes,36,Cash,Weekly,2,High Value,0.6555357142857142,Satisfied,Medium Loyalty,Low Risk,Mature,High,No
49,42,Male,Shirt,Clothing,55,Nevada,M,Orange,Summer,2.7,Yes,Store Pickup,Yes,Yes,38,Cash,Monthly,2,High Value,0.598405612244898,Unsatisfied,Medium Loyalty,Low Risk,Mature,High,No
50,68,Male,Hoodie,Clothing,30,New Jersey,S,Indigo,Spring,4.6,Yes,Next Day Air,Yes,Yes,34,Debit Card,Bi-Weekly,2,Medium Value,0.4832908163265306,Satisfied,Medium Loyalty,Low Risk,Mature,High,No
51,49,Male,Blouse,Clothing,28,Maryland,M,Red,Spring,3.8,Yes,Store Pickup,Yes,Yes,39,Debit Card,Bi-Weekly,2,Medium Value,0.5026530612244898,Unsatisfied,Medium Loyalty,Low Risk,Mature,High,No
52,59,Male,Skirt,Clothing,59,Vermont,XL,Gray,Winter,4.7,Yes,2-Day Shipping,Yes,Yes,7,Credit Card,Quarterly,2,Low Value,0.381109693877551,Satisfied,Low Loyalty,Low Risk,Mature,High,No
53,42,Male,T-shirt,Clothing,20,Alaska,M,Green,Summer,2.6,Yes,Free Shipping,Yes,Yes,26,Credit Card,Weekly,2,Medium Value,0.40306122448979587,Unsatisfied,Low Loyalty,Low Risk,Mature,High,No
54,29,Male,Skirt,Clothing,24,Mississippi,S,Peach,Winter,3.9,Yes,Next Day Air,Yes,Yes,35,Credit Card,Weekly,2,Medium Value,0.48066326530612236,Unsatisfied,Medium Loyalty,Low Risk,Adult,High,No
55,47,Male,Coat,Outerwear,94,New Mexico,M,Brown,Summer,4.2,Yes,Next Day Air,Yes,Yes,35,Debit Card,Bi-Weekly,2,High Value,0.8494132653061224,Satisfied,Medium Loyalty,Low Risk,Mature,High,No
56,40,Male,Jacket,Outerwear,28,South Carolina,M,Lavender,Winter,3.0,Yes,2-Day Shipping,Yes,Yes,49,Credit Card,Annually,2,Medium Value,0.43887755102040815,Unsatisfied,High Loyalty,Low Risk,Adult,High,No
57,41,Male,Backpack,Accessories,73,Mississippi,XL,Brown,Summer,4.7,Yes,Store Pickup,Yes,Yes,46,Credit Card,Weekly,2,High Value,0.8236352040816325,Satisfied,Medium Loyalty,Low Risk,Mature,High,No
58,21,Male,Coat,Outerwear,64,West Virginia,M,White,Summer,4.4,Yes,Store Pickup,Yes,Yes,17,Debit Card,Fortnightly,2,Medium Value,0.5454591836734693,Satisfied,Low Loyalty,Low Risk,Young Adult,High,No
59,69,Male,Hoodie,Clothing,54,Missouri,M,Charcoal,Summer,4.2,Yes,Free Shipping,Yes,Yes,29,Venmo,Monthly,2,Medium Value,0.5376785714285715,Satisfied,Low Loyalty,Low Risk,Mature,High,No
60,63,Male,Belt,Accessories,79,Louisiana,L,Yellow,Spring,4.6,Yes,Standard,Yes,Yes,4,Debit Card,Weekly,2,High Value,0.6002423469387755,Satisfied,Low Loyalty,Low Risk,Mature,High,No
61,50,Male,Sweater,Clothing,37,Idaho,L,Brown,Summer,4.0,Yes,Express,Yes,Yes,17,Cash,Weekly,2,Medium Value,0.4435841836734694,Satisfied,Low Loyalty,Low Risk,Mature,High,No
62,55,Male,Scarf,Accessories,68,Texas,M,Orange,Winter,4.7,Yes,Store Pickup,Yes,Yes,21,Credit Card,Every 3 Months,2,Medium Value,0.5424489795918368,Satisfied,Low Loyalty,Low Risk,Mature,High,No
63,30,Male,Sneakers,Footwear,21,Mississippi,S,Magenta,Spring,3.8,Yes,Free Shipping,Yes,Yes,31,Credit Card,Fortnightly,2,Low Value,0.38929846938775503,Unsatisfied,Medium Loyalty,Low Risk,Adult,High,No
64,33,Male,Sunglasses,Accessories,79,Arizona,L,Lavender,Winter,2.7,Yes,2-Day Shipping,Yes,Yes,43,Credit Card,Weekly,2,High Value,0.8390178571428571,Unsatisfied,Medium Loyalty,Low Risk,Adult,High,No
65,65,Male,Boots,Footwear,83,Alabama,S,Green,Fall,4.8,Yes,Standard,Yes,Yes,18,Debit Card,Fortnightly,2,High Value,0.6584566326530612,Satisfied,Low Loyalty,Low Risk,Mature,High,No
66,65,Male,Backpack,Accessories,36,New Jersey,M,Purple,Spring,4.8,Yes,2-Day Shipping,Yes,Yes,44,Venmo,Every 3 Months,2,Medium Value,0.5032653061224489,Satisfied,Medium Loyalty,Low Risk,Mature,High,No
67,31,Male,Blouse,Clothing,94,Pennsylvania,S,Magenta,Winter,4.7,Yes,2-Day Shipping,Yes,Yes,3,Venmo,Every 3 Months,2,High Value,0.5784948979591836,Satisfied,Low Loyalty,Low Risk,Adult,High,No
68,45,Male,Coat,Outerwear,33,Connecticut,L,Gray,Winter,4.4,Yes,Store Pickup,Yes,Yes,49,Debit Card,Monthly,2,Medium Value,0.5420025510204082,Satisfied,High Loyalty,Low Risk,Mature,High,No
69,57,Male,Handbag,Accessories,46,Utah,L,Silver,Summer,3.9,Yes,Next Day Air,Yes,Yes,21,Cash,Every 3 Months,2,Medium Value,0.4186989795918368,Unsatisfied,Low Loyalty,Low Risk,Mature,High,No
70,48,Male,Belt,Accessories,70,Tennessee,S,Cyan,Summer,4.4,Yes,Express,Yes,Yes,5,Cash,Weekly,2,High Value,0.5557397959183673,Satisfied,Low Loyalty,Low Risk,Mature,High,No
71,22,Male,Belt,Accessories,29,Alabama,M,Magenta,Fall,4.2,Yes,Express,Yes,Yes,32,Debit Card,Every 3 Months,2,Low Value,0.39042091836734694,Satisfied,Medium Loyalty,Low Risk,Young Adult,High,No
72,36,Male,Dress,Clothing,48,Virginia,L,Gold,Summer,2.9,Yes,Express,Yes,Yes,34,Bank Transfer,Annually,2,Medium Value,0.45954081632653065,Unsatisfied,Medium Loyalty,Low Risk,Adult,High,No
73,18,Male,Dress,Clothing,26,Georgia,M,Olive,Winter,2.9,Yes,Store Pickup,Yes,Yes,21,Bank Transfer,Every 3 Months,2,Low Value,0.30619897959183673,Unsatisfied,Low Loyalty,Low Risk,Young Adult,High,No
74,48,Male,Pants,Clothing,85,Hawaii,M,Teal,Spring,2.7,Yes,Free Shipping,Yes,Yes,43,Bank Transfer,Bi-Weekly,2,High Value,0.8477678571428572,Unsatisfied,Medium Loyalty,Low Risk,Mature,High,No
75,49,Male,Gloves,Accessories,58,Indiana,L,Violet,Spring,4.5,Yes,Express,Yes,Yes,3,Cash,Monthly,2,Medium Value,0.40099489795918375,Satisfied,Low Loyalty,Low Risk,Mature,High,No
76,64,Male,Scarf,Accessories,85,Utah,M,Blue,Summer,2.7,Yes,Free Shipping,Yes,Yes,21,Credit Card,Annually,2,High Value,0.5880739795918367,Unsatisfied,Low Loyalty,Low Risk,Mature,High,No
77,50,Male,Hat,Accessories,43,Delaware,S,Teal,Summer,4.2,Yes,Free Shipping,Yes,Yes,32,Venmo,Monthly,2,Medium Value,0.49417091836734695,Satisfied,Medium Loyalty,Low Risk,Mature,High,No
78,22,Male,Dress,Clothing,53,Delaware,L,Gold,Summer,3.3,Yes,Next Day Air,Yes,Yes,36,Debit Card,Fortnightly,2,High Value,0.5999107142857143,Unsatisfied,Medium Loyalty,Low Risk,Young Adult,High,No
79,50,Male,Skirt,Clothing,91,Nebraska,M,Maroon,Spring,4.7,Yes,Free Shipping,Yes,Yes,50,Venmo,Fortnightly,2,High Value,0.8993749999999999,Satisfied,High Loyalty,Low Risk,Mature,High,Yes
80,38,Male,Jacket,Outerwear,96,Iowa,M,Olive,Winter,2.6,Yes,2-Day Shipping,Yes,Yes,43,Bank Transfer,Every 3 Months,2,High Value,0.8346428571428572,Unsatisfied,Medium Loyalty,Low Risk,Adult,High,No
81,19,Male,Sandals,Footwear,72,New York,XL,Blue,Summer,3.8,Yes,Store Pickup,Yes,Yes,24,Credit Card,Every 3 Months,2,High Value,0.5833163265306123,Unsatisfied,Low Loyalty,Low Risk,Young Adult,High,No
82,67,Male,Shoes,Footwear,96,Virginia,L,Maroon,Summer,2.6,Yes,Express,Yes,Yes,36,Credit Card,Every 3 Months,2,High Value,0.7917857142857144,Unsatisfied,Medium Loyalty,Low Risk,Mature,High,No
83,19,Male,Pants,Clothing,28,Georgia,S,Olive,Spring,4.0,Yes,2-Day Shipping,Yes,Yes,21,Credit Card,Every 3 Months,2,Low Value,0.3174489795918367,Satisfied,Low Loyalty,Low Risk,Young Adult,High,No
84,36,Male,Dress,Clothing,40,Texas,M,Turquoise,Summer,4.1,Yes,Standard,Yes,Yes,34,Bank Transfer,Weekly,2,High Value,0.5645408163265305,Satisfied,Medium Loyalty,Low Risk,Adult,High,No
85,52,Male,Coat,Outerwear,32,Arizona,S,Peach,Spring,4.4,Yes,Standard,Yes,Yes,42,Bank Transfer,Every 3 Months,2,Medium Value,0.46852040816326523,Satisfied,Medium Loyalty,Low Risk,Mature,High,No
86,53,Male,Sunglasses,Accessories,95,New Mexico,M,Charcoal,Winter,4.5,Yes,Next Day Air,Yes,Yes,2,Debit Card,Bi-Weekly,2,High Value,0.6529974489795919,Satisfied,Low Loyalty,Low Risk,Mature,High,No
87,24,Male,Hoodie,Clothing,41,Nevada,L,Pink,Spring,3.7,Yes,2-Day Shipping,Yes,Yes,47,Cash,Bi-Weekly,2,High Value,0.6247576530612245,Unsatisfied,High Loyalty,Low Risk,Young Adult,High,Yes
88,52,Male,Shoes,Footwear,53,Ohio,M,Green,Fall,3.7,Yes,2-Day Shipping,Yes,Yes,44,Debit Card,Fortnightly,2,High Value,0.6488903061224489,Unsatisfied,Medium Loyalty,Low Risk,Mature,High,No
89,33,Male,T-shirt,Clothing,47,Wyoming,M,Orange,Fall,3.5,Yes,Free Shipping,Yes,Yes,35,Credit Card,Monthly,2,Medium Value,0.5350382653061224,Unsatisfied,Medium Loyalty,Low Risk,Adult,High,No
90,47,Male,Jacket,Outerwear,83,California,XL,Pink,Fall,3.6,Yes,Next Day Air,Yes,Yes,15,Cash,Quarterly,2,High Value,0.5650892857142857,Unsatisfied,Low Loyalty,Low Risk,Mature,High,No
91,25,Male,Hat,Accessories,48,South Carolina,L,Violet,Summer,2.9,Yes,Express,Yes,Yes,29,Credit Card,Monthly,2,Medium Value,0.5039285714285715,Unsatisfied,Low Loyalty,Low Risk,Young Adult,High,No
92,44,Male,Scarf,Accessories,99,South Carolina,S,Green,Winter,4.6,Yes,Standard,Yes,Yes,18,Credit Card,Every 3 Months,2,High Value,0.6984566326530612,Satisfied,Low Loyalty,Low Risk,Mature,High,No
93,61,Male,Jacket,Outerwear,87,Texas,M,Olive,Winter,4.4,Yes,2-Day Shipping,Yes,Yes,13,Venmo,Every 3 Months,2,High Value,0.6003443877551021,Satisfied,Low Loyalty,Low Risk,Mature,High,No
94,37,Male,Sweater,Clothing,62,Florida,M,Purple,Fall,4.5,Yes,Standard,Yes,Yes,46,Credit Card,Weekly,2,High Value,0.7617602040816326,Satisfied,Medium Loyalty,Low Risk,Adult,High,No
95,58,Male,Skirt,Clothing,76,Nevada,S,Silver,Spring,4.6,Yes,Free Shipping,Yes,Yes,28,Credit Card,Weekly,2,High Value,0.7303061224489796,Satisfied,Low Loyalty,Low Risk,Mature,High,No
96,37,Male,Sneakers,Footwear,100,Missouri,L,Pink,Fall,3.8,Yes,Free Shipping,Yes,Yes,48,PayPal,Monthly,2,High Value,0.9127551020408162,Unsatisfied,High Loyalty,Low Risk,Adult,High,Yes
97,32,Male,Gloves,Accessories,73,Delaware,S,Gold,Spring,3.8,Yes,Express,Yes,Yes,43,Venmo,Every 3 Months,2,High Value,0.7052678571428571,Unsatisfied,Medium Loyalty,Low Risk,Adult,High,No
98,21,Male,Shoes,Footwear,92,Virginia,M,Teal,Winter,4.8,Yes,Store Pickup,Yes,Yes,37,Cash,Annually,2,High Value,0.7254081632653061,Satisfied,Medium Loyalty,Low Risk,Young Adult,High,No
99,20,Male,Jeans,Clothing,67,New York,XL,Teal,Spring,2.6,Yes,Next Day Air,Yes,Yes,20,Bank Transfer,Annually,2,Medium Value,0.48070153061224485,Unsatisfied,Low Loyalty,Low Risk,Young Adult,High,No
100,26,Male,Hoodie,Clothing,40,Missouri,XL,Indigo,Summer,3.7,Yes,Express,Yes,Yes,33,Debit Card,Quarterly,2,Medium Value,0.43341836734693884,Unsatisfied,Medium Loyalty,Low Risk,Adult,High,No
101,62,Male,Sunglasses,Accessories,98,South Dakota,M,Maroon,Fall,2.7,Yes,Express,Yes,Yes,31,Cash,Fortnightly,2,High Value,0.822423469387755,Unsatisfied,Medium Loyalty,Low Risk,Mature,High,No
102,27,Male,Coat,Outerwear,85,North Dakota,XL,White,Spring,4.6,Yes,Express,Yes,Yes,50,Credit Card,Bi-Weekly,2,High Value,0.890625,Satisfied,High Loyalty,Low Risk,Adult,High,Yes
103,51,Male,Socks,Clothing,67,Oklahoma,L,Violet,Winter,4.8,Yes,Next Day Air,Yes,Yes,35,Credit Card,Quarterly,2,High Value,0.5975382653061224,Satisfied,Medium Loyalty,Low Risk,Mature,High,No
104,54,Male,Boots,Footwear,89,West Virginia,L,Red,Winter,4.0,Yes,Next Day Air,Yes,Yes,22,Venmo,Bi-Weekly,2,High Value,0.7416964285714286,Satisfied,Low Loyalty,Low Risk,Mature,High,No
105,55,Male,Sunglasses,Accessories,24,New Hampshire,L,Pink,Spring,4.4,Yes,2-Day Shipping,Yes,Yes,1,PayPal,Monthly,2,Low Value,0.1975,Satisfied,Low Loyalty,Low Risk,Mature,High,No
106,69,Male,Backpack,Accessories,96,New York,M,Charcoal,Fall,3.6,Yes,Next Day Air,Yes,Yes,4,Bank Transfer,Annually,2,Medium Value,0.5458673469387756,Unsatisfied,Low Loyalty,Low Risk,Mature,High,No
107,64,Male,Jacket,Outerwear,35,Minnesota,L,White,Summer,3.7,Yes,Standard,Yes,Yes,31,Credit Card,Monthly,2,Medium Value,0.4430484693877551,Unsatisfied,Medium Loyalty,Low Risk,Mature,High,No
108,28,Male,Sneakers,Footwear,67,Maryland,L,Olive,Winter,3.1,Yes,Next Day Air,Yes,Yes,46,PayPal,Fortnightly,2,High Value,0.7398852040816326,Unsatisfied,Medium Loyalty,Low Risk,Adult,High,No
109,70,Male,Socks,Clothing,79,Montana,L,Purple,Spring,3.4,Yes,Next Day Air,Yes,Yes,32,Bank Transfer,Bi-Weekly,2,High Value,0.7466709183673469,Unsatisfied,Medium Loyalty,Low Risk,Mature,High,No
110,58,Male,T-shirt,Clothing,85,Alabama,M,Violet,Spring,2.6,Yes,Next Day Air,Yes,Yes,43,Bank Transfer,Fortnightly,2,High Value,0.8227678571428572,Unsatisfied,Medium Loyalty,Low Risk,Mature,High,No
111,56,Male,Backpack,Accessories,26,New York,M,Black,Summer,4.0,Yes,Standard,Yes,Yes,26,Venmo,Fortnightly,2,Low Value,0.3868112244897959,Satisfied,Low Loyalty,Low Risk,Mature,High,No
112,26,Male,Belt,Accessories,75,Massachusetts,L,Purple,Summer,5.0,Yes,Free Shipping,Yes,Yes,9,Credit Card,Annually,2,Medium Value,0.45835459183673466,Satisfied,Low Loyalty,Low Risk,Adult,High,No
113,37,Male,Gloves,Accessories,65,Florida,M,Red,Spring,4.3,Yes,Free Shipping,Yes,Yes,28,PayPal,Bi-Weekly,2,High Value,0.6434311224489796,Satisfied,Low Loyalty,Low Risk,Adult,High,No
114,44,Male,Hat,Accessories,54,New Jersey,L,Maroon,Winter,3.1,Yes,Next Day Air,Yes,Yes,20,PayPal,Quarterly,2,Medium Value,0.4325765306122449,Unsatisfied,Low Loyalty,Low Risk,Mature,High,No
115,70,Male,Coat,Outerwear,95,Massachusetts,S,Blue,Summer,3.7,Yes,Store Pickup,Yes,Yes,9,Cash,Weekly,2,High Value,0.7208545918367346,Unsatisfied,Low Loyalty,Low Risk,Mature,High,No
116,53,Male,Skirt,Clothing,94,Wyoming,M,Gray,Spring,3.8,Yes,Standard,Yes,Yes,48,Debit Card,Every 3 Months,2,High Value,0.8540051020408163,Unsatisfied,High Loyalty,Low Risk,Mature,High,Yes
117,55,Male,Shoes,Footwear,86,Virginia,S,Blue,Spring,3.4,Yes,Free Shipping,Yes,Yes,12,Venmo,Annually,2,Medium Value,0.5385969387755102,Unsatisfied,Low Loyalty,Low Risk,Mature,High,No
118,50,Male,Sandals,Footwear,32,South Dakota,L,Yellow,Summer,4.6,Yes,Express,Yes,Yes,29,Cash,Fortnightly,2,Medium Value,0.43892857142857145,Satisfied,Low Loyalty,Low Risk,Mature,High,No
119,50,Male,Sweater,Clothing,45,Kentucky,L,Orange,Fall,4.8,Yes,2-Day Shipping,Yes,Yes,27,Cash,Bi-Weekly,2,Medium Value,0.5248086734693878,Satisfied,Low Loyalty,Low Risk,Mature,High,No
120,38,Male,Coat,Outerwear,76,Wyoming,M,Orange,Fall,4.3,Yes,Express,Yes,Yes,44,Cash,Annually,2,High Value,0.678265306122449,Satisfied,Medium Loyalty,Low Risk,Adult,High,No
121,64,Male,Hat,Accessories,84,West Virginia,L,Red,Summer,4.0,Yes,Express,Yes,Yes,32,Bank Transfer,Annually,2,High Value,0.649795918367347,Satisfied,Medium Loyalty,Low Risk,Mature,High,No
122,19,Male,Shorts,Clothing,72,Virginia,M,Olive,Winter,4.2,Yes,Standard,Yes,Yes,11,Cash,Fortnightly,2,High Value,0.5537244897959184,Satisfied,Low Loyalty,Low Risk,Young Adult,High,No
123,40,Male,Backpack,Accessories,40,Washington,L,Brown,Spring,4.8,Yes,2-Day Shipping,Yes,Yes,44,Cash,Fortnightly,2,High Value,0.5757653061224489,Satisfied,Medium Loyalty,Low Risk,Adult,High,No
124,57,Male,Sweater,Clothing,89,Louisiana,L,Brown,Fall,3.1,Yes,Free Shipping,Yes,Yes,46,Cash,Weekly,2,High Value,0.9136352040816326,Unsatisfied,Medium Loyalty,Low Risk,Mature,High,No
125,44,Male,Sweater,Clothing,86,Nevada,M,Gray,Spring,3.1,Yes,Next Day Air,Yes,Yes,50,PayPal,Annually,2,High Value,0.7712499999999999,Unsatisfied,High Loyalty,Low Risk,Mature,High,Yes
126,49,Male,Shorts,Clothing,54,California,M,Indigo,Winter,3.6,Yes,Next Day Air,Yes,Yes,45,Venmo,Every 3 Months,2,High Value,0.6106377551020408,Unsatisfied,Medium Loyalty,Low Risk,Mature,High,No
127,43,Male,Shorts,Clothing,36,Mississippi,L,Pink,Spring,3.9,Yes,Store Pickup,Yes,Yes,48,Cash,Every 3 Months,2,Medium Value,0.5277551020408163,Unsatisfied,High Loyalty,Low Risk,Mature,High,No
128,24,Male,Sweater,Clothing,89,Mississippi,M,Gray,Winter,4.8,Yes,Next Day Air,Yes,Yes,26,Credit Card,Weekly,2,High Value,0.7911862244897959,Satisfied,Low Loyalty,Low Risk,Young Adult,High,No
129,20,Male,Scarf,Accessories,32,California,M,Gold,Spring,4.7,Yes,Standard,Yes,Yes,21,Credit Card,Fortnightly,2,Low Value,0.3899489795918367,Satisfied,Low Loyalty,Low Risk,Young Adult,High,No
130,24,Male,Dress,Clothing,67,Pennsylvania,XL,Olive,Summer,4.2,Yes,2-Day Shipping,Yes,Yes,49,PayPal,Bi-Weekly,2,High Value,0.7832525510204081,Satisfied,High Loyalty,Low Risk,Young Adult,High,Yes
131,44,Male,Scarf,Accessories,39,Kentucky,L,Violet,Fall,3.7,Yes,Next Day Air,Yes,Yes,13,PayPal,Fortnightly,2,Low Value,0.38034438775510204,Unsatisfied,Low Loyalty,Low Risk,Mature,High,No
132,28,Male,Skirt,Clothing,29,Maine,L,Indigo,Summer,3.9,Yes,Standard,Yes,Yes,46,Credit Card,Weekly,2,High Value,0.5761352040816327,Unsatisfied,Medium Loyalty,Low Risk,Adult,High,No
133,30,Male,Backpack,Accessories,58,New Mexico,M,Orange,Fall,4.7,Yes,2-Day Shipping,Yes,Yes,42,PayPal,Weekly,2,High Value,0.7147704081632652,Satisfied,Medium Loyalty,Low Risk,Adult,High,No
134,52,Male,Sweater,Clothing,65,Montana,M,Violet,Winter,2.5,Yes,Next Day Air,Yes,Yes,25,Venmo,Annually,2,Medium Value,0.5000637755102041,Unsatisfied,Low Loyalty,Low Risk,Mature,High,No
135,43,Male,Hat,Accessories,94,Texas,L,Gray,Fall,4.9,Yes,Store Pickup,Yes,Yes,25,Cash,Monthly,2,High Value,0.738188775510204,Satisfied,Low Loyalty,Low Risk,Mature,High,No
136,43,Male,Sandals,Footwear,81,Kansas,M,Purple,Fall,4.1,Yes,Express,Yes,Yes,12,PayPal,Quarterly,2,Medium Value,0.5354719387755102,Satisfied,Low Loyalty,Low Risk,Mature,High,No
137,39,Male,Blouse,Clothing,86,South Carolina,M,White,Winter,3.3,Yes,Free Shipping,Yes,Yes,4,Debit Card,Quarterly,2,Medium Value,0.5146173469387755,Unsatisfied,Low Loyalty,Low Risk,Adult,High,No
138,68,Male,Sneakers,Footwear,43,Colorado,M,Turquoise,Spring,4.7,Yes,Free Shipping,Yes,Yes,38,PayPal,Weekly,2,High Value,0.6059056122448979,Satisfied,Medium Loyalty,Low Risk,Mature,High,No
139,68,Male,Skirt,Clothing,29,Georgia,M,Maroon,Winter,4.4,Yes,Store Pickup,Yes,Yes,42,Bank Transfer,Weekly,2,Medium Value,0.5516454081632652,Satisfied,Medium Loyalty,Low Risk,Mature,High,No
140,49,Male,Coat,Outerwear,95,Florida,M,White,Fall,3.8,Yes,Store Pickup,Yes,Yes,30,Venmo,Annually,2,High Value,0.6994260204081632,Unsatisfied,Medium Loyalty,Low Risk,Mature,High,No
141,63,Male,Shirt,Clothing,28,North Carolina,L,Yellow,Fall,3.9,Yes,2-Day Shipping,Yes,Yes,50,Credit Card,Weekly,2,High Value,0.595,Unsatisfied,High Loyalty,Low Risk,Mature,High,Yes
142,56,Male,Gloves,Accessories,46,Virginia,M,Turquoise,Fall,4.9,Yes,Free Shipping,Yes,Yes,45,PayPal,Weekly,2,High Value,0.6656377551020408,Satisfied,Medium Loyalty,Low Risk,Mature,High,No
143,37,Male,Jacket,Outerwear,58,Nebraska,L,Violet,Fall,3.1,Yes,Free Shipping,Yes,Yes,33,Credit Card,Fortnightly,2,High Value,0.6096683673469387,Unsatisfied,Medium Loyalty,Low Risk,Adult,High,No
144,30,Male,Coat,Outerwear,48,Missouri,M,Beige,Fall,2.7,Yes,Store Pickup,Yes,Yes,25,PayPal,Quarterly,2,Medium Value,0.42943877551020415,Unsatisfied,Low Loyalty,Low Risk,Adult,High,No
145,19,Male,Shoes,Footwear,43,New Jersey,M,Silver,Fall,3.2,Yes,Express,Yes,Yes,25,Cash,Monthly,2,Medium Value,0.45131377551020413,Unsatisfied,Low Loyalty,Low Risk,Young Adult,High,No
146,24,Male,Jewelry,Accessories,95,Missouri,M,Teal,Fall,4.5,Yes,Standard,Yes,Yes,44,Debit Card,Quarterly,2,High Value,0.8101403061224489,Satisfied,Medium Loyalty,Low Risk,Young Adult,High,No
147,52,Male,Skirt,Clothing,30,Colorado,S,Black,Fall,4.0,Yes,Standard,Yes,Yes,21,Venmo,Fortnightly,2,Low Value,0.37869897959183674,Satisfied,Low Loyalty,Low Risk,Mature,High,No
148,63,Male,Shoes,Footwear,64,Idaho,M,Purple,Summer,3.5,Yes,2-Day Shipping,Yes,Yes,31,Bank Transfer,Fortnightly,2,High Value,0.6311734693877551,Unsatisfied,Medium Loyalty,Low Risk,Mature,High,No
149,37,Male,Gloves,Accessories,90,Wyoming,M,Gray,Fall,2.6,Yes,Store Pickup,Yes,Yes,47,Debit Card,Annually,2,High Value,0.7753826530612244,Unsatisfied,High Loyalty,Low Risk,Adult,High,Yes
150,38,Male,Pants,Clothing,76,Delaware,M,White,Summer,3.2,Yes,Free Shipping,Yes,Yes,14,PayPal,Monthly,2,High Value,0.5695918367346939,Unsatisfied,Low Loyalty,Low Risk,Adult,High,No
151,35,Male,Boots,Footwear,96,California,L,Cyan,Fall,4.9,Yes,Standard,Yes,Yes,17,Debit Card,Every 3 Months,2,High Value,0.6754591836734695,Satisfied,Low Loyalty,Low Risk,Adult,High,No
152,28,Male,Sunglasses,Accessories,47,North Dakota,L,Turquoise,Fall,4.5,Yes,Next Day Air,Yes,Yes,3,Venmo,Annually,2,Low Value,0.26411989795918367,Satisfied,Low Loyalty,Low Risk,Adult,High,No
153,30,Male,Shirt,Clothing,85,South Carolina,S,Brown,Summer,4.3,Yes,Express,Yes,Yes,42,Venmo,Annually,2,High Value,0.7166454081632653,Satisfied,Medium Loyalty,Low Risk,Adult,High,No
154,69,Male,Hoodie,Clothing,55,North Carolina,M,Maroon,Winter,3.2,Yes,Standard,Yes,Yes,22,Debit Card,Annually,2,Medium Value,0.42544642857142856,Unsatisfied,Low Loyalty,Low Risk,Mature,High,No
155,41,Male,Dress,Clothing,98,Oklahoma,M,Charcoal,Fall,3.6,Yes,Next Day Air,Yes,Yes,21,Venmo,Quarterly,2,High Value,0.6861989795918367,Unsatisfied,Low Loyalty,Low Risk,Mature,High,No
156,63,Male,Socks,Clothing,77,Maine,S,Olive,Spring,4.3,Yes,Free Shipping,Yes,Yes,21,Bank Transfer,Quarterly,2,High Value,0.5680739795918367,Satisfied,Low Loyalty,Low Risk,Mature,High,No
157,35,Male,Shorts,Clothing,26,Missouri,M,Lavender,Fall,4.0,Yes,Standard,Yes,Yes,40,Debit Card,Annually,2,Low Value,0.37252551020408164,Satisfied,Medium Loyalty,Low Risk,Adult,High,No
158,36,Male,Hat,Accessories,68,Vermont,S,Yellow,Fall,3.0,Yes,Next Day Air,Yes,Yes,1,Bank Transfer,Fortnightly,2,Medium Value,0.4700000000000001,Unsatisfied,Low Loyalty,Low Risk,Adult,High,No
159,25,Male,Shirt,Clothing,73,Connecticut,XL,Teal,Fall,4.1,Yes,Standard,Yes,Yes,50,Bank Transfer,Monthly,2,High Value,0.773125,Satisfied,High Loyalty,Low Risk,Young Adult,High,Yes
160,58,Male,Gloves,Accessories,27,New Hampshire,M,Charcoal,Fall,3.8,Yes,Store Pickup,Yes,Yes,39,Bank Transfer,Every 3 Months,2,Medium Value,0.42202806122448977,Unsatisfied,Medium Loyalty,Low Risk,Mature,High,No
161,27,Male,Gloves,Accessories,23,Texas,M,Orange,Summer,4.6,Yes,Free Shipping,Yes,Yes,34,Venmo,Monthly,2,Low Value,0.3939158163265306,Satisfied,Medium Loyalty,Low Risk,Adult,High,No
162,65,Male,Backpack,Accessories,49,North Dakota,M,Olive,Fall,3.0,Yes,Express,Yes,Yes,29,Venmo,Fortnightly,2,Medium Value,0.5345535714285714,Unsatisfied,Low Loyalty,Low Risk,Mature,High,No
163,54,Male,Sunglasses,Accessories,74,California,M,Turquoise,Summer,3.0,Yes,Store Pickup,Yes,Yes,31,PayPal,Bi-Weekly,2,High Value,0.712423469387755,Unsatisfied,Medium Loyalty,Low Risk,Mature,High,No
164,54,Male,Skirt,Clothing,67,Virginia,M,Purple,Summer,3.4,Yes,Standard,Yes,Yes,8,Debit Card,Weekly,2,High Value,0.5572321428571428,Unsatisfied,Low Loyalty,Low Risk,Mature,High,No
165,59,Male,Handbag,Accessories,65,Delaware,S,Purple,Spring,2.6,Yes,Free Shipping,Yes,Yes,5,Credit Card,Fortnightly,2,Medium Value,0.4776147959183673,Unsatisfied,Low Loyalty,High Risk,Mature,High,No
166,42,Male,Handbag,Accessories,60,Kentucky,S,Yellow,Winter,2.8,Yes,Store Pickup,Yes,Yes,7,Cash,Monthly,2,Medium Value,0.43673469387755104,Unsatisfied,Low Loyalty,High Risk,Mature,High,No
167,46,Male,Sneakers,Footwear,31,Delaware,XL,Indigo,Fall,4.0,Yes,Store Pickup,Yes,Yes,30,Cash,Monthly,2,Medium Value,0.41442602040816323,Satisfied,Medium Loyalty,Low Risk,Mature,High,No
168,33,Male,Gloves,Accessories,27,Arkansas,M,Green,Fall,4.0,Yes,Express,Yes,Yes,14,Credit Card,Every 3 Months,2,Low Value,0.2689668367346939,Satisfied,Low Loyalty,Low Risk,Adult,High,No
169,34,Male,Shoes,Footwear,80,Louisiana,M,Magenta,Summer,3.0,Yes,Express,Yes,Yes,5,Cash,Fortnightly,2,High Value,0.5619897959183674,Unsatisfied,Low Loyalty,Low Risk,Adult,High,No
170,27,Male,Jacket,Outerwear,30,Nevada,S,Gold,Summer,3.3,Yes,Standard,Yes,Yes,3,PayPal,Every 3 Months,2,Low Value,0.2184948979591837,Unsatisfied,Low Loyalty,Low Risk,Adult,High,No
171,52,Male,Shirt,Clothing,25,Wyoming,M,Maroon,Fall,2.6,Yes,Store Pickup,Yes,Yes,46,Venmo,Bi-Weekly,2,Medium Value,0.5286352040816327,Unsatisfied,Medium Loyalty,Low Risk,Mature,High,No
172,29,Male,Shorts,Clothing,35,Virginia,M,Blue,Summer,3.6,Yes,Store Pickup,Yes,Yes,4,Credit Card,Weekly,2,Low Value,0.3527423469387755,Unsatisfied,Low Loyalty,Low Risk,Adult,High,No
173,54,Male,Jewelry,Accessories,67,Nebraska,M,Violet,Summer,3.9,Yes,Next Day Air,Yes,Yes,42,Credit Card,Bi-Weekly,2,High Value,0.7403954081632652,Unsatisfied,Medium Loyalty,Low Risk,Mature,High,No
174,25,Male,Hat,Accessories,46,Hawaii,M,Turquoise,Fall,3.4,Yes,Standard,Yes,Yes,30,Cash,Annually,2,Medium Value,0.42380102040816325,Unsatisfied,Medium Loyalty,Low Risk,Young Adult,High,No
175,41,Male,Shoes,Footwear,35,Vermont,L,Brown,Winter,3.5,Yes,Express,Yes,Yes,37,Venmo,Annually,2,Medium Value,0.40478316326530606,Unsatisfied,Medium Loyalty,Low Risk,Mature,High,No
176,53,Male,Coat,Outerwear,86,Oklahoma,L,Violet,Fall,2.8,Yes,Next Day Air,Yes,Yes,2,Bank Transfer,Annually,2,Medium Value,0.47737244897959186,Unsatisfied,Low Loyalty,High Risk,Mature,High,No
177,53,Male,Backpack,Accessories,81,New Hampshire,L,Black,Spring,2.7,Yes,Next Day Air,Yes,Yes,30,Credit Card,Quarterly,2,High Value,0.6456760204081633,Unsatisfied,Medium Loyalty,Low Risk,Mature,High,No
178,21,Male,Hoodie,Clothing,42,Kansas,L,Magenta,Fall,3.7,Yes,Next Day Air,Yes,Yes,47,Bank Transfer,Monthly,2,High Value,0.5803826530612245,Unsatisfied,High Loyalty,Low Risk,Young Adult,High,Yes
179,61,Male,Skirt,Clothing,43,Idaho,L,Lavender,Fall,4.3,Yes,2-Day Shipping,Yes,Yes,21,PayPal,Quarterly,2,Low Value,0.3768239795918368,Satisfied,Low Loyalty,Low Risk,Mature,High,No
180,64,Male,Boots,Footwear,31,Illinois,M,Violet,Fall,4.9,Yes,Store Pickup,Yes,Yes,9,Bank Transfer,Fortnightly,2,Low Value,0.3108545918367347,Satisfied,Low Loyalty,Low Risk,Mature,High,No
181,51,Male,Sandals,Footwear,81,South Dakota,L,Green,Fall,3.3,Yes,Store Pickup,Yes,Yes,12,Debit Card,Fortnightly,2,High Value,0.6104719387755102,Unsatisfied,Low Loyalty,Low Risk,Mature,High,No
182,32,Male,Pants,Clothing,61,Massachusetts,M,Beige,Summer,4.7,Yes,Next Day Air,Yes,Yes,4,Bank Transfer,Weekly,2,Medium Value,0.4989923469387755,Satisfied,Low Loyalty,Low Risk,Adult,High,No
183,38,Male,Gloves,Accessories,96,Alabama,XL,Purple,Summer,2.8,Yes,Store Pickup,Yes,Yes,10,Debit Card,Annually,2,High Value,0.5826020408163266,Unsatisfied,Low Loyalty,Low Risk,Adult,High,No
184,58,Male,Skirt,Clothing,29,Ohio,XL,Beige,Spring,3.6,Yes,2-Day Shipping,Yes,Yes,26,Credit Card,Weekly,2,Medium Value,0.4536862244897959,Unsatisfied,Low Loyalty,Low Risk,Mature,High,No
185,32,Male,Sneakers,Footwear,33,Hawaii,L,Cyan,Spring,3.0,Yes,Express,Yes,Yes,40,Cash,Fortnightly,2,Medium Value,0.5119005102040816,Unsatisfied,Medium Loyalty,Low Risk,Adult,High,No
186,46,Male,T-shirt,Clothing,32,Wisconsin,XL,Silver,Summer,4.5,Yes,Store Pickup,Yes,Yes,34,Bank Transfer,Fortnightly,2,Medium Value,0.46954081632653055,Satisfied,Medium Loyalty,Low Risk,Mature,High,No
187,39,Male,Backpack,Accessories,56,Minnesota,S,Lavender,Summer,2.9,Yes,Standard,Yes,Yes,31,Debit Card,Annually,2,Medium Value,0.4861734693877551,Unsatisfied,Medium Loyalty,Low Risk,Adult,High,No
188,19,Male,Shoes,Footwear,94,Georgia,S,Purple,Spring,3.3,Yes,Store Pickup,Yes,Yes,1,Bank Transfer,Bi-Weekly,2,High Value,0.64125,Unsatisfied,Low Loyalty,Low Risk,Young Adult,High,No
189,50,Male,Hoodie,Clothing,53,Arkansas,M,Pink,Spring,3.1,Yes,Express,Yes,Yes,5,Bank Transfer,Bi-Weekly,2,Medium Value,0.4351147959183673,Unsatisfied,Low Loyalty,Low Risk,Mature,High,No
190,36,Male,Blouse,Clothing,82,West Virginia,M,Maroon,Fall,4.4,Yes,Next Day Air,Yes,Yes,4,Credit Card,Weekly,2,High Value,0.6171173469387755,Satisfied,Low Loyalty,Low Risk,Adult,High,No
191,65,Male,Coat,Outerwear,70,Indiana,XL,Beige,Fall,3.0,Yes,Free Shipping,Yes,Yes,48,Venmo,Quarterly,2,High Value,0.6940051020408162,Unsatisfied,High Loyalty,Low Risk,Mature,High,Yes
192,64,Male,Hat,Accessories,76,Utah,M,Gray,Fall,3.9,Yes,Free Shipping,Yes,Yes,29,Cash,Every 3 Months,2,High Value,0.6364285714285715,Unsatisfied,Low Loyalty,Low Risk,Mature,High,No
193,46,Male,Shoes,Footwear,29,Nebraska,L,Turquoise,Summer,2.9,Yes,Express,Yes,Yes,12,PayPal,Bi-Weekly,2,Low Value,0.34297193877551024,Unsatisfied,Low Loyalty,Low Risk,Mature,High,No
194,36,Male,Belt,Accessories,100,North Dakota,S,Silver,Fall,3.0,Yes,Standard,Yes,Yes,29,Venmo,Annually,2,High Value,0.7214285714285714,Unsatisfied,Low Loyalty,Low Risk,Adult,High,No
195,51,Male,Backpack,Accessories,94,Missouri,M,Olive,Spring,3.1,Yes,Express,Yes,Yes,15,Debit Card,Quarterly,2,High Value,0.6269642857142856,Unsatisfied,Low Loyalty,Low Risk,Mature,High,No
196,51,Male,Jacket,Outerwear,25,New York,M,Magenta,Fall,4.3,Yes,Free Shipping,Yes,Yes,34,Credit Card,Monthly,2,Medium Value,0.4051658163265306,Satisfied,Medium Loyalty,Low Risk,Mature,High,No
197,38,Male,Boots,Footwear,88,Washington,M,Lavender,Summer,3.9,Yes,Next Day Air,Yes,Yes,41,Credit Card,Fortnightly,2,High Value,0.8273979591836734,Unsatisfied,Medium Loyalty,Low Risk,Adult,High,No
198,59,Male,Scarf,Accessories,78,South Carolina,M,Black,Fall,3.2,Yes,2-Day Shipping,Yes,Yes,41,Credit Card,Monthly,2,High Value,0.7461479591836734,Unsatisfied,Medium Loyalty,Low Risk,Mature,High,No
199,57,Male,Jewelry,Accessories,45,Utah,M,Turquoise,Winter,4.8,Yes,Standard,Yes,Yes,39,Credit Card,Fortnightly,2,High Value,0.5732780612244898,Satisfied,Medium Loyalty,Low Risk,Mature,High,No
200,54,Male,Hat,Accessories,73,Idaho,XL,Green,Summer,3.8,Yes,Express,Yes,Yes,32,Cash,Weekly,2,High Value,0.7379209183673469,Unsatisfied,Medium Loyalty,Low Risk,Mature,High,No
201,25,Male,Dress,Clothing,61,Pennsylvania,S,Teal,Summer,3.3,Yes,Next Day Air,Yes,Yes,29,Venmo,Monthly,2,High Value,0.5770535714285715,Unsatisfied,Low Loyalty,Low Risk,Young Adult,High,No
202,69,Male,Blouse,Clothing,22,Missouri,S,Beige,Fall,4.3,Yes,Free Shipping,Yes,Yes,15,Bank Transfer,Annually,2,Low Value,0.1969642857142857,Satisfied,Low Loyalty,Low Risk,Mature,High,No
203,57,Male,Hat,Accessories,38,Nebraska,L,Magenta,Spring,2.7,Yes,Express,Yes,Yes,33,Venmo,Annually,2,Medium Value,0.39716836734693883,Unsatisfied,Medium Loyalty,Low Risk,Mature,High,No
204,70,Male,Scarf,Accessories,38,Indiana,S,Yellow,Fall,3.2,Yes,Next Day Air,Yes,Yes,18,Bank Transfer,Weekly,2,Medium Value,0.4553316326530612,Unsatisfied,Low Loyalty,Low Risk,Mature,High,No
205,24,Male,Sneakers,Footwear,100,Arizona,M,Yellow,Fall,4.0,Yes,Store Pickup,Yes,Yes,35,Cash,Bi-Weekly,2,High Value,0.8831632653061224,Satisfied,Medium Loyalty,Low Risk,Young Adult,High,No
206,67,Male,Shirt,Clothing,64,Hawaii,M,Silver,Winter,3.0,Yes,Standard,Yes,Yes,25,PayPal,Weekly,2,High Value,0.644438775510204,Unsatisfied,Low Loyalty,Low Risk,Mature,High,No
207,24,Male,T-shirt,Clothing,55,Wisconsin,L,Silver,Summer,4.2,Yes,Free Shipping,Yes,Yes,6,Venmo,Fortnightly,2,Medium Value,0.4274872448979592,Satisfied,Low Loyalty,Low Risk,Young Adult,High,No
208,62,Male,Gloves,Accessories,91,Rhode Island,M,Silver,Summer,2.9,Yes,Express,Yes,Yes,17,Bank Transfer,Bi-Weekly,2,High Value,0.7223341836734694,Unsatisfied,Low Loyalty,Low Risk,Mature,High,No
209,57,Male,Skirt,Clothing,38,Wisconsin,M,Gold,Spring,4.1,Yes,Store Pickup,Yes,Yes,17,Credit Card,Monthly,2,Low Value,0.37420918367346945,Satisfied,Low Loyalty,Low Risk,Mature,High,No
210,55,Male,Sandals,Footwear,97,Minnesota,S,Olive,Winter,3.2,Yes,Store Pickup,Yes,Yes,44,Cash,Every 3 Months,2,High Value,0.846390306122449,Unsatisfied,Medium Loyalty,Low Risk,Mature,High,No
211,45,Male,Jacket,Outerwear,22,Vermont,L,Teal,Fall,3.0,Yes,2-Day Shipping,Yes,Yes,6,PayPal,Fortnightly,2,Low Value,0.24186224489795918,Unsatisfied,Low Loyalty,Low Risk,Mature,High,No
212,69,Male,Skirt,Clothing,92,South Dakota,L,Maroon,Fall,4.2,Yes,2-Day Shipping,Yes,Yes,45,Debit Card,Fortnightly,2,High Value,0.8743877551020408,Satisfied,Medium Loyalty,Low Risk,Mature,High,No
213,67,Male,Handbag,Accessories,84,Virginia,L,Blue,Fall,4.2,Yes,Express,Yes,Yes,7,Debit Card,Annually,2,Medium Value,0.4967346938775511,Satisfied,Low Loyalty,Low Risk,Mature,High,No
214,30,Male,Handbag,Accessories,93,Nevada,L,Peach,Fall,4.4,Yes,Store Pickup,Yes,Yes,11,Debit Card,Every 3 Months,2,High Value,0.6218494897959185,Satisfied,Low Loyalty,Low Risk,Adult,High,No
215,24,Male,Jacket,Outerwear,50,Hawaii,L,Blue,Summer,4.2,Yes,Next Day Air,Yes,Yes,41,Cash,Every 3 Months,2,High Value,0.5636479591836735,Satisfied,Medium Loyalty,Low Risk,Young Adult,High,No
216,62,Male,Scarf,Accessories,64,New Jersey,S,Orange,Spring,2.8,Yes,2-Day Shipping,Yes,Yes,24,PayPal,Bi-Weekly,2,High Value,0.6133163265306122,Unsatisfied,Low Loyalty,Low Risk,Mature,High,No
217,43,Male,Shorts,Clothing,61,Massachusetts,L,Yellow,Spring,3.7,Yes,Free Shipping,Yes,Yes,21,Venmo,Weekly,2,High Value,0.6030739795918366,Unsatisfied,Low Loyalty,Low Risk,Mature,High,No
218,35,Male,Sunglasses,Accessories,48,Oklahoma,M,Purple,Winter,3.5,Yes,Next Day Air,Yes,Yes,24,Bank Transfer,Annually,2,Medium Value,0.39831632653061233,Unsatisfied,Low Loyalty,Low Risk,Adult,High,No
219,28,Male,T-shirt,Clothing,45,California,S,Magenta,Spring,2.9,Yes,Store Pickup,Yes,Yes,8,Credit Card,Quarterly,2,Low Value,0.3084821428571428,Unsatisfied,Low Loyalty,High Risk,Adult,High,No
220,32,Male,Belt,Accessories,88,Nevada,M,Cyan,Spring,3.0,Yes,Free Shipping,Yes,Yes,12,Cash,Fortnightly,2,High Value,0.6498469387755103,Unsatisfied,Low Loyalty,Low Risk,Adult,High,No
221,39,Male,Sneakers,Footwear,57,Arizona,S,Indigo,Spring,3.7,Yes,Express,Yes,Yes,48,Debit Card,Fortnightly,2,High Value,0.6958801020408163,Unsatisfied,High Loyalty,Low Risk,Adult,High,Yes
222,28,Male,Hat,Accessories,68,North Carolina,XL,Magenta,Summer,4.4,Yes,Store Pickup,Yes,Yes,6,Bank Transfer,Quarterly,2,Medium Value,0.42561224489795924,Satisfied,Low Loyalty,Low Risk,Adult,High,No
223,47,Male,Gloves,Accessories,94,New York,XL,Gray,Spring,4.5,Yes,2-Day Shipping,Yes,Yes,14,PayPal,Fortnightly,2,High Value,0.6958418367346938,Satisfied,Low Loyalty,Low Risk,Mature,High,No
224,20,Male,Pants,Clothing,41,Wyoming,M,Turquoise,Spring,4.8,Yes,Free Shipping,Yes,Yes,34,PayPal,Annually,2,Medium Value,0.4201658163265306,Satisfied,Medium Loyalty,Low Risk,Young Adult,High,No
225,63,Male,Socks,Clothing,83,South Dakota,S,Beige,Summer,2.9,Yes,Free Shipping,Yes,Yes,12,Cash,Every 3 Months,2,High Value,0.5717219387755103,Unsatisfied,Low Loyalty,Low Risk,Mature,High,No
226,25,Male,Jacket,Outerwear,22,Arkansas,M,Olive,Spring,3.2,Yes,Next Day Air,Yes,Yes,11,Bank Transfer,Annually,2,Low Value,0.17247448979591837,Unsatisfied,Low Loyalty,Low Risk,Young Adult,High,No
227,29,Male,Shoes,Footwear,74,Texas,L,Violet,Spring,3.3,Yes,Free Shipping,Yes,Yes,5,PayPal,Monthly,2,Medium Value,0.5032397959183674,Unsatisfied,Low Loyalty,Low Risk,Adult,High,No
228,50,Male,Jeans,Clothing,90,Rhode Island,M,Turquoise,Winter,4.2,Yes,Standard,Yes,Yes,25,Venmo,Fortnightly,2,High Value,0.7406887755102041,Satisfied,Low Loyalty,Low Risk,Mature,High,No
229,18,Male,Socks,Clothing,79,New Hampshire,M,White,Spring,2.9,Yes,Store Pickup,Yes,Yes,11,Credit Card,Annually,2,Medium Value,0.49309948979591844,Unsatisfied,Low Loyalty,Low Risk,Young Adult,High,No
230,70,Male,Sandals,Footwear,28,Ohio,S,Silver,Spring,4.6,Yes,Next Day Air,Yes,Yes,27,PayPal,Every 3 Months,2,Low Value,0.3541836734693877,Satisfied,Low Loyalty,Low Risk,Mature,High,No
231,66,Male,Scarf,Accessories,88,Utah,L,Olive,Fall,4.1,Yes,Standard,Yes,Yes,43,Credit Card,Annually,2,High Value,0.7396428571428572,Satisfied,Medium Loyalty,Low Risk,Mature,High,No
232,28,Male,Blouse,Clothing,26,Tennessee,M,Blue,Spring,3.1,Yes,2-Day Shipping,Yes,Yes,18,Debit Card,Every 3 Months,2,Low Value,0.2878316326530612,Unsatisfied,Low Loyalty,Low Risk,Adult,High,No
233,54,Male,Jewelry,Accessories,27,Hawaii,L,Purple,Winter,4.2,Yes,Express,Yes,Yes,32,Bank Transfer,Bi-Weekly,2,Medium Value,0.4541709183673469,Satisfied,Medium Loyalty,Low Risk,Mature,High,No
234,19,Male,Sweater,Clothing,83,Arizona,XL,Yellow,Fall,4.5,Yes,Next Day Air,Yes,Yes,27,Bank Transfer,Every 3 Months,2,High Value,0.6635586734693878,Satisfied,Low Loyalty,Low Risk,Young Adult,High,No
235,20,Male,Gloves,Accessories,39,South Dakota,S,Silver,Summer,3.7,Yes,Next Day Air,Yes,Yes,24,Credit Card,Weekly,2,Medium Value,0.4976913265306122,Unsatisfied,Low Loyalty,Low Risk,Young Adult,High,No
236,43,Male,Sunglasses,Accessories,89,New Jersey,M,Cyan,Winter,3.7,Yes,Free Shipping,Yes,Yes,31,Debit Card,Quarterly,2,High Value,0.6967984693877551,Unsatisfied,Medium Loyalty,Low Risk,Mature,High,No
237,38,Male,Coat,Outerwear,68,North Dakota,L,Green,Winter,3.4,Yes,Next Day Air,Yes,Yes,39,PayPal,Fortnightly,2,High Value,0.7026530612244898,Unsatisfied,Medium Loyalty,Low Risk,Adult,High,No
238,50,Male,Dress,Clothing,90,Iowa,M,Beige,Summer,3.0,Yes,Store Pickup,Yes,Yes,36,Debit Card,Fortnightly,2,High Value,0.8080357142857142,Unsatisfied,Medium Loyalty,Low Risk,Mature,High,No
239,64,Male,Skirt,Clothing,34,Ohio,M,Peach,Fall,4.2,Yes,Free Shipping,Yes,Yes,5,Cash,Annually,2,Low Value,0.20323979591836738,Satisfied,Low Loyalty,Low Risk,Mature,High,No
240,49,Male,Pants,Clothing,51,Vermont,L,Yellow,Summer,2.9,Yes,Express,Yes,Yes,47,Credit Card,Bi-Weekly,2,High Value,0.6810076530612245,Unsatisfied,High Loyalty,Low Risk,Mature,High,Yes
241,47,Male,Sweater,Clothing,45,Montana,XL,Turquoise,Winter,3.5,Yes,Free Shipping,Yes,Yes,29,Bank Transfer,Fortnightly,2,Medium Value,0.5120535714285713,Unsatisfied,Low Loyalty,Low Risk,Mature,High,No
242,36,Male,Hoodie,Clothing,88,Delaware,M,Peach,Winter,4.1,Yes,Free Shipping,Yes,Yes,43,Venmo,Bi-Weekly,2,High Value,0.8646428571428572,Satisfied,Medium Loyalty,Low Risk,Adult,High,No
243,55,Male,Coat,Outerwear,85,New York,L,Gray,Summer,4.3,Yes,Store Pickup,Yes,Yes,40,Debit Card,Every 3 Months,2,High Value,0.7544005102040816,Satisfied,Medium Loyalty,Low Risk,Mature,High,No
244,25,Male,Jewelry,Accessories,100,Kentucky,M,Olive,Winter,2.8,Yes,2-Day Shipping,Yes,Yes,4,Debit Card,Monthly,2,High Value,0.6433673469387755,Unsatisfied,Low Loyalty,High Risk,Young Adult,High,No
245,53,Male,Belt,Accessories,42,Oregon,S,Indigo,Spring,4.9,Yes,2-Day Shipping,Yes,Yes,39,PayPal,Weekly,2,High Value,0.6064030612244897,Satisfied,Medium Loyalty,Low Risk,Mature,High,No
246,49,Male,Sandals,Footwear,53,Rhode Island,L,Charcoal,Summer,3.3,Yes,Next Day Air,Yes,Yes,45,Venmo,Fortnightly,2,High Value,0.6550127551020408,Unsatisfied,Medium Loyalty,Low Risk,Mature,High,No
247,35,Male,Sunglasses,Accessories,86,Nevada,XL,Beige,Spring,3.2,Yes,Express,Yes,Yes,20,Venmo,Bi-Weekly,2,High Value,0.7125765306122448,Unsatisfied,Low Loyalty,Low Risk,Adult,High,No
248,29,Male,Sweater,Clothing,66,Montana,XL,Brown,Spring,4.4,Yes,Standard,Yes,Yes,14,Debit Card,Weekly,2,High Value,0.5883418367346939,Satisfied,Low Loyalty,Low Risk,Adult,High,No
249,47,Male,Belt,Accessories,100,Pennsylvania,M,Blue,Winter,4.8,Yes,Express,Yes,Yes,33,PayPal,Weekly,2,High Value,0.8959183673469387,Satisfied,Medium Loyalty,Low Risk,Mature,High,No
250,53,Male,Handbag,Accessories,47,Alaska,S,Teal,Fall,4.2,Yes,Standard,Yes,Yes,18,Credit Card,Annually,2,Low Value,0.3559566326530612,Satisfied,Low Loyalty,Low Risk,Mature,High,No
251,33,Male,Skirt,Clothing,25,Mississippi,L,Black,Fall,4.0,Yes,Express,Yes,Yes,9,Bank Transfer,Weekly,2,Low Value,0.3271045918367347,Satisfied,Low Loyalty,Low Risk,Adult,High,No
252,21,Male,Handbag,Accessories,51,Wyoming,XL,Gold,Winter,2.5,Yes,Standard,Yes,Yes,34,PayPal,Annually,2,Medium Value,0.47641581632653063,Unsatisfied,Medium Loyalty,Low Risk,Young Adult,High,No
253,32,Male,Shorts,Clothing,41,Delaware,M,Violet,Summer,3.9,Yes,Free Shipping,Yes,Yes,33,Venmo,Fortnightly,2,Medium Value,0.5140433673469388,Unsatisfied,Medium Loyalty,Low Risk,Adult,High,No
254,52,Male,Boots,Footwear,73,Oklahoma,L,Cyan,Winter,4.9,Yes,2-Day Shipping,Yes,Yes,15,Bank Transfer,Bi-Weekly,2,High Value,0.6088392857142857,Satisfied,Low Loyalty,Low Risk,Mature,High,No
255,67,Male,Sunglasses,Accessories,42,Indiana,M,White,Winter,3.5,Yes,Store Pickup,Yes,Yes,4,PayPal,Bi-Weekly,2,Low Value,0.3671173469387755,Unsatisfied,Low Loyalty,Low Risk,Mature,High,No
256,43,Male,Scarf,Accessories,20,Maryland,M,Charcoal,Spring,4.2,Yes,Free Shipping,Yes,Yes,25,Debit Card,Annually,2,Low Value,0.24693877551020407,Satisfied,Low Loyalty,Low Risk,Mature,High,No
257,58,Male,Jewelry,Accessories,30,South Dakota,XL,Violet,Spring,4.7,Yes,Express,Yes,Yes,20,Credit Card,Every 3 Months,2,Low Value,0.3225765306122449,Satisfied,Low Loyalty,Low Risk,Mature,High,No
258,20,Male,Handbag,Accessories,53,West Virginia,M,Red,Summer,4.5,Yes,Express,Yes,Yes,5,Credit Card,Quarterly,2,Low Value,0.33511479591836735,Satisfied,Low Loyalty,Low Risk,Young Adult,High,No
259,61,Male,Gloves,Accessories,74,Alabama,S,Lavender,Spring,2.8,Yes,Express,Yes,Yes,16,Cash,Quarterly,2,Medium Value,0.5205867346938776,Unsatisfied,Low Loyalty,Low Risk,Mature,High,No
260,32,Male,Jeans,Clothing,57,Louisiana,M,Gold,Fall,2.9,Yes,Standard,Yes,Yes,13,Debit Card,Annually,2,Low Value,0.381594387755102,Unsatisfied,Low Loyalty,Low Risk,Adult,High,No
261,38,Male,Hat,Accessories,57,Montana,S,Red,Winter,3.2,Yes,2-Day Shipping,Yes,Yes,11,Credit Card,Every 3 Months,2,Medium Value,0.41934948979591835,Unsatisfied,Low Loyalty,Low Risk,Adult,High,No
262,21,Male,Jeans,Clothing,77,California,L,Magenta,Winter,4.9,Yes,Standard,Yes,Yes,21,Credit Card,Annually,2,Medium Value,0.5430739795918367,Satisfied,Low Loyalty,Low Risk,Young Adult,High,No
263,37,Male,Pants,Clothing,40,Hawaii,M,Teal,Summer,3.8,Yes,Next Day Air,Yes,Yes,6,Debit Card,Annually,2,Low Value,0.24311224489795918,Unsatisfied,Low Loyalty,Low Risk,Adult,High,No
264,27,Male,Shorts,Clothing,46,Iowa,M,Purple,Summer,4.3,Yes,Store Pickup,Yes,Yes,29,Venmo,Monthly,2,Medium Value,0.4926785714285715,Satisfied,Low Loyalty,Low Risk,Adult,High,No
265,36,Male,Pants,Clothing,78,Colorado,S,Charcoal,Fall,3.9,Yes,Store Pickup,Yes,Yes,15,Cash,Annually,2,Medium Value,0.5119642857142858,Unsatisfied,Low Loyalty,Low Risk,Adult,High,No
266,32,Male,Backpack,Accessories,59,Michigan,M,Gray,Spring,3.2,Yes,2-Day Shipping,Yes,Yes,17,Bank Transfer,Bi-Weekly,2,Medium Value,0.5423341836734694,Unsatisfied,Low Loyalty,Low Risk,Adult,High,No
267,51,Male,Jewelry,Accessories,75,Louisiana,L,White,Summer,3.1,Yes,Express,Yes,Yes,32,Credit Card,Weekly,2,High Value,0.7491709183673468,Unsatisfied,Medium Loyalty,Low Risk,Mature,High,No
268,64,Male,Sweater,Clothing,54,Maryland,M,Olive,Spring,3.9,Yes,2-Day Shipping,Yes,Yes,42,Venmo,Annually,2,Medium Value,0.5422704081632653,Unsatisfied,Medium Loyalty,Low Risk,Mature,High,No
269,68,Male,Shoes,Footwear,42,Georgia,M,Charcoal,Spring,2.6,Yes,Store Pickup,Yes,Yes,21,Cash,Monthly,2,Medium Value,0.4211989795918367,Unsatisfied,Low Loyalty,Low Risk,Mature,High,No
270,68,Male,Blouse,Clothing,44,Georgia,M,Charcoal,Winter,3.3,Yes,Next Day Air,Yes,Yes,9,Cash,Bi-Weekly,2,Medium Value,0.4089795918367347,Unsatisfied,Low Loyalty,Low Risk,Mature,High,No
271,33,Male,Jeans,Clothing,52,North Dakota,XL,Orange,Fall,4.6,Yes,Free Shipping,Yes,Yes,16,Bank Transfer,Annually,2,Low Value,0.37183673469387757,Satisfied,Low Loyalty,Low Risk,Adult,High,No
272,65,Male,Sunglasses,Accessories,69,Maryland,XL,Yellow,Summer,4.6,Yes,Express,Yes,Yes,42,Credit Card,Fortnightly,2,High Value,0.7266454081632652,Satisfied,Medium Loyalty,Low Risk,Mature,High,No
273,48,Male,Jewelry,Accessories,26,Oregon,M,Beige,Summer,4.4,Yes,2-Day Shipping,Yes,Yes,37,Debit Card,Bi-Weekly,2,Medium Value,0.47915816326530614,Satisfied,Medium Loyalty,Low Risk,Mature,High,No
274,69,Male,Coat,Outerwear,33,North Dakota,S,Silver,Spring,4.2,Yes,Express,Yes,Yes,32,Debit Card,Quarterly,2,Low Value,0.387920918367347,Satisfied,Medium Loyalty,Low Risk,Mature,High,No
275,59,Male,Jewelry,Accessories,32,Maryland,M,Indigo,Spring,3.0,Yes,Express,Yes,Yes,28,Cash,Bi-Weekly,2,Medium Value,0.45780612244897956,Unsatisfied,Low Loyalty,Low Risk,Mature,High,No
276,48,Male,Backpack,Accessories,85,Virginia,XL,Lavender,Winter,4.0,Yes,Express,Yes,Yes,13,Credit Card,Weekly,2,High Value,0.689094387755102,Satisfied,Low Loyalty,Low Risk,Mature,High,No
277,25,Male,Skirt,Clothing,30,South Dakota,XL,Turquoise,Fall,3.5,Yes,Express,Yes,Yes,11,Bank Transfer,Fortnightly,2,Low Value,0.31747448979591836,Unsatisfied,Low Loyalty,Low Risk,Young Adult,High,No
278,29,Male,Shirt,Clothing,29,Georgia,M,Green,Winter,3.0,Yes,Store Pickup,Yes,Yes,36,Bank Transfer,Bi-Weekly,2,Medium Value,0.4899107142857143,Unsatisfied,Medium Loyalty,Low Risk,Adult,High,No
279,57,Male,Sweater,Clothing,95,Hawaii,M,Orange,Spring,3.7,Yes,Express,Yes,Yes,23,Debit Card,Annually,2,High Value,0.6565688775510203,Unsatisfied,Low Loyalty,Low Risk,Mature,High,No
280,23,Male,Sneakers,Footwear,69,Arkansas,L,Turquoise,Summer,4.0,Yes,Standard,Yes,Yes,37,Bank Transfer,Monthly,2,High Value,0.671033163265306,Satisfied,Medium Loyalty,Low Risk,Young Adult,High,No
281,45,Male,Sandals,Footwear,69,Montana,S,Cyan,Fall,4.2,Yes,2-Day Shipping,Yes,Yes,21,Cash,Bi-Weekly,2,High Value,0.6230739795918366,Satisfied,Low Loyalty,Low Risk,Mature,High,No
282,38,Male,Belt,Accessories,61,Oklahoma,XL,Charcoal,Spring,2.5,Yes,Standard,Yes,Yes,22,Debit Card,Bi-Weekly,2,High Value,0.5841964285714285,Unsatisfied,Low Loyalty,Low Risk,Adult,High,No
283,21,Male,Skirt,Clothing,94,Minnesota,M,Teal,Summer,3.0,Yes,2-Day Shipping,Yes,Yes,9,Cash,Monthly,2,High Value,0.6402295918367347,Unsatisfied,Low Loyalty,Low Risk,Young Adult,High,No
284,32,Male,Sweater,Clothing,30,Montana,S,Maroon,Fall,3.2,Yes,Next Day Air,Yes,Yes,16,Venmo,Annually,2,Low Value,0.24808673469387754,Unsatisfied,Low Loyalty,Low Risk,Adult,High,No
285,63,Male,Skirt,Clothing,45,Ohio,M,Red,Summer,3.5,Yes,Standard,Yes,Yes,4,PayPal,Quarterly,2,Low Value,0.2839923469387755,Unsatisfied,Low Loyalty,Low Risk,Mature,High,No
286,29,Male,Handbag,Accessories,39,Kentucky,XL,Yellow,Summer,4.8,Yes,Express,Yes,Yes,3,Debit Card,Bi-Weekly,2,Low Value,0.34411989795918374,Satisfied,Low Loyalty,Low Risk,Adult,High,No
287,27,Male,Jewelry,Accessories,51,Nebraska,L,Gray,Summer,2.6,Yes,Store Pickup,Yes,Yes,6,Debit Card,Annually,2,Low Value,0.30498724489795925,Unsatisfied,Low Loyalty,High Risk,Adult,High,No
288,56,Male,Scarf,Accessories,37,Delaware,L,Blue,Spring,3.4,Yes,2-Day Shipping,Yes,Yes,18,Venmo,Fortnightly,2,Medium Value,0.39970663265306117,Unsatisfied,Low Loyalty,Low Risk,Mature,High,No
289,30,Male,T-shirt,Clothing,62,North Carolina,M,Lavender,Winter,3.7,Yes,2-Day Shipping,Yes,Yes,34,Venmo,Bi-Weekly,2,High Value,0.6632908163265306,Unsatisfied,Medium Loyalty,Low Risk,Adult,High,No
290,49,Male,Coat,Outerwear,85,New York,M,Yellow,Fall,4.5,Yes,2-Day Shipping,Yes,Yes,26,Credit Card,Monthly,2,High Value,0.6936862244897959,Satisfied,Low Loyalty,Low Risk,Mature,High,No
291,58,Male,T-shirt,Clothing,33,Colorado,M,Indigo,Winter,3.7,Yes,Standard,Yes,Yes,50,PayPal,Weekly,2,High Value,0.623125,Unsatisfied,High Loyalty,Low Risk,Mature,High,Yes
292,57,Male,Dress,Clothing,26,Delaware,XL,Violet,Fall,3.3,Yes,Next Day Air,Yes,Yes,40,Bank Transfer,Monthly,2,Medium Value,0.4475255102040816,Unsatisfied,Medium Loyalty,Low Risk,Mature,High,No
293,60,Male,Shoes,Footwear,99,Utah,M,Green,Spring,4.7,Yes,Free Shipping,Yes,Yes,24,Cash,Quarterly,2,High Value,0.7101913265306122,Satisfied,Low Loyalty,Low Risk,Mature,High,No
294,69,Male,Handbag,Accessories,39,Connecticut,M,White,Spring,2.7,Yes,Express,Yes,Yes,33,PayPal,Annually,2,Medium Value,0.4027933673469388,Unsatisfied,Medium Loyalty,Low Risk,Mature,High,No
295,70,Male,Skirt,Clothing,20,New Jersey,M,Gold,Spring,4.6,Yes,Store Pickup,Yes,Yes,19,Credit Card,Every 3 Months,2,Low Value,0.2602040816326531,Satisfied,Low Loyalty,Low Risk,Mature,High,No
296,53,Male,Sunglasses,Accessories,42,West Virginia,M,Indigo,Winter,2.7,Yes,Store Pickup,Yes,Yes,24,Credit Card,Quarterly,2,Low Value,0.3895663265306123,Unsatisfied,Low Loyalty,Low Risk,Mature,High,No
297,25,Male,Sandals,Footwear,74,Indiana,S,Lavender,Spring,4.8,Yes,2-Day Shipping,Yes,Yes,19,Credit Card,Weekly,2,High Value,0.663954081632653,Satisfied,Low Loyalty,Low Risk,Young Adult,High,No
298,48,Male,Shoes,Footwear,26,Delaware,XL,Purple,Summer,4.4,Yes,Standard,Yes,Yes,4,Credit Card,Bi-Weekly,2,Low Value,0.27711734693877554,Satisfied,Low Loyalty,Low Risk,Mature,High,No
299,69,Male,T-shirt,Clothing,53,Maryland,M,Lavender,Winter,4.0,Yes,Standard,Yes,Yes,11,Venmo,Every 3 Months,2,Medium Value,0.3968494897959184,Satisfied,Low Loyalty,Low Risk,Mature,High,No
300,25,Male,Sneakers,Footwear,80,Pennsylvania,M,Maroon,Summer,3.2,Yes,Next Day Air,Yes,Yes,28,PayPal,Fortnightly,2,High Value,0.7028061224489796,Unsatisfied,Low Loyalty,Low Risk,Young Adult,High,No
301,29,Male,Hat,Accessories,98,Iowa,M,Teal,Spring,4.4,Yes,Store Pickup,Yes,Yes,24,PayPal,Weekly,2,High Value,0.8295663265306122,Satisfied,Low Loyalty,Low Risk,Adult,High,No
302,46,Male,Skirt,Clothing,95,Pennsylvania,M,Green,Spring,3.8,Yes,Standard,Yes,Yes,25,Credit Card,Every 3 Months,2,High Value,0.7188137755102041,Unsatisfied,Low Loyalty,Low Risk,Mature,High,No
303,37,Male,Sweater,Clothing,44,Delaware,L,Olive,Summer,3.6,Yes,Express,Yes,Yes,27,Bank Transfer,Every 3 Months,2,Medium Value,0.4441836734693878,Unsatisfied,Low Loyalty,Low Risk,Adult,High,No
304,20,Male,Sandals,Footwear,60,Oregon,M,Turquoise,Summer,3.3,Yes,Next Day Air,Yes,Yes,49,Venmo,Weekly,2,High Value,0.7688775510204081,Unsatisfied,High Loyalty,Low Risk,Young Adult,High,Yes
305,40,Male,Dress,Clothing,84,Oregon,M,Green,Winter,3.4,Yes,Next Day Air,Yes,Yes,45,Credit Card,Bi-Weekly,2,High Value,0.8543877551020408,Unsatisfied,Medium Loyalty,Low Risk,Adult,High,No
306,60,Male,Sweater,Clothing,59,Utah,M,Teal,Fall,3.5,Yes,2-Day Shipping,Yes,Yes,26,PayPal,Annually,2,Medium Value,0.47243622448979594,Unsatisfied,Low Loyalty,Low Risk,Mature,High,No
307,26,Male,Jacket,Outerwear,49,North Dakota,S,White,Summer,3.6,Yes,Express,Yes,Yes,4,Cash,Annually,2,Low Value,0.28149234693877556,Unsatisfied,Low Loyalty,Low Risk,Adult,High,No
308,29,Male,Gloves,Accessories,32,Florida,M,Orange,Winter,3.2,Yes,Free Shipping,Yes,Yes,3,Credit Card,Every 3 Months,2,Low Value,0.2297448979591837,Unsatisfied,Low Loyalty,Low Risk,Adult,High,No
309,66,Male,Handbag,Accessories,29,Maryland,M,Beige,Fall,3.7,Yes,Standard,Yes,Yes,45,Venmo,Bi-Weekly,2,Medium Value,0.5450127551020408,Unsatisfied,Medium Loyalty,Low Risk,Mature,High,No
310,66,Male,Dress,Clothing,22,Minnesota,M,Yellow,Spring,4.5,Yes,Standard,Yes,Yes,21,Cash,Fortnightly,2,Low Value,0.3336989795918367,Satisfied,Low Loyalty,Low Risk,Mature,High,No
311,56,Male,Pants,Clothing,85,Montana,M,Charcoal,Winter,4.6,Yes,Standard,Yes,Yes,50,Cash,Fortnightly,2,High Value,0.865625,Satisfied,High Loyalty,Low Risk,Mature,High,Yes
312,69,Male,Jeans,Clothing,52,Rhode Island,L,Silver,Winter,4.1,Yes,Store Pickup,Yes,Yes,19,Bank Transfer,Monthly,2,Medium Value,0.46520408163265314,Satisfied,Low Loyalty,Low Risk,Mature,High,No
313,38,Male,Pants,Clothing,89,Massachusetts,L,Green,Spring,3.4,Yes,Next Day Air,Yes,Yes,6,PayPal,Annually,2,Medium Value,0.5187372448979592,Unsatisfied,Low Loyalty,Low Risk,Adult,High,No
314,42,Male,Dress,Clothing,77,Vermont,M,Pink,Spring,3.7,Yes,Express,Yes,Yes,50,Credit Card,Every 3 Months,2,High Value,0.770625,Unsatisfied,High Loyalty,Low Risk,Mature,High,Yes
315,30,Male,Pants,Clothing,24,New Jersey,M,Purple,Summer,3.3,Yes,Store Pickup,Yes,Yes,17,Debit Card,Every 3 Months,2,Low Value,0.27045918367346944,Unsatisfied,Low Loyalty,Low Risk,Adult,High,No
316,66,Male,Jewelry,Accessories,24,Wisconsin,XL,Orange,Spring,4.5,Yes,Express,Yes,Yes,24,Debit Card,Annually,2,Low Value,0.26331632653061227,Satisfied,Low Loyalty,Low Risk,Mature,High,No
317,36,Male,Handbag,Accessories,22,California,M,Charcoal,Fall,3.3,Yes,Free Shipping,Yes,Yes,46,Venmo,Monthly,2,Medium Value,0.46176020408163265,Unsatisfied,Medium Loyalty,Low Risk,Adult,High,No
318,58,Male,Sweater,Clothing,82,West Virginia,L,Teal,Fall,4.3,Yes,Standard,Yes,Yes,42,Cash,Every 3 Months,2,High Value,0.7497704081632653,Satisfied,Medium Loyalty,Low Risk,Mature,High,No
319,45,Male,Backpack,Accessories,67,South Dakota,M,Beige,Winter,2.5,Yes,Standard,Yes,Yes,10,Cash,Annually,2,Medium Value,0.41947704081632653,Unsatisfied,Low Loyalty,Low Risk,Mature,High,No
320,47,Male,Shorts,Clothing,74,Maine,XL,White,Spring,2.6,Yes,Standard,Yes,Yes,1,Cash,Every 3 Months,2,Medium Value,0.45375,Unsatisfied,Low Loyalty,High Risk,Mature,High,No
321,66,Male,Jewelry,Accessories,72,Kansas,L,White,Summer,4.9,Yes,Standard,Yes,Yes,28,Debit Card,Quarterly,2,High Value,0.5828061224489797,Satisfied,Low Loyalty,Low Risk,Mature,High,No
322,41,Male,Sneakers,Footwear,36,Vermont,L,Orange,Summer,4.7,Yes,Free Shipping,Yes,Yes,48,Debit Card,Quarterly,2,Medium Value,0.5027551020408163,Satisfied,High Loyalty,Low Risk,Mature,High,No
323,41,Male,Belt,Accessories,95,Tennessee,S,Cyan,Winter,3.0,Yes,Standard,Yes,Yes,47,Credit Card,Monthly,2,High Value,0.8785076530612245,Unsatisfied,High Loyalty,Low Risk,Mature,High,Yes
324,66,Male,Hoodie,Clothing,78,Tennessee,M,Orange,Winter,3.5,Yes,Next Day Air,Yes,Yes,29,PayPal,Bi-Weekly,2,High Value,0.7226785714285714,Unsatisfied,Low Loyalty,Low Risk,Mature,High,No
325,37,Male,Shirt,Clothing,82,Wyoming,M,Olive,Summer,4.8,Yes,Standard,Yes,Yes,37,Venmo,Quarterly,2,High Value,0.6941581632653062,Satisfied,Medium Loyalty,Low Risk,Adult,High,No
326,70,Male,Pants,Clothing,70,Vermont,M,Charcoal,Winter,4.3,Yes,Free Shipping,Yes,Yes,38,Debit Card,Annually,2,High Value,0.6077806122448979,Satisfied,Medium Loyalty,Low Risk,Mature,High,No
327,62,Male,Scarf,Accessories,41,New Jersey,M,White,Fall,3.2,Yes,Store Pickup,Yes,Yes,48,Bank Transfer,Weekly,2,High Value,0.6558801020408163,Unsatisfied,High Loyalty,Low Risk,Mature,High,Yes
328,61,Male,Coat,Outerwear,42,Iowa,M,Teal,Summer,3.1,Yes,Free Shipping,Yes,Yes,36,PayPal,Weekly,2,High Value,0.5880357142857142,Unsatisfied,Medium Loyalty,Low Risk,Mature,High,No
329,48,Male,Coat,Outerwear,50,Florida,M,Yellow,Fall,2.8,Yes,Free Shipping,Yes,Yes,9,Credit Card,Weekly,2,Medium Value,0.4677295918367347,Unsatisfied,Low Loyalty,High Risk,Mature,High,No
330,70,Male,Socks,Clothing,31,Nevada,S,White,Summer,2.9,Yes,2-Day Shipping,Yes,Yes,34,Bank Transfer,Monthly,2,Medium Value,0.43891581632653065,Unsatisfied,Medium Loyalty,Low Risk,Mature,High,No
331,46,Male,Sweater,Clothing,51,North Dakota,M,Beige,Winter,3.8,Yes,Express,Yes,Yes,43,Venmo,Bi-Weekly,2,High Value,0.6565178571428572,Unsatisfied,Medium Loyalty,Low Risk,Mature,High,No
332,31,Male,Shirt,Clothing,98,Florida,L,Beige,Fall,3.3,Yes,Store Pickup,Yes,Yes,46,PayPal,Quarterly,2,High Value,0.8392602040816326,Unsatisfied,Medium Loyalty,Low Risk,Adult,High,No
333,19,Male,Shirt,Clothing,86,New York,M,Maroon,Winter,2.8,Yes,2-Day Shipping,Yes,Yes,5,Credit Card,Monthly,2,High Value,0.5707397959183673,Unsatisfied,Low Loyalty,High Risk,Young Adult,High,No
334,39,Male,Sweater,Clothing,64,Alaska,M,Teal,Winter,4.5,Yes,Standard,Yes,Yes,15,Bank Transfer,Bi-Weekly,2,High Value,0.5582142857142857,Satisfied,Low Loyalty,Low Risk,Adult,High,No
335,41,Male,Blouse,Clothing,46,Kansas,M,Lavender,Fall,2.6,Yes,Next Day Air,Yes,Yes,30,Credit Card,Annually,2,Medium Value,0.42380102040816325,Unsatisfied,Medium Loyalty,Low Risk,Mature,High,No
336,20,Male,Sweater,Clothing,85,Oregon,L,Maroon,Spring,3.7,Yes,Standard,Yes,Yes,44,Venmo,Every 3 Months,2,High Value,0.7788903061224489,Unsatisfied,Medium Loyalty,Low Risk,Young Adult,High,No
337,36,Male,Hat,Accessories,81,Rhode Island,S,Orange,Fall,4.4,Yes,Express,Yes,Yes,16,PayPal,Annually,2,Medium Value,0.5349617346938775,Satisfied,Low Loyalty,Low Risk,Adult,High,No
338,32,Male,Sweater,Clothing,59,New Mexico,M,Cyan,Winter,4.3,Yes,2-Day Shipping,Yes,Yes,16,Bank Transfer,Annually,2,Medium Value,0.4112117346938775,Satisfied,Low Loyalty,Low Risk,Adult,High,No
339,69,Male,Hoodie,Clothing,79,Massachusetts,M,Silver,Winter,3.5,Yes,Express,Yes,Yes,16,Cash,Weekly,2,High Value,0.6737117346938776,Unsatisfied,Low Loyalty,Low Risk,Mature,High,No
340,40,Male,Shorts,Clothing,33,Pennsylvania,M,Teal,Spring,3.8,Yes,2-Day Shipping,Yes,Yes,21,Credit Card,Every 3 Months,2,Low Value,0.3455739795918368,Unsatisfied,Low Loyalty,Low Risk,Adult,High,No
341,40,Male,Shorts,Clothing,47,New Jersey,L,Blue,Summer,3.5,Yes,Express,Yes,Yes,39,Venmo,Every 3 Months,2,Medium Value,0.5345280612244898,Unsatisfied,Medium Loyalty,Low Risk,Adult,High,No
342,20,Male,Hat,Accessories,20,Utah,S,Blue,Summer,4.6,Yes,Store Pickup,Yes,Yes,40,Debit Card,Bi-Weekly,2,Medium Value,0.4637755102040816,Satisfied,Medium Loyalty,Low Risk,Young Adult,High,No
343,64,Male,Coat,Outerwear,36,Kentucky,M,Olive,Spring,2.6,Yes,Next Day Air,Yes,Yes,48,Credit Card,Every 3 Months,2,Medium Value,0.5277551020408163,Unsatisfied,High Loyalty,Low Risk,Mature,High,No
344,27,Male,Sandals,Footwear,39,Nebraska,M,Purple,Summer,4.4,Yes,Next Day Air,Yes,Yes,26,Venmo,Monthly,2,Medium Value,0.43493622448979596,Satisfied,Low Loyalty,Low Risk,Adult,High,No
345,24,Male,Skirt,Clothing,71,Virginia,M,Charcoal,Winter,4.0,Yes,Standard,Yes,Yes,46,Debit Card,Monthly,2,High Value,0.7373852040816326,Satisfied,Medium Loyalty,Low Risk,Young Adult,High,No
346,48,Male,Shoes,Footwear,59,Wyoming,S,Olive,Winter,4.4,Yes,Next Day Air,Yes,Yes,27,Bank Transfer,Annually,2,Medium Value,0.47855867346938774,Satisfied,Low Loyalty,Low Risk,Mature,High,No
347,49,Male,Jeans,Clothing,50,New Mexico,L,Violet,Spring,4.7,Yes,Next Day Air,Yes,Yes,5,Cash,Weekly,2,Medium Value,0.44323979591836726,Satisfied,Low Loyalty,Low Risk,Mature,High,No
348,36,Male,Sandals,Footwear,41,Oregon,L,Red,Fall,3.9,Yes,Store Pickup,Yes,Yes,43,PayPal,Fortnightly,2,High Value,0.5752678571428571,Unsatisfied,Medium Loyalty,Low Risk,Adult,High,No
349,56,Male,Blouse,Clothing,59,South Carolina,M,Beige,Fall,2.7,Yes,Free Shipping,Yes,Yes,17,PayPal,Fortnightly,2,Medium Value,0.5173341836734694,Unsatisfied,Low Loyalty,Low Risk,Mature,High,No
350,37,Male,Hat,Accessories,87,Arizona,M,Green,Winter,3.7,Yes,2-Day Shipping,Yes,Yes,3,Bank Transfer,Bi-Weekly,2,High Value,0.6141198979591836,Unsatisfied,Low Loyalty,Low Risk,Adult,High,No
351,42,Male,Sweater,Clothing,68,Kentucky,M,Violet,Spring,2.6,Yes,2-Day Shipping,Yes,Yes,47,Bank Transfer,Fortnightly,2,High Value,0.7516326530612245,Unsatisfied,High Loyalty,Low Risk,Mature,High,Yes
352,28,Male,Skirt,Clothing,90,New York,M,Teal,Winter,3.9,Yes,Standard,Yes,Yes,24,Debit Card,Bi-Weekly,2,High Value,0.7595663265306122,Unsatisfied,Low Loyalty,Low Risk,Adult,High,No
353,27,Male,Jeans,Clothing,71,Texas,XL,Yellow,Fall,4.9,Yes,Next Day Air,Yes,Yes,12,Cash,Every 3 Months,2,Medium Value,0.5042219387755102,Satisfied,Low Loyalty,Low Risk,Adult,High,No
354,63,Male,Sneakers,Footwear,64,Missouri,L,Yellow,Fall,4.1,Yes,Store Pickup,Yes,Yes,35,Debit Card,Monthly,2,High Value,0.6306632653061224,Satisfied,Medium Loyalty,Low Risk,Mature,High,No
355,58,Male,Jewelry,Accessories,76,Pennsylvania,S,Olive,Fall,3.0,Yes,Free Shipping,Yes,Yes,42,Venmo,Weekly,2,High Value,0.8160204081632653,Unsatisfied,Medium Loyalty,Low Risk,Mature,High,No
356,37,Male,Jewelry,Accessories,42,Oregon,XL,Magenta,Fall,4.1,Yes,2-Day Shipping,Yes,Yes,1,PayPal,Every 3 Months,2,Low Value,0.27375000000000005,Satisfied,Low Loyalty,Low Risk,Adult,High,No
357,56,Male,Pants,Clothing,80,Nevada,L,Black,Spring,3.8,Yes,Standard,Yes,Yes,27,Cash,Weekly,2,High Value,0.7466836734693877,Unsatisfied,Low Loyalty,Low Risk,Mature,High,No
358,18,Male,Belt,Accessories,56,Arkansas,M,Olive,Spring,4.0,Yes,Standard,Yes,Yes,16,Credit Card,Bi-Weekly,2,Medium Value,0.5193367346938775,Satisfied,Low Loyalty,Low Risk,Young Adult,High,No
359,48,Male,Hat,Accessories,25,Minnesota,XL,Magenta,Summer,3.6,Yes,Express,Yes,Yes,36,Credit Card,Every 3 Months,2,Low Value,0.3924107142857143,Unsatisfied,Medium Loyalty,Low Risk,Mature,High,No
360,31,Male,Sneakers,Footwear,74,Georgia,M,Olive,Winter,3.0,Yes,Store Pickup,Yes,Yes,30,Credit Card,Every 3 Months,2,High Value,0.6313010204081633,Unsatisfied,Medium Loyalty,Low Risk,Adult,High,No
361,51,Male,Pants,Clothing,30,Rhode Island,M,Teal,Summer,3.0,Yes,Standard,Yes,Yes,18,Debit Card,Fortnightly,2,Low Value,0.36033163265306123,Unsatisfied,Low Loyalty,Low Risk,Mature,High,No
362,65,Male,T-shirt,Clothing,96,Nevada,M,White,Spring,2.6,Yes,Free Shipping,Yes,Yes,45,Cash,Annually,2,High Value,0.7968877551020409,Unsatisfied,Medium Loyalty,Low Risk,Mature,High,No
363,53,Male,Sneakers,Footwear,64,Texas,M,Charcoal,Fall,3.4,Yes,Free Shipping,Yes,Yes,1,Venmo,Fortnightly,2,Medium Value,0.4475,Unsatisfied,Low Loyalty,Low Risk,Mature,High,No
364,55,Male,Shorts,Clothing,88,Florida,L,Yellow,Winter,3.1,Yes,Free Shipping,Yes,Yes,42,Bank Transfer,Fortnightly,2,High Value,0.8335204081632652,Unsatisfied,Medium Loyalty,Low Risk,Mature,High,No
365,62,Male,Shoes,Footwear,88,North Dakota,L,Charcoal,Summer,3.0,Yes,Free Shipping,Yes,Yes,7,Venmo,Every 3 Months,2,High Value,0.5692346938775511,Unsatisfied,Low Loyalty,Low Risk,Mature,High,No
366,55,Male,Gloves,Accessories,88,West Virginia,XL,Gray,Summer,3.7,Yes,Standard,Yes,Yes,50,PayPal,Quarterly,2,High Value,0.8075000000000001,Unsatisfied,High Loyalty,Low Risk,Mature,High,Yes
367,64,Male,Socks,Clothing,36,Nebraska,M,Turquoise,Spring,3.5,Yes,Store Pickup,Yes,Yes,37,Venmo,Fortnightly,2,Medium Value,0.5104081632653061,Unsatisfied,Medium Loyalty,Low Risk,Mature,High,No
368,52,Male,Dress,Clothing,40,Tennessee,XL,Cyan,Spring,2.8,Yes,Store Pickup,Yes,Yes,18,Bank Transfer,Monthly,2,Low Value,0.39158163265306123,Unsatisfied,Low Loyalty,Low Risk,Mature,High,No
369,24,Male,Handbag,Accessories,39,Oklahoma,M,Charcoal,Spring,4.5,Yes,Standard,Yes,Yes,29,Cash,Monthly,2,Medium Value,0.4533035714285715,Satisfied,Low Loyalty,Low Risk,Young Adult,High,No
370,38,Male,Belt,Accessories,40,Wisconsin,M,Silver,Summer,3.3,Yes,Store Pickup,Yes,Yes,45,PayPal,Quarterly,2,Medium Value,0.5068877551020408,Unsatisfied,Medium Loyalty,Low Risk,Adult,High,No
371,59,Male,Scarf,Accessories,34,Oregon,M,Olive,Winter,3.4,Yes,Express,Yes,Yes,13,PayPal,Weekly,2,Medium Value,0.402219387755102,Unsatisfied,Low Loyalty,Low Risk,Mature,High,No
372,27,Male,Sneakers,Footwear,83,North Carolina,S,Pink,Winter,3.2,Yes,2-Day Shipping,Yes,Yes,47,PayPal,Monthly,2,High Value,0.8110076530612245,Unsatisfied,High Loyalty,Low Risk,Adult,High,Yes
373,24,Male,Sweater,Clothing,85,Pennsylvania,L,Orange,Summer,3.7,Yes,Standard,Yes,Yes,7,Debit Card,Weekly,2,High Value,0.652359693877551,Unsatisfied,Low Loyalty,Low Risk,Young Adult,High,No
374,23,Male,Coat,Outerwear,27,North Dakota,L,White,Summer,4.6,Yes,Express,Yes,Yes,11,Venmo,Bi-Weekly,2,Low Value,0.32559948979591835,Satisfied,Low Loyalty,Low Risk,Young Adult,High,No
375,69,Male,Jewelry,Accessories,78,Ohio,S,Purple,Spring,5.0,Yes,Store Pickup,Yes,Yes,39,Bank Transfer,Monthly,2,High Value,0.7339030612244898,Satisfied,Medium Loyalty,Low Risk,Mature,High,No
376,59,Male,Sunglasses,Accessories,32,Oklahoma,M,Olive,Summer,4.4,Yes,Standard,Yes,Yes,6,Debit Card,Quarterly,2,Low Value,0.2231122448979592,Satisfied,Low Loyalty,Low Risk,Mature,High,No
377,51,Male,Shoes,Footwear,51,South Carolina,S,Gray,Fall,4.9,Yes,Express,Yes,Yes,2,Venmo,Bi-Weekly,2,Medium Value,0.40549744897959183,Satisfied,Low Loyalty,Low Risk,Mature,High,No
378,63,Male,Scarf,Accessories,32,Maine,M,Silver,Spring,4.1,Yes,Standard,Yes,Yes,39,Credit Card,Every 3 Months,2,Medium Value,0.4501530612244897,Satisfied,Medium Loyalty,Low Risk,Mature,High,No
379,54,Male,Dress,Clothing,62,Nevada,L,Orange,Winter,4.9,Yes,Next Day Air,Yes,Yes,23,Credit Card,Monthly,2,Medium Value,0.5459438775510205,Satisfied,Low Loyalty,Low Risk,Mature,High,No
380,32,Male,T-shirt,Clothing,29,Montana,S,Magenta,Fall,4.7,Yes,2-Day Shipping,Yes,Yes,46,Debit Card,Bi-Weekly,2,Medium Value,0.5511352040816326,Satisfied,Medium Loyalty,Low Risk,Adult,High,No
381,39,Male,Backpack,Accessories,69,New Hampshire,XL,Beige,Fall,3.0,Yes,Store Pickup,Yes,Yes,19,Bank Transfer,Weekly,2,High Value,0.635829081632653,Unsatisfied,Low Loyalty,Low Risk,Adult,High,No
382,66,Male,Jewelry,Accessories,25,Maine,L,Lavender,Winter,3.4,Yes,Store Pickup,Yes,Yes,3,Credit Card,Every 3 Months,2,Low Value,0.1903698979591837,Unsatisfied,Low Loyalty,Low Risk,Mature,High,No
383,28,Male,Jeans,Clothing,76,California,M,Peach,Winter,3.2,Yes,Store Pickup,Yes,Yes,47,PayPal,Quarterly,2,High Value,0.7216326530612245,Unsatisfied,High Loyalty,Low Risk,Adult,High,Yes
384,50,Male,Sunglasses,Accessories,77,West Virginia,S,Magenta,Fall,3.8,Yes,Standard,Yes,Yes,6,PayPal,Quarterly,2,Medium Value,0.47623724489795916,Unsatisfied,Low Loyalty,Low Risk,Mature,High,No
385,70,Male,Sweater,Clothing,33,California,M,Beige,Fall,4.5,Yes,2-Day Shipping,Yes,Yes,6,Venmo,Annually,2,Low Value,0.20373724489795922,Satisfied,Low Loyalty,Low Risk,Mature,High,No
386,67,Male,Shorts,Clothing,93,West Virginia,S,Yellow,Fall,2.7,Yes,Next Day Air,Yes,Yes,12,Credit Card,Bi-Weekly,2,High Value,0.7029719387755102,Unsatisfied,Low Loyalty,Low Risk,Mature,High,No
387,64,Male,Jewelry,Accessories,39,Louisiana,L,Brown,Spring,3.4,Yes,Express,Yes,Yes,40,PayPal,Quarterly,2,Medium Value,0.47065051020408166,Unsatisfied,Medium Loyalty,Low Risk,Mature,High,No
388,45,Male,Coat,Outerwear,93,Georgia,L,Silver,Summer,4.6,Yes,Store Pickup,Yes,Yes,38,PayPal,Fortnightly,2,High Value,0.837155612244898,Satisfied,Medium Loyalty,Low Risk,Mature,High,No
389,22,Male,Handbag,Accessories,82,Washington,M,Orange,Summer,2.7,Yes,Store Pickup,Yes,Yes,10,PayPal,Quarterly,2,Medium Value,0.5288520408163266,Unsatisfied,Low Loyalty,Low Risk,Young Adult,High,No
390,27,Male,Boots,Footwear,42,Virginia,L,Purple,Spring,4.2,Yes,Standard,Yes,Yes,28,Bank Transfer,Monthly,2,Medium Value,0.46405612244897965,Satisfied,Low Loyalty,Low Risk,Adult,High,No
391,25,Male,Gloves,Accessories,71,Indiana,M,Indigo,Winter,3.2,Yes,2-Day Shipping,Yes,Yes,19,PayPal,Annually,2,Medium Value,0.49707908163265313,Unsatisfied,Low Loyalty,Low Risk,Young Adult,High,No
392,37,Male,Sweater,Clothing,86,Minnesota,L,Gray,Spring,4.8,Yes,Standard,Yes,Yes,25,Cash,Fortnightly,2,High Value,0.718188775510204,Satisfied,Low Loyalty,Low Risk,Adult,High,No
393,26,Male,T-shirt,Clothing,82,Idaho,XL,Black,Spring,3.3,Yes,Next Day Air,Yes,Yes,38,Credit Card,Annually,2,High Value,0.675280612244898,Unsatisfied,Medium Loyalty,Low Risk,Adult,High,No
394,33,Male,Shoes,Footwear,65,Vermont,L,Maroon,Fall,4.2,Yes,Standard,Yes,Yes,6,PayPal,Fortnightly,2,Medium Value,0.4837372448979591,Satisfied,Low Loyalty,Low Risk,Adult,High,No
395,43,Male,Scarf,Accessories,29,North Dakota,M,Beige,Spring,4.8,Yes,Store Pickup,Yes,Yes,7,Debit Card,Bi-Weekly,2,Low Value,0.312359693877551,Satisfied,Low Loyalty,Low Risk,Mature,High,No
396,37,Male,Sneakers,Footwear,65,Rhode Island,L,Brown,Winter,4.9,Yes,Store Pickup,Yes,Yes,2,PayPal,Annually,2,Low Value,0.3592474489795918,Satisfied,Low Loyalty,Low Risk,Adult,High,No
397,46,Male,Dress,Clothing,88,South Carolina,S,Black,Fall,3.9,Yes,Standard,Yes,Yes,24,Bank Transfer,Annually,2,High Value,0.6233163265306123,Unsatisfied,Low Loyalty,Low Risk,Mature,High,No
398,22,Male,Belt,Accessories,46,Mississippi,M,Indigo,Fall,3.0,Yes,Free Shipping,Yes,Yes,26,Cash,Annually,2,Medium Value,0.39931122448979595,Unsatisfied,Low Loyalty,Low Risk,Young Adult,High,No
399,20,Male,Boots,Footwear,67,Montana,S,Silver,Winter,4.6,Yes,Free Shipping,Yes,Yes,25,Debit Card,Every 3 Months,2,High Value,0.5613137755102041,Satisfied,Low Loyalty,Low Risk,Young Adult,High,No
400,60,Male,Scarf,Accessories,35,Idaho,L,Blue,Fall,3.5,Yes,2-Day Shipping,Yes,Yes,10,Debit Card,Monthly,2,Low Value,0.31447704081632655,Unsatisfied,Low Loyalty,Low Risk,Mature,High,No
401,39,Male,Boots,Footwear,66,Utah,M,Green,Winter,4.8,Yes,Free Shipping,Yes,Yes,14,PayPal,Fortnightly,2,Medium Value,0.5383418367346938,Satisfied,Low Loyalty,Low Risk,Adult,High,No
402,43,Male,T-shirt,Clothing,91,Oklahoma,L,Orange,Fall,4.8,Yes,Standard,Yes,Yes,21,Cash,Quarterly,2,High Value,0.6468239795918367,Satisfied,Low Loyalty,Low Risk,Mature,High,No
403,31,Male,Backpack,Accessories,78,California,L,Cyan,Fall,3.0,Yes,Express,Yes,Yes,26,PayPal,Monthly,2,High Value,0.6543112244897958,Unsatisfied,Low Loyalty,Low Risk,Adult,High,No
404,19,Male,Sneakers,Footwear,45,Nevada,M,Orange,Winter,4.5,Yes,Next Day Air,Yes,Yes,12,Bank Transfer,Annually,2,Low Value,0.3079719387755102,Satisfied,Low Loyalty,Low Risk,Young Adult,High,No
405,35,Male,T-shirt,Clothing,93,Delaware,M,Indigo,Spring,4.8,Yes,Store Pickup,Yes,Yes,11,Credit Card,Monthly,2,High Value,0.6468494897959184,Satisfied,Low Loyalty,Low Risk,Adult,High,No
406,41,Male,Jeans,Clothing,74,South Carolina,S,Silver,Summer,3.8,Yes,Standard,Yes,Yes,15,Cash,Annually,2,Medium Value,0.4894642857142857,Unsatisfied,Low Loyalty,Low Risk,Mature,High,No
407,52,Male,Gloves,Accessories,55,Maryland,M,Peach,Spring,4.6,Yes,Express,Yes,Yes,13,Cash,Monthly,2,Medium Value,0.4453443877551021,Satisfied,Low Loyalty,Low Risk,Mature,High,No
408,45,Male,Hoodie,Clothing,76,North Carolina,XL,Teal,Spring,3.1,Yes,Next Day Air,Yes,Yes,5,Credit Card,Bi-Weekly,2,High Value,0.5644897959183675,Unsatisfied,Low Loyalty,Low Risk,Mature,High,No
409,34,Male,Sneakers,Footwear,66,Alabama,L,White,Spring,3.4,Yes,Express,Yes,Yes,36,Cash,Fortnightly,2,High Value,0.6730357142857143,Unsatisfied,Medium Loyalty,Low Risk,Adult,High,No
410,35,Male,Shorts,Clothing,51,Minnesota,M,Brown,Winter,3.3,Yes,2-Day Shipping,Yes,Yes,32,Bank Transfer,Monthly,2,Medium Value,0.539170918367347,Unsatisfied,Medium Loyalty,Low Risk,Adult,High,No
411,29,Male,Sweater,Clothing,26,Virginia,L,Lavender,Spring,4.8,Yes,2-Day Shipping,Yes,Yes,1,Credit Card,Quarterly,2,Low Value,0.15875,Satisfied,Low Loyalty,Low Risk,Adult,High,No
412,59,Male,Jeans,Clothing,29,Michigan,M,Indigo,Summer,2.8,Yes,Express,Yes,Yes,15,PayPal,Annually,2,Low Value,0.23633928571428572,Unsatisfied,Low Loyalty,Low Risk,Mature,High,No
413,24,Male,Jacket,Outerwear,74,Maine,M,Yellow,Summer,3.1,Yes,Store Pickup,Yes,Yes,3,Bank Transfer,Weekly,2,High Value,0.5659948979591837,Unsatisfied,Low Loyalty,Low Risk,Young Adult,High,No
414,70,Male,Jewelry,Accessories,99,Nevada,S,White,Summer,4.6,Yes,Free Shipping,Yes,Yes,48,Cash,Monthly,2,High Value,0.9071301020408162,Satisfied,High Loyalty,Low Risk,Mature,High,Yes
415,29,Male,Backpack,Accessories,88,Wyoming,L,Violet,Winter,2.6,Yes,Store Pickup,Yes,Yes,30,Debit Card,Weekly,2,High Value,0.8100510204081631,Unsatisfied,Medium Loyalty,Low Risk,Adult,High,No
416,67,Male,Coat,Outerwear,31,Connecticut,M,Lavender,Winter,2.6,Yes,Express,Yes,Yes,40,Bank Transfer,Monthly,2,Medium Value,0.47565051020408156,Unsatisfied,Medium Loyalty,Low Risk,Mature,High,No
417,36,Male,Belt,Accessories,55,Oregon,L,Olive,Spring,3.8,Yes,Free Shipping,Yes,Yes,24,Bank Transfer,Fortnightly,2,Medium Value,0.5376913265306122,Unsatisfied,Low Loyalty,Low Risk,Adult,High,No
418,23,Male,Sandals,Footwear,81,Mississippi,L,Beige,Fall,4.5,Yes,Free Shipping,Yes,Yes,48,Debit Card,Quarterly,2,High Value,0.7558801020408163,Satisfied,High Loyalty,Low Risk,Young Adult,High,Yes
419,18,Male,Sweater,Clothing,73,Illinois,L,Purple,Spring,3.0,Yes,Standard,Yes,Yes,27,Venmo,Bi-Weekly,2,High Value,0.6823086734693877,Unsatisfied,Low Loyalty,Low Risk,Young Adult,High,No
420,53,Male,Shorts,Clothing,91,Utah,S,Teal,Winter,3.8,Yes,Free Shipping,Yes,Yes,14,Credit Card,Every 3 Months,2,High Value,0.6289668367346939,Unsatisfied,Low Loyalty,Low Risk,Mature,High,No
421,32,Male,Socks,Clothing,54,North Carolina,S,Peach,Spring,3.8,Yes,Free Shipping,Yes,Yes,18,Debit Card,Bi-Weekly,2,Medium Value,0.5203316326530613,Unsatisfied,Low Loyalty,Low Risk,Adult,High,No
422,38,Male,Shirt,Clothing,40,Kentucky,M,Violet,Winter,3.5,Yes,Standard,Yes,Yes,48,Cash,Bi-Weekly,2,High Value,0.6252551020408162,Unsatisfied,High Loyalty,Low Risk,Adult,High,Yes
423,47,Male,Pants,Clothing,59,Minnesota,M,Purple,Fall,3.1,Yes,Store Pickup,Yes,Yes,32,Debit Card,Annually,2,Medium Value,0.509170918367347,Unsatisfied,Medium Loyalty,Low Risk,Mature,High,No
424,46,Male,Scarf,Accessories,26,New York,L,Teal,Spring,3.0,Yes,Store Pickup,Yes,Yes,21,Credit Card,Bi-Weekly,2,Low Value,0.3811989795918367,Unsatisfied,Low Loyalty,Low Risk,Mature,High,No
425,66,Male,Sweater,Clothing,23,Illinois,M,Gold,Winter,4.3,Yes,Standard,Yes,Yes,42,PayPal,Fortnightly,2,Medium Value,0.46789540816326525,Satisfied,Medium Loyalty,Low Risk,Mature,High,No
426,40,Male,Jeans,Clothing,87,North Dakota,S,Teal,Winter,3.3,Yes,Store Pickup,Yes,Yes,4,Credit Card,Quarterly,2,Medium Value,0.5202423469387756,Unsatisfied,Low Loyalty,Low Risk,Adult,High,No
427,43,Male,Pants,Clothing,71,Louisiana,M,Violet,Winter,4.7,Yes,Express,Yes,Yes,19,Credit Card,Quarterly,2,Medium Value,0.5220790816326532,Satisfied,Low Loyalty,Low Risk,Mature,High,No
428,58,Male,Backpack,Accessories,91,Illinois,L,Black,Winter,4.5,Yes,Store Pickup,Yes,Yes,6,Credit Card,Quarterly,2,High Value,0.5549872448979591,Satisfied,Low Loyalty,Low Risk,Mature,High,No
429,21,Male,Coat,Outerwear,64,Wyoming,XL,Gold,Winter,2.9,Yes,Free Shipping,Yes,Yes,2,Debit Card,Fortnightly,2,Medium Value,0.4536224489795918,Unsatisfied,Low Loyalty,High Risk,Young Adult,High,No
430,42,Male,Sandals,Footwear,94,Washington,M,Gold,Winter,4.1,Yes,2-Day Shipping,Yes,Yes,21,Cash,Fortnightly,2,High Value,0.7386989795918367,Satisfied,Low Loyalty,Low Risk,Mature,High,No
431,24,Male,Shirt,Clothing,40,Texas,M,Brown,Summer,3.5,Yes,Store Pickup,Yes,Yes,40,Debit Card,Annually,2,Medium Value,0.45127551020408163,Unsatisfied,Medium Loyalty,Low Risk,Young Adult,High,No
432,43,Male,Hat,Accessories,76,New Hampshire,L,Cyan,Winter,3.4,Yes,Store Pickup,Yes,Yes,33,Cash,Fortnightly,2,High Value,0.7109183673469388,Unsatisfied,Medium Loyalty,Low Risk,Mature,High,No
433,47,Male,Shirt,Clothing,86,Indiana,S,Indigo,Fall,3.3,Yes,Free Shipping,Yes,Yes,26,Venmo,Weekly,2,High Value,0.7743112244897957,Unsatisfied,Low Loyalty,Low Risk,Mature,High,No
434,49,Male,Skirt,Clothing,92,Alabama,M,Orange,Fall,3.2,Yes,Store Pickup,Yes,Yes,23,Credit Card,Fortnightly,2,High Value,0.7396938775510205,Unsatisfied,Low Loyalty,Low Risk,Mature,High,No
435,50,Male,Shoes,Footwear,52,Oklahoma,L,Pink,Spring,4.0,Yes,Store Pickup,Yes,Yes,39,PayPal,Every 3 Months,2,High Value,0.5626530612244898,Satisfied,Medium Loyalty,Low Risk,Mature,High,No
436,51,Male,Coat,Outerwear,28,Montana,XL,Olive,Winter,3.6,Yes,Next Day Air,Yes,Yes,42,Bank Transfer,Monthly,2,Medium Value,0.4710204081632653,Unsatisfied,Medium Loyalty,Low Risk,Mature,High,No
437,40,Male,Pants,Clothing,46,Tennessee,L,Cyan,Summer,4.6,Yes,Free Shipping,Yes,Yes,41,Bank Transfer,Weekly,2,High Value,0.6411479591836734,Satisfied,Medium Loyalty,Low Risk,Adult,High,No
438,45,Male,Jewelry,Accessories,50,New Mexico,M,Peach,Summer,2.6,Yes,Next Day Air,Yes,Yes,41,PayPal,Annually,2,Medium Value,0.5136479591836735,Unsatisfied,Medium Loyalty,Low Risk,Mature,High,No
439,52,Male,Belt,Accessories,23,Iowa,M,Turquoise,Winter,4.3,Yes,Express,Yes,Yes,12,Credit Card,Fortnightly,2,Low Value,0.2842219387755102,Satisfied,Low Loyalty,Low Risk,Mature,High,No
440,62,Male,Jacket,Outerwear,50,Idaho,M,Turquoise,Summer,3.4,Yes,Free Shipping,Yes,Yes,31,Cash,Monthly,2,Medium Value,0.5274234693877551,Unsatisfied,Medium Loyalty,Low Risk,Mature,High,No
441,20,Male,Shirt,Clothing,89,Oklahoma,XL,Maroon,Winter,3.5,Yes,Store Pickup,Yes,Yes,34,Debit Card,Fortnightly,2,High Value,0.7901658163265306,Unsatisfied,Medium Loyalty,Low Risk,Young Adult,High,No
442,43,Male,Hoodie,Clothing,81,Florida,M,Maroon,Winter,4.2,Yes,Standard,Yes,Yes,32,Credit Card,Annually,2,High Value,0.6329209183673469,Satisfied,Medium Loyalty,Low Risk,Mature,High,No
443,29,Male,Sunglasses,Accessories,69,Michigan,M,Olive,Fall,3.8,Yes,Store Pickup,Yes,Yes,31,Credit Card,Quarterly,2,High Value,0.5842984693877551,Unsatisfied,Medium Loyalty,Low Risk,Adult,High,No
444,22,Male,Sunglasses,Accessories,67,Hawaii,M,Magenta,Summer,3.6,Yes,Free Shipping,Yes,Yes,24,PayPal,Annually,2,Medium Value,0.5051913265306123,Unsatisfied,Low Loyalty,Low Risk,Young Adult,High,No
445,48,Male,Dress,Clothing,20,California,M,Red,Summer,4.3,Yes,Store Pickup,Yes,Yes,31,Debit Card,Annually,2,Low Value,0.28367346938775506,Satisfied,Medium Loyalty,Low Risk,Mature,High,No
446,42,Male,Boots,Footwear,29,Iowa,M,Olive,Fall,4.9,Yes,Standard,Yes,Yes,18,Venmo,Annually,2,Low Value,0.25470663265306126,Satisfied,Low Loyalty,Low Risk,Mature,High,No
447,19,Male,Shirt,Clothing,74,West Virginia,M,Silver,Summer,4.1,Yes,Store Pickup,Yes,Yes,15,Venmo,Monthly,2,High Value,0.5644642857142858,Satisfied,Low Loyalty,Low Risk,Young Adult,High,No
448,60,Male,Shorts,Clothing,82,Washington,S,Turquoise,Spring,3.6,Yes,Standard,Yes,Yes,7,Bank Transfer,Every 3 Months,2,Medium Value,0.535484693877551,Unsatisfied,Low Loyalty,Low Risk,Mature,High,No
449,32,Male,Gloves,Accessories,23,Missouri,M,Yellow,Summer,3.4,Yes,Next Day Air,Yes,Yes,35,Bank Transfer,Fortnightly,2,Medium Value,0.42503826530612243,Unsatisfied,Medium Loyalty,Low Risk,Adult,High,No
450,26,Male,Jewelry,Accessories,45,New York,L,Peach,Summer,2.9,Yes,2-Day Shipping,Yes,Yes,35,Bank Transfer,Monthly,2,Medium Value,0.5237882653061224,Unsatisfied,Medium Loyalty,Low Risk,Adult,High,No
451,25,Male,Boots,Footwear,21,Connecticut,L,Beige,Summer,2.7,Yes,Store Pickup,Yes,Yes,19,Credit Card,Monthly,2,Low Value,0.2908290816326531,Unsatisfied,Low Loyalty,Low Risk,Young Adult,High,No
452,66,Male,Jewelry,Accessories,31,Virginia,M,Pink,Summer,4.3,Yes,Express,Yes,Yes,26,Credit Card,Fortnightly,2,Medium Value,0.41493622448979595,Satisfied,Low Loyalty,Low Risk,Mature,High,No
453,45,Male,Pants,Clothing,45,Missouri,M,Violet,Summer,3.8,Yes,Express,Yes,Yes,39,PayPal,Fortnightly,2,High Value,0.5732780612244898,Unsatisfied,Medium Loyalty,Low Risk,Mature,High,No
454,54,Male,Jewelry,Accessories,56,Nebraska,XL,Peach,Winter,2.8,Yes,Next Day Air,Yes,Yes,22,Credit Card,Weekly,2,High Value,0.5810714285714286,Unsatisfied,Low Loyalty,Low Risk,Mature,High,No
455,37,Male,Jacket,Outerwear,97,New Jersey,S,Gold,Summer,3.2,Yes,Next Day Air,Yes,Yes,14,Cash,Bi-Weekly,2,High Value,0.7377168367346939,Unsatisfied,Low Loyalty,Low Risk,Adult,High,No
456,54,Male,Blouse,Clothing,100,Utah,XL,Gold,Fall,3.6,Yes,Store Pickup,Yes,Yes,50,Debit Card,Fortnightly,2,High Value,0.95,Unsatisfied,High Loyalty,Low Risk,Mature,High,Yes
457,50,Male,Blouse,Clothing,96,North Carolina,S,Indigo,Fall,4.0,Yes,2-Day Shipping,Yes,Yes,33,Credit Card,Quarterly,2,High Value,0.7484183673469389,Satisfied,Medium Loyalty,Low Risk,Mature,High,No
458,25,Male,Gloves,Accessories,99,Rhode Island,M,Blue,Spring,4.9,Yes,Next Day Air,Yes,Yes,48,Debit Card,Every 3 Months,2,High Value,0.8821301020408163,Satisfied,High Loyalty,Low Risk,Young Adult,High,Yes
459,47,Male,Shorts,Clothing,91,Arkansas,L,Black,Winter,4.0,Yes,2-Day Shipping,Yes,Yes,48,PayPal,Monthly,2,High Value,0.8621301020408162,Satisfied,High Loyalty,Low Risk,Mature,High,Yes
460,63,Male,Hat,Accessories,30,Maryland,L,Black,Winter,3.8,Yes,Standard,Yes,Yes,27,PayPal,Fortnightly,2,Medium Value,0.41543367346938775,Unsatisfied,Low Loyalty,Low Risk,Mature,High,No
461,64,Male,Shoes,Footwear,65,South Carolina,L,Teal,Summer,3.8,Yes,Store Pickup,Yes,Yes,27,Bank Transfer,Weekly,2,High Value,0.6623086734693876,Unsatisfied,Low Loyalty,Low Risk,Mature,High,No
462,18,Male,Boots,Footwear,93,Ohio,M,Yellow,Winter,3.9,Yes,Express,Yes,Yes,20,Venmo,Weekly,2,High Value,0.7769515306122449,Unsatisfied,Low Loyalty,Low Risk,Young Adult,High,No
463,59,Male,Jacket,Outerwear,81,Illinois,M,White,Fall,3.3,Yes,Express,Yes,Yes,48,Venmo,Every 3 Months,2,High Value,0.7808801020408164,Unsatisfied,High Loyalty,Low Risk,Mature,High,Yes
464,37,Male,Jewelry,Accessories,81,Georgia,S,Orange,Summer,2.7,Yes,Standard,Yes,Yes,29,Venmo,Weekly,2,High Value,0.7645535714285713,Unsatisfied,Low Loyalty,Low Risk,Adult,High,No
465,23,Male,Sunglasses,Accessories,52,Alabama,M,Silver,Winter,4.7,Yes,Next Day Air,Yes,Yes,45,PayPal,Monthly,2,High Value,0.6243877551020407,Satisfied,Medium Loyalty,Low Risk,Young Adult,High,No
466,54,Male,Skirt,Clothing,88,Oklahoma,M,Pink,Summer,2.8,Yes,Next Day Air,Yes,Yes,25,Cash,Quarterly,2,High Value,0.6544387755102041,Unsatisfied,Low Loyalty,Low Risk,Mature,High,No
467,38,Male,Jeans,Clothing,24,Vermont,L,Turquoise,Winter,4.6,Yes,Free Shipping,Yes,Yes,25,PayPal,Weekly,2,Medium Value,0.41943877551020403,Satisfied,Low Loyalty,Low Risk,Adult,High,No
468,19,Male,Backpack,Accessories,51,Nebraska,S,Orange,Spring,4.5,Yes,2-Day Shipping,Yes,Yes,37,Debit Card,Every 3 Months,2,Medium Value,0.5447831632653062,Satisfied,Medium Loyalty,Low Risk,Young Adult,High,No
469,34,Male,Backpack,Accessories,38,Georgia,S,Peach,Fall,5.0,Yes,Free Shipping,Yes,Yes,16,Cash,Quarterly,2,Low Value,0.31808673469387755,Satisfied,Low Loyalty,Low Risk,Adult,High,No
470,21,Male,Shorts,Clothing,46,Alabama,L,Pink,Fall,4.1,Yes,2-Day Shipping,Yes,Yes,30,Debit Card,Bi-Weekly,2,Medium Value,0.5488010204081633,Satisfied,Medium Loyalty,Low Risk,Young Adult,High,No
471,50,Male,Dress,Clothing,63,Minnesota,L,Teal,Summer,4.6,Yes,Express,Yes,Yes,6,Cash,Every 3 Months,2,Medium Value,0.4224872448979592,Satisfied,Low Loyalty,Low Risk,Mature,High,No
472,55,Male,Scarf,Accessories,72,Missouri,XL,White,Winter,4.9,Yes,2-Day Shipping,Yes,Yes,36,Bank Transfer,Quarterly,2,High Value,0.6317857142857143,Satisfied,Medium Loyalty,Low Risk,Mature,High,No
473,20,Male,Jeans,Clothing,39,Georgia,L,Gray,Winter,3.9,Yes,Free Shipping,Yes,Yes,3,Bank Transfer,Quarterly,2,Low Value,0.2441198979591837,Unsatisfied,Low Loyalty,Low Risk,Young Adult,High,No
474,34,Male,Coat,Outerwear,42,West Virginia,L,Olive,Spring,3.9,Yes,Store Pickup,Yes,Yes,29,PayPal,Every 3 Months,2,Medium Value,0.4451785714285714,Unsatisfied,Low Loyalty,Low Risk,Adult,High,No
475,62,Male,Sweater,Clothing,76,Arkansas,XL,Maroon,Summer,2.6,Yes,2-Day Shipping,Yes,Yes,15,Cash,Quarterly,2,Medium Value,0.5257142857142858,Unsatisfied,Low Loyalty,Low Risk,Mature,High,No
476,21,Male,Sneakers,Footwear,66,Ohio,L,Magenta,Summer,2.7,Yes,Free Shipping,Yes,Yes,18,Debit Card,Annually,2,Medium Value,0.46283163265306126,Unsatisfied,Low Loyalty,Low Risk,Young Adult,High,No
477,21,Male,Scarf,Accessories,90,Connecticut,M,Magenta,Spring,3.5,Yes,Free Shipping,Yes,Yes,2,Debit Card,Fortnightly,2,High Value,0.5998724489795918,Unsatisfied,Low Loyalty,Low Risk,Young Adult,High,No
478,42,Male,Sweater,Clothing,56,North Dakota,M,Green,Summer,3.7,Yes,Free Shipping,Yes,Yes,49,Debit Card,Weekly,2,High Value,0.7463775510204081,Unsatisfied,High Loyalty,Low Risk,Mature,High,Yes
479,35,Male,Jewelry,Accessories,43,Kansas,XL,Turquoise,Winter,3.2,Yes,Free Shipping,Yes,Yes,48,Venmo,Annually,2,Medium Value,0.5171301020408162,Unsatisfied,High Loyalty,Low Risk,Adult,High,No
480,39,Male,Handbag,Accessories,84,Iowa,L,Yellow,Winter,3.3,Yes,Store Pickup,Yes,Yes,43,Venmo,Monthly,2,High Value,0.7921428571428571,Unsatisfied,Medium Loyalty,Low Risk,Adult,High,No
481,68,Male,Hoodie,Clothing,88,Vermont,M,Gray,Summer,4.8,Yes,Standard,Yes,Yes,30,Debit Card,Bi-Weekly,2,High Value,0.7850510204081632,Satisfied,Medium Loyalty,Low Risk,Mature,High,No
482,46,Male,Hat,Accessories,88,Wisconsin,L,Peach,Fall,3.2,Yes,2-Day Shipping,Yes,Yes,10,PayPal,Fortnightly,2,High Value,0.6376020408163265,Unsatisfied,Low Loyalty,Low Risk,Mature,High,No
483,41,Male,Belt,Accessories,42,Connecticut,M,Yellow,Winter,2.5,Yes,2-Day Shipping,Yes,Yes,11,Venmo,Annually,2,Low Value,0.2849744897959184,Unsatisfied,Low Loyalty,Low Risk,Mature,High,No
484,23,Male,Hoodie,Clothing,73,Oklahoma,M,White,Fall,3.9,Yes,Store Pickup,Yes,Yes,12,Debit Card,Weekly,2,High Value,0.6154719387755102,Unsatisfied,Low Loyalty,Low Risk,Young Adult,High,No
485,68,Male,Hat,Accessories,73,Missouri,L,Lavender,Summer,4.7,Yes,Free Shipping,Yes,Yes,28,Bank Transfer,Quarterly,2,High Value,0.5884311224489797,Satisfied,Low Loyalty,Low Risk,Mature,High,No
486,48,Male,Shoes,Footwear,44,Tennessee,S,Blue,Spring,2.6,Yes,Next Day Air,Yes,Yes,36,Debit Card,Fortnightly,2,Medium Value,0.5492857142857143,Unsatisfied,Medium Loyalty,Low Risk,Mature,High,No
487,38,Male,Sandals,Footwear,63,New Mexico,M,Charcoal,Fall,2.8,Yes,Store Pickup,Yes,Yes,37,Venmo,Every 3 Months,2,High Value,0.6122831632653062,Unsatisfied,Medium Loyalty,Low Risk,Adult,High,No
488,41,Male,Jacket,Outerwear,68,Iowa,L,Red,Winter,4.4,Yes,Store Pickup,Yes,Yes,22,Credit Card,Quarterly,2,Medium Value,0.5235714285714286,Satisfied,Low Loyalty,Low Risk,Mature,High,No
489,58,Male,Sweater,Clothing,29,Maine,L,Olive,Spring,4.6,Yes,Standard,Yes,Yes,32,Venmo,Weekly,2,Medium Value,0.4904209183673469,Satisfied,Medium Loyalty,Low Risk,Mature,High,No
490,49,Male,Socks,Clothing,85,South Dakota,M,Green,Summer,3.2,Yes,Standard,Yes,Yes,40,PayPal,Annually,2,High Value,0.7044005102040816,Unsatisfied,Medium Loyalty,Low Risk,Mature,High,No
491,57,Male,Sneakers,Footwear,42,Colorado,M,Silver,Winter,4.2,Yes,2-Day Shipping,Yes,Yes,47,Cash,Monthly,2,High Value,0.5803826530612245,Satisfied,High Loyalty,Low Risk,Mature,High,Yes
492,49,Male,Coat,Outerwear,69,Vermont,M,Silver,Summer,3.8,Yes,2-Day Shipping,Yes,Yes,24,Credit Card,Bi-Weekly,2,High Value,0.6414413265306123,Unsatisfied,Low Loyalty,Low Risk,Mature,High,No
493,50,Male,Shirt,Clothing,62,Michigan,M,Black,Fall,3.9,Yes,Standard,Yes,Yes,11,Debit Card,Weekly,2,Medium Value,0.5474744897959184,Unsatisfied,Low Loyalty,Low Risk,Mature,High,No
494,28,Male,Backpack,Accessories,48,Nevada,XL,Red,Summer,4.7,Yes,Store Pickup,Yes,Yes,19,Cash,Bi-Weekly,2,Medium Value,0.4927040816326531,Satisfied,Low Loyalty,Low Risk,Adult,High,No
495,38,Male,Boots,Footwear,68,Indiana,M,Indigo,Winter,4.5,Yes,Express,Yes,Yes,42,Debit Card,Weekly,2,High Value,0.7710204081632653,Satisfied,Medium Loyalty,Low Risk,Adult,High,No
496,33,Male,Handbag,Accessories,36,Michigan,XL,Cyan,Fall,3.3,Yes,Free Shipping,Yes,Yes,6,Debit Card,Fortnightly,2,Low Value,0.32061224489795914,Unsatisfied,Low Loyalty,Low Risk,Adult,High,No
497,30,Male,Dress,Clothing,63,California,S,Maroon,Fall,3.3,Yes,Express,Yes,Yes,31,Venmo,Fortnightly,2,High Value,0.6255484693877551,Unsatisfied,Medium Loyalty,Low Risk,Adult,High,No
498,43,Male,Sneakers,Footwear,39,Oklahoma,S,Silver,Winter,4.6,Yes,Free Shipping,Yes,Yes,31,Cash,Weekly,2,Medium Value,0.540548469387755,Satisfied,Medium Loyalty,Low Risk,Mature,High,No
499,43,Male,Boots,Footwear,78,Iowa,M,Lavender,Spring,3.6,Yes,Free Shipping,Yes,Yes,27,Bank Transfer,Monthly,2,High Value,0.6604336734693877,Unsatisfied,Low Loyalty,Low Risk,Mature,High,No
500,36,Male,Shoes,Footwear,99,Rhode Island,L,Silver,Winter,4.8,Yes,Express,Yes,Yes,24,PayPal,Monthly,2,High Value,0.7601913265306122,Satisfied,Low Loyalty,Low Risk,Adult,High,No
501,36,Male,T-shirt,Clothing,31,Washington,L,Purple,Fall,4.8,Yes,Next Day Air,Yes,Yes,35,Venmo,Every 3 Months,2,Medium Value,0.4200382653061224,Satisfied,Medium Loyalty,Low Risk,Adult,High,No
502,64,Male,Boots,Footwear,45,Florida,M,Cyan,Spring,2.9,Yes,Next Day Air,Yes,Yes,21,Venmo,Annually,2,Low Value,0.36307397959183674,Unsatisfied,Low Loyalty,Low Risk,Mature,High,No
503,59,Male,Pants,Clothing,30,South Carolina,S,Cyan,Fall,2.8,Yes,Express,Yes,Yes,8,PayPal,Fortnightly,2,Low Value,0.29910714285714285,Unsatisfied,Low Loyalty,High Risk,Mature,High,No
504,55,Male,Shoes,Footwear,24,West Virginia,M,Lavender,Summer,3.2,Yes,Next Day Air,Yes,Yes,26,Bank Transfer,Quarterly,2,Low Value,0.30056122448979594,Unsatisfied,Low Loyalty,Low Risk,Mature,High,No
505,42,Male,Shoes,Footwear,22,Missouri,M,Maroon,Winter,3.9,Yes,Free Shipping,Yes,Yes,26,PayPal,Annually,2,Low Value,0.26431122448979594,Unsatisfied,Low Loyalty,Low Risk,Mature,High,No
506,61,Male,T-shirt,Clothing,63,Maine,L,Gray,Spring,4.3,Yes,Express,Yes,Yes,9,Cash,Bi-Weekly,2,Medium Value,0.5158545918367348,Satisfied,Low Loyalty,Low Risk,Mature,High,No
507,28,Male,Scarf,Accessories,40,Georgia,M,Olive,Fall,2.7,Yes,2-Day Shipping,Yes,Yes,48,Debit Card,Annually,2,Medium Value,0.5002551020408162,Unsatisfied,High Loyalty,Low Risk,Adult,High,No
508,65,Male,Shorts,Clothing,20,Maine,M,Magenta,Spring,5.0,Yes,Store Pickup,Yes,Yes,33,Debit Card,Fortnightly,2,Medium Value,0.39591836734693875,Satisfied,Medium Loyalty,Low Risk,Mature,High,No
509,27,Male,Jewelry,Accessories,20,Illinois,S,Yellow,Winter,3.7,Yes,Store Pickup,Yes,Yes,31,PayPal,Quarterly,2,Low Value,0.3086734693877551,Unsatisfied,Medium Loyalty,Low Risk,Adult,High,No
510,41,Male,T-shirt,Clothing,80,Delaware,L,Cyan,Summer,3.9,Yes,Free Shipping,Yes,Yes,17,Debit Card,Weekly,2,High Value,0.6854591836734694,Unsatisfied,Low Loyalty,Low Risk,Mature,High,No
511,21,Male,Shirt,Clothing,87,West Virginia,M,Teal,Fall,3.9,Yes,2-Day Shipping,Yes,Yes,22,Venmo,Annually,2,High Value,0.6054464285714286,Unsatisfied,Low Loyalty,Low Risk,Young Adult,High,No
512,61,Male,Shirt,Clothing,46,Hawaii,L,Yellow,Fall,3.1,Yes,Free Shipping,Yes,Yes,8,PayPal,Annually,2,Low Value,0.2891071428571429,Unsatisfied,Low Loyalty,Low Risk,Mature,High,No
513,19,Male,Gloves,Accessories,49,New York,L,Peach,Winter,3.8,Yes,Next Day Air,Yes,Yes,2,Bank Transfer,Monthly,2,Low Value,0.3442474489795918,Unsatisfied,Low Loyalty,Low Risk,Young Adult,High,No
514,22,Male,Scarf,Accessories,65,New Mexico,M,Peach,Fall,3.6,Yes,Store Pickup,Yes,Yes,45,Venmo,Annually,2,High Value,0.6225127551020407,Unsatisfied,Medium Loyalty,Low Risk,Young Adult,High,No
515,64,Male,Skirt,Clothing,62,Indiana,S,Olive,Winter,4.3,Yes,Standard,Yes,Yes,47,PayPal,Quarterly,2,High Value,0.6428826530612245,Satisfied,High Loyalty,Low Risk,Mature,High,Yes
516,28,Male,Hat,Accessories,67,Kentucky,L,Charcoal,Spring,4.5,Yes,Next Day Air,Yes,Yes,7,Cash,Monthly,2,Medium Value,0.4761096938775511,Satisfied,Low Loyalty,Low Risk,Adult,High,No
517,34,Male,Hoodie,Clothing,41,West Virginia,L,Indigo,Fall,2.8,Yes,2-Day Shipping,Yes,Yes,19,Debit Card,Bi-Weekly,2,Medium Value,0.45332908163265306,Unsatisfied,Low Loyalty,Low Risk,Adult,High,No
518,61,Male,Boots,Footwear,49,North Dakota,L,Silver,Fall,2.7,Yes,Free Shipping,Yes,Yes,44,Cash,Every 3 Months,2,High Value,0.5763903061224489,Unsatisfied,Medium Loyalty,Low Risk,Mature,High,No
519,24,Male,Blouse,Clothing,100,Oregon,M,Beige,Fall,2.9,Yes,Next Day Air,Yes,Yes,16,Venmo,Every 3 Months,2,High Value,0.6918367346938775,Unsatisfied,Low Loyalty,Low Risk,Young Adult,High,No
520,19,Male,Belt,Accessories,54,Minnesota,L,Blue,Summer,4.4,Yes,2-Day Shipping,Yes,Yes,17,Bank Transfer,Quarterly,2,Medium Value,0.4142091836734695,Satisfied,Low Loyalty,Low Risk,Young Adult,High,No
521,51,Male,Sunglasses,Accessories,84,South Carolina,M,White,Spring,3.9,Yes,Free Shipping,Yes,Yes,20,Debit Card,Quarterly,2,High Value,0.601326530612245,Unsatisfied,Low Loyalty,Low Risk,Mature,High,No
522,36,Male,Shorts,Clothing,41,Vermont,L,Gold,Winter,3.5,Yes,Standard,Yes,Yes,50,Bank Transfer,Annually,2,Medium Value,0.5181250000000001,Unsatisfied,High Loyalty,Low Risk,Adult,High,No
523,65,Male,Gloves,Accessories,88,Minnesota,M,Blue,Spring,2.5,Yes,Store Pickup,Yes,Yes,37,Cash,Quarterly,2,High Value,0.7279081632653062,Unsatisfied,Medium Loyalty,Low Risk,Mature,High,No
524,46,Male,Sandals,Footwear,40,Delaware,M,Orange,Spring,4.9,Yes,Express,Yes,Yes,5,PayPal,Quarterly,2,Low Value,0.26198979591836735,Satisfied,Low Loyalty,Low Risk,Mature,High,No
525,59,Male,Shirt,Clothing,39,Pennsylvania,M,Gold,Summer,4.8,Yes,Free Shipping,Yes,Yes,44,PayPal,Annually,2,Medium Value,0.47014030612244895,Satisfied,Medium Loyalty,Low Risk,Mature,High,No
526,51,Male,Coat,Outerwear,37,Iowa,M,Cyan,Spring,3.2,Yes,Next Day Air,Yes,Yes,41,Debit Card,Monthly,2,Medium Value,0.5155229591836735,Unsatisfied,Medium Loyalty,Low Risk,Mature,High,No
527,51,Male,Pants,Clothing,52,New Jersey,S,Red,Winter,4.9,Yes,Standard,Yes,Yes,19,Cash,Monthly,2,Medium Value,0.46520408163265314,Satisfied,Low Loyalty,Low Risk,Mature,High,No
528,21,Male,T-shirt,Clothing,23,South Carolina,L,Yellow,Winter,4.3,Yes,Next Day Air,Yes,Yes,47,Bank Transfer,Every 3 Months,2,Medium Value,0.44850765306122453,Satisfied,High Loyalty,Low Risk,Young Adult,High,No
529,34,Male,Sneakers,Footwear,88,Maryland,S,Beige,Winter,3.2,Yes,Express,Yes,Yes,40,Cash,Annually,2,High Value,0.7212755102040816,Unsatisfied,Medium Loyalty,Low Risk,Adult,High,No
530,32,Male,Shorts,Clothing,84,California,M,Orange,Fall,3.7,Yes,Standard,Yes,Yes,6,Credit Card,Monthly,2,High Value,0.5656122448979592,Unsatisfied,Low Loyalty,Low Risk,Adult,High,No
531,48,Male,Coat,Outerwear,37,Montana,XL,Magenta,Winter,3.2,Yes,Store Pickup,Yes,Yes,25,Credit Card,Bi-Weekly,2,Medium Value,0.4675637755102041,Unsatisfied,Low Loyalty,Low Risk,Mature,High,No
532,50,Male,Sandals,Footwear,51,Vermont,L,Purple,Fall,3.4,Yes,Next Day Air,Yes,Yes,42,Cash,Weekly,2,High Value,0.6753954081632653,Unsatisfied,Medium Loyalty,Low Risk,Mature,High,No
533,26,Male,Pants,Clothing,76,Texas,L,Black,Winter,4.1,Yes,Express,Yes,Yes,35,Bank Transfer,Every 3 Months,2,High Value,0.6731632653061225,Satisfied,Medium Loyalty,Low Risk,Adult,High,No
534,57,Male,Sandals,Footwear,60,North Carolina,L,Pink,Spring,4.5,Yes,Next Day Air,Yes,Yes,17,Debit Card,Weekly,2,High Value,0.5729591836734693,Satisfied,Low Loyalty,Low Risk,Mature,High,No
535,65,Male,Gloves,Accessories,72,Florida,L,Pink,Fall,4.5,Yes,Next Day Air,Yes,Yes,4,PayPal,Quarterly,2,Medium Value,0.4358673469387756,Satisfied,Low Loyalty,Low Risk,Mature,High,No
536,56,Male,T-shirt,Clothing,45,West Virginia,L,Maroon,Spring,3.2,Yes,Free Shipping,Yes,Yes,24,Bank Transfer,Weekly,2,Medium Value,0.5314413265306123,Unsatisfied,Low Loyalty,Low Risk,Mature,High,No
537,44,Male,Jacket,Outerwear,84,Illinois,S,Maroon,Fall,4.4,Yes,Store Pickup,Yes,Yes,16,Debit Card,Every 3 Months,2,High Value,0.6018367346938776,Satisfied,Low Loyalty,Low Risk,Mature,High,No
538,50,Male,Blouse,Clothing,49,Virginia,S,Turquoise,Summer,3.0,Yes,Store Pickup,Yes,Yes,14,Debit Card,Annually,2,Low Value,0.3427168367346939,Unsatisfied,Low Loyalty,Low Risk,Mature,High,No
539,27,Male,Socks,Clothing,22,Virginia,XL,Green,Spring,3.2,Yes,Free Shipping,Yes,Yes,43,Cash,Weekly,2,Medium Value,0.5183928571428571,Unsatisfied,Medium Loyalty,Low Risk,Adult,High,No
540,49,Male,Coat,Outerwear,48,Wyoming,M,Violet,Winter,4.0,Yes,Store Pickup,Yes,Yes,49,Debit Card,Weekly,2,High Value,0.7013775510204082,Satisfied,High Loyalty,Low Risk,Mature,High,Yes
541,49,Male,Dress,Clothing,37,South Carolina,M,Lavender,Spring,3.1,Yes,Next Day Air,Yes,Yes,33,Cash,Every 3 Months,2,Medium Value,0.4415433673469388,Unsatisfied,Medium Loyalty,Low Risk,Mature,High,No
542,52,Male,Jacket,Outerwear,27,Connecticut,L,Gray,Fall,2.8,Yes,Next Day Air,Yes,Yes,45,Cash,Bi-Weekly,2,Medium Value,0.5337627551020407,Unsatisfied,Medium Loyalty,Low Risk,Mature,High,No
543,27,Male,Boots,Footwear,79,Illinois,XL,Teal,Spring,4.6,Yes,Next Day Air,Yes,Yes,35,Cash,Bi-Weekly,2,High Value,0.7650382653061224,Satisfied,Medium Loyalty,Low Risk,Adult,High,No
544,53,Male,Skirt,Clothing,98,Alabama,S,Red,Spring,4.3,Yes,Express,Yes,Yes,11,Credit Card,Monthly,2,High Value,0.6749744897959183,Satisfied,Low Loyalty,Low Risk,Mature,High,No
545,34,Male,Sandals,Footwear,64,Washington,S,Yellow,Summer,3.3,Yes,Standard,Yes,Yes,30,Bank Transfer,Every 3 Months,2,High Value,0.5750510204081632,Unsatisfied,Medium Loyalty,Low Risk,Adult,High,No
546,33,Male,Coat,Outerwear,32,Alabama,L,Magenta,Summer,3.5,Yes,2-Day Shipping,Yes,Yes,48,Debit Card,Annually,2,Medium Value,0.4552551020408163,Unsatisfied,High Loyalty,Low Risk,Adult,High,No
547,62,Male,Hoodie,Clothing,74,New Mexico,M,Brown,Winter,3.4,Yes,Free Shipping,Yes,Yes,45,Venmo,Bi-Weekly,2,High Value,0.7981377551020408,Unsatisfied,Medium Loyalty,Low Risk,Mature,High,No
548,38,Male,Jacket,Outerwear,50,Nevada,M,Blue,Winter,2.8,Yes,Free Shipping,Yes,Yes,26,Venmo,Weekly,2,High Value,0.5718112244897959,Unsatisfied,Low Loyalty,Low Risk,Adult,High,No
549,36,Male,Backpack,Accessories,64,Nebraska,M,Black,Winter,4.6,Yes,Store Pickup,Yes,Yes,41,Debit Card,Every 3 Months,2,High Value,0.6423979591836735,Satisfied,Medium Loyalty,Low Risk,Adult,High,No
550,31,Male,Backpack,Accessories,29,Arizona,S,Olive,Fall,3.6,Yes,Express,Yes,Yes,37,Venmo,Bi-Weekly,2,Medium Value,0.4960331632653061,Unsatisfied,Medium Loyalty,Low Risk,Adult,High,No
551,62,Male,Belt,Accessories,62,Georgia,M,Olive,Summer,3.3,Yes,Store Pickup,Yes,Yes,12,PayPal,Weekly,2,High Value,0.5535969387755102,Unsatisfied,Low Loyalty,Low Risk,Mature,High,No
552,29,Male,Coat,Outerwear,78,Idaho,XL,Green,Fall,3.1,Yes,2-Day Shipping,Yes,Yes,27,Cash,Bi-Weekly,2,High Value,0.7104336734693878,Unsatisfied,Low Loyalty,Low Risk,Adult,High,No
553,24,Male,T-shirt,Clothing,94,Missouri,M,Peach,Fall,3.5,Yes,Express,Yes,Yes,18,Bank Transfer,Weekly,2,High Value,0.7703316326530613,Unsatisfied,Low Loyalty,Low Risk,Young Adult,High,No
554,63,Male,Sunglasses,Accessories,59,Florida,M,White,Winter,3.2,Yes,Express,Yes,Yes,15,Credit Card,Quarterly,2,Medium Value,0.43008928571428573,Unsatisfied,Low Loyalty,Low Risk,Mature,High,No
555,56,Male,Sneakers,Footwear,47,Minnesota,M,Red,Summer,3.0,Yes,Express,Yes,Yes,34,Bank Transfer,Weekly,2,High Value,0.6039158163265305,Unsatisfied,Medium Loyalty,Low Risk,Mature,High,No
556,63,Male,Gloves,Accessories,57,Maine,M,White,Fall,4.8,Yes,Express,Yes,Yes,37,Venmo,Annually,2,Medium Value,0.5285331632653061,Satisfied,Medium Loyalty,Low Risk,Mature,High,No
557,40,Male,Coat,Outerwear,90,Montana,L,Indigo,Winter,5.0,Yes,Store Pickup,Yes,Yes,21,Cash,Fortnightly,2,High Value,0.7161989795918366,Satisfied,Low Loyalty,Low Risk,Adult,High,No
558,18,Male,Shirt,Clothing,60,Alaska,M,White,Spring,2.9,Yes,Free Shipping,Yes,Yes,31,Debit Card,Weekly,2,High Value,0.6586734693877551,Unsatisfied,Medium Loyalty,Low Risk,Young Adult,High,No
559,50,Male,Sneakers,Footwear,77,Iowa,L,Teal,Fall,3.2,Yes,Express,Yes,Yes,43,Debit Card,Every 3 Months,2,High Value,0.7277678571428571,Unsatisfied,Medium Loyalty,Low Risk,Mature,High,No
560,66,Male,Scarf,Accessories,41,Arizona,M,Indigo,Fall,2.9,Yes,Store Pickup,Yes,Yes,22,Bank Transfer,Monthly,2,Medium Value,0.4216964285714285,Unsatisfied,Low Loyalty,Low Risk,Mature,High,No
561,25,Male,Jewelry,Accessories,48,Louisiana,L,Red,Fall,3.8,Yes,Free Shipping,Yes,Yes,12,Debit Card,Annually,2,Low Value,0.3248469387755103,Unsatisfied,Low Loyalty,Low Risk,Young Adult,High,No
562,65,Male,Jacket,Outerwear,65,Alabama,M,Blue,Fall,2.6,Yes,Next Day Air,Yes,Yes,25,PayPal,Fortnightly,2,High Value,0.6000637755102041,Unsatisfied,Low Loyalty,Low Risk,Mature,High,No
563,53,Male,Jeans,Clothing,62,Missouri,M,Blue,Summer,3.5,Yes,Standard,Yes,Yes,40,Debit Card,Annually,2,High Value,0.5750255102040815,Unsatisfied,Medium Loyalty,Low Risk,Mature,High,No
564,61,Male,Shoes,Footwear,99,Idaho,M,Black,Fall,4.4,Yes,Standard,Yes,Yes,16,Debit Card,Quarterly,2,High Value,0.6612117346938775,Satisfied,Low Loyalty,Low Risk,Mature,High,No
565,67,Male,Hoodie,Clothing,58,Florida,M,Olive,Winter,3.4,Yes,Next Day Air,Yes,Yes,30,Bank Transfer,Weekly,2,High Value,0.6413010204081632,Unsatisfied,Medium Loyalty,Low Risk,Mature,High,No
566,59,Male,Backpack,Accessories,43,Idaho,L,Lavender,Fall,4.2,Yes,Store Pickup,Yes,Yes,10,Venmo,Weekly,2,Medium Value,0.43447704081632643,Satisfied,Low Loyalty,Low Risk,Mature,High,No
567,55,Male,Sneakers,Footwear,93,Alabama,M,Indigo,Spring,3.6,Yes,Store Pickup,Yes,Yes,1,Debit Card,Fortnightly,2,High Value,0.6106250000000001,Unsatisfied,Low Loyalty,Low Risk,Mature,High,No
568,21,Male,Blouse,Clothing,50,New Hampshire,S,Red,Winter,3.0,Yes,Next Day Air,Yes,Yes,24,Venmo,Fortnightly,2,Medium Value,0.5095663265306122,Unsatisfied,Low Loyalty,Low Risk,Young Adult,High,No
569,44,Male,Pants,Clothing,88,Utah,L,Red,Summer,4.0,Yes,Free Shipping,Yes,Yes,36,PayPal,Monthly,2,High Value,0.7717857142857142,Satisfied,Medium Loyalty,Low Risk,Mature,High,No
570,65,Male,Skirt,Clothing,33,Alabama,M,Pink,Fall,4.4,Yes,Express,Yes,Yes,46,Credit Card,Every 3 Months,2,Medium Value,0.49863520408163264,Satisfied,Medium Loyalty,Low Risk,Mature,High,No
571,65,Male,T-shirt,Clothing,99,Iowa,XL,Purple,Fall,4.1,Yes,Standard,Yes,Yes,20,Cash,Annually,2,High Value,0.6607015306122449,Satisfied,Low Loyalty,Low Risk,Mature,High,No
572,54,Male,Jacket,Outerwear,76,Kentucky,XL,Cyan,Spring,3.6,Yes,Free Shipping,Yes,Yes,37,Venmo,Weekly,2,High Value,0.7854081632653062,Unsatisfied,Medium Loyalty,Low Risk,Mature,High,No
573,56,Male,Scarf,Accessories,97,South Carolina,XL,Cyan,Summer,4.6,Yes,Next Day Air,Yes,Yes,26,Bank Transfer,Annually,2,High Value,0.6861862244897959,Satisfied,Low Loyalty,Low Risk,Mature,High,No
574,58,Male,Pants,Clothing,68,California,M,Charcoal,Summer,3.2,Yes,2-Day Shipping,Yes,Yes,23,Credit Card,Bi-Weekly,2,High Value,0.6296938775510205,Unsatisfied,Low Loyalty,Low Risk,Mature,High,No
575,54,Male,Sneakers,Footwear,79,Maine,L,Red,Fall,4.8,Yes,Free Shipping,Yes,Yes,20,Bank Transfer,Bi-Weekly,2,High Value,0.6732015306122449,Satisfied,Low Loyalty,Low Risk,Mature,High,No
576,58,Male,Jeans,Clothing,86,Nebraska,M,Peach,Fall,4.8,Yes,Express,Yes,Yes,38,PayPal,Monthly,2,High Value,0.7727806122448978,Satisfied,Medium Loyalty,Low Risk,Mature,High,No
577,48,Male,Hat,Accessories,68,Washington,M,Black,Winter,5.0,Yes,2-Day Shipping,Yes,Yes,5,Credit Card,Every 3 Months,2,Medium Value,0.44448979591836746,Satisfied,Low Loyalty,Low Risk,Mature,High,No
578,19,Male,Skirt,Clothing,52,Alabama,M,Black,Fall,3.7,Yes,Store Pickup,Yes,Yes,41,Venmo,Annually,2,Medium Value,0.5248979591836734,Unsatisfied,Medium Loyalty,Low Risk,Young Adult,High,No
579,69,Male,Sandals,Footwear,90,Maine,M,Purple,Fall,4.6,Yes,Next Day Air,Yes,Yes,22,Credit Card,Fortnightly,2,High Value,0.7223214285714284,Satisfied,Low Loyalty,Low Risk,Mature,High,No
580,58,Male,Sandals,Footwear,41,California,M,Violet,Winter,3.7,Yes,Free Shipping,Yes,Yes,48,Credit Card,Annually,2,Medium Value,0.5058801020408163,Unsatisfied,High Loyalty,Low Risk,Mature,High,No
581,49,Male,Sweater,Clothing,80,Iowa,M,Orange,Spring,4.1,Yes,Free Shipping,Yes,Yes,10,PayPal,Weekly,2,High Value,0.6426020408163265,Satisfied,Low Loyalty,Low Risk,Mature,High,No
582,32,Male,Sweater,Clothing,100,Iowa,XL,Charcoal,Winter,2.7,Yes,Store Pickup,Yes,Yes,12,Bank Transfer,Every 3 Months,2,High Value,0.6673469387755102,Unsatisfied,Low Loyalty,Low Risk,Adult,High,No
583,40,Male,Jacket,Outerwear,77,Colorado,L,Turquoise,Spring,4.9,Yes,Store Pickup,Yes,Yes,2,Bank Transfer,Quarterly,2,Medium Value,0.45174744897959185,Satisfied,Low Loyalty,Low Risk,Adult,High,No
584,25,Male,Shorts,Clothing,78,California,L,Yellow,Spring,4.0,Yes,Store Pickup,Yes,Yes,38,PayPal,Monthly,2,High Value,0.7277806122448979,Satisfied,Medium Loyalty,Low Risk,Young Adult,High,No
585,70,Male,Socks,Clothing,94,Indiana,M,White,Spring,4.7,Yes,Free Shipping,Yes,Yes,20,Debit Card,Monthly,2,High Value,0.7075765306122448,Satisfied,Low Loyalty,Low Risk,Mature,High,No
586,69,Male,Socks,Clothing,23,South Carolina,M,Gray,Fall,2.8,Yes,Next Day Air,Yes,Yes,5,Cash,Every 3 Months,2,Low Value,0.19136479591836736,Unsatisfied,Low Loyalty,High Risk,Mature,High,No
587,45,Male,Hoodie,Clothing,20,Wisconsin,S,Blue,Winter,4.9,Yes,2-Day Shipping,Yes,Yes,9,Venmo,Annually,2,Low Value,0.1489795918367347,Satisfied,Low Loyalty,Low Risk,Mature,High,No
588,29,Male,Socks,Clothing,86,Washington,S,Maroon,Fall,4.2,Yes,Express,Yes,Yes,48,Debit Card,Every 3 Months,2,High Value,0.8090051020408163,Satisfied,High Loyalty,Low Risk,Adult,High,Yes
589,47,Male,Boots,Footwear,60,South Dakota,M,Violet,Fall,3.0,Yes,Standard,Yes,Yes,9,Debit Card,Quarterly,2,Medium Value,0.3989795918367347,Unsatisfied,Low Loyalty,Low Risk,Mature,High,No
590,28,Male,Shirt,Clothing,70,Minnesota,M,Orange,Fall,3.4,Yes,2-Day Shipping,Yes,Yes,40,PayPal,Annually,2,High Value,0.6200255102040816,Unsatisfied,Medium Loyalty,Low Risk,Adult,High,No
591,64,Male,Belt,Accessories,39,Alaska,S,Turquoise,Fall,4.6,Yes,Standard,Yes,Yes,30,Venmo,Fortnightly,2,Medium Value,0.4844260204081632,Satisfied,Medium Loyalty,Low Risk,Mature,High,No
592,47,Male,Backpack,Accessories,37,Kentucky,L,Olive,Fall,4.2,Yes,Store Pickup,Yes,Yes,6,Debit Card,Bi-Weekly,2,Low Value,0.35123724489795916,Satisfied,Low Loyalty,Low Risk,Mature,High,No
593,60,Male,Boots,Footwear,29,North Dakota,M,Brown,Fall,3.2,Yes,Free Shipping,Yes,Yes,42,Venmo,Every 3 Months,2,Medium Value,0.45164540816326526,Unsatisfied,Medium Loyalty,Low Risk,Mature,High,No
594,67,Male,Coat,Outerwear,35,Alaska,S,Green,Winter,4.4,Yes,Store Pickup,Yes,Yes,9,PayPal,Every 3 Months,2,Low Value,0.2833545918367347,Satisfied,Low Loyalty,Low Risk,Mature,High,No
595,35,Male,Hoodie,Clothing,83,Oklahoma,S,Brown,Winter,2.5,Yes,Next Day Air,Yes,Yes,6,Debit Card,Monthly,2,High Value,0.5599872448979593,Unsatisfied,Low Loyalty,High Risk,Adult,High,No
596,30,Male,Shoes,Footwear,77,Delaware,M,Silver,Summer,3.6,Yes,Next Day Air,Yes,Yes,47,PayPal,Quarterly,2,High Value,0.7272576530612245,Unsatisfied,High Loyalty,Low Risk,Adult,High,Yes
597,23,Male,Shoes,Footwear,37,Montana,XL,White,Summer,4.5,Yes,Store Pickup,Yes,Yes,36,Venmo,Annually,2,Medium Value,0.40991071428571424,Satisfied,Medium Loyalty,Low Risk,Young Adult,High,No
598,70,Male,Jewelry,Accessories,69,Alaska,L,Gold,Summer,3.4,Yes,Standard,Yes,Yes,19,Bank Transfer,Fortnightly,2,High Value,0.585829081632653,Unsatisfied,Low Loyalty,Low Risk,Mature,High,No
599,21,Male,Dress,Clothing,66,California,L,Green,Winter,3.2,Yes,2-Day Shipping,Yes,Yes,30,Cash,Every 3 Months,2,High Value,0.5863010204081632,Unsatisfied,Medium Loyalty,Low Risk,Young Adult,High,No
600,51,Male,Boots,Footwear,26,Massachusetts,L,Teal,Spring,4.2,Yes,Standard,Yes,Yes,27,Debit Card,Every 3 Months,2,Low Value,0.34293367346938775,Satisfied,Low Loyalty,Low Risk,Mature,High,No
601,22,Male,Hat,Accessories,63,South Carolina,M,Charcoal,Spring,5.0,Yes,2-Day Shipping,Yes,Yes,25,Venmo,Monthly,2,High Value,0.5638137755102042,Satisfied,Low Loyalty,Low Risk,Young Adult,High,No
602,32,Male,Backpack,Accessories,38,West Virginia,M,Maroon,Summer,4.7,Yes,Store Pickup,Yes,Yes,5,Cash,Fortnightly,2,Low Value,0.3257397959183673,Satisfied,Low Loyalty,Low Risk,Adult,High,No
603,37,Male,Shoes,Footwear,58,Oregon,L,Lavender,Summer,4.2,Yes,Next Day Air,Yes,Yes,10,Cash,Every 3 Months,2,Medium Value,0.41885204081632654,Satisfied,Low Loyalty,Low Risk,Adult,High,No
604,31,Male,Handbag,Accessories,46,Massachusetts,L,Green,Winter,3.4,Yes,2-Day Shipping,Yes,Yes,26,PayPal,Every 3 Months,2,Medium Value,0.449311224489796,Unsatisfied,Low Loyalty,Low Risk,Adult,High,No
605,44,Male,Sunglasses,Accessories,92,West Virginia,S,Pink,Fall,4.4,Yes,Store Pickup,Yes,Yes,11,Credit Card,Every 3 Months,2,High Value,0.6162244897959185,Satisfied,Low Loyalty,Low Risk,Mature,High,No
606,40,Male,Hat,Accessories,32,California,XL,Charcoal,Winter,4.2,Yes,Standard,Yes,Yes,17,Bank Transfer,Weekly,2,Medium Value,0.41545918367346935,Satisfied,Low Loyalty,Low Risk,Adult,High,No
607,27,Male,Scarf,Accessories,90,Colorado,M,Blue,Spring,4.5,Yes,Standard,Yes,Yes,44,PayPal,Monthly,2,High Value,0.8320153061224488,Satisfied,Medium Loyalty,Low Risk,Adult,High,No
608,47,Male,Hoodie,Clothing,23,Indiana,L,Purple,Fall,2.8,Yes,Next Day Air,Yes,Yes,44,Cash,Monthly,2,Medium Value,0.45514030612244893,Unsatisfied,Medium Loyalty,Low Risk,Mature,High,No
609,41,Male,Backpack,Accessories,25,Delaware,S,Gold,Fall,3.3,Yes,Next Day Air,Yes,Yes,21,Venmo,Every 3 Months,2,Low Value,0.30057397959183674,Unsatisfied,Low Loyalty,Low Risk,Mature,High,No
610,51,Male,Sweater,Clothing,54,Ohio,L,Purple,Fall,4.6,Yes,Next Day Air,Yes,Yes,49,Credit Card,Fortnightly,2,High Value,0.6851275510204081,Satisfied,High Loyalty,Low Risk,Mature,High,Yes
611,53,Male,Shorts,Clothing,72,Oklahoma,M,Charcoal,Summer,2.5,Yes,Free Shipping,Yes,Yes,27,Bank Transfer,Every 3 Months,2,High Value,0.6016836734693878,Unsatisfied,Low Loyalty,Low Risk,Mature,High,No
612,43,Male,Scarf,Accessories,33,California,M,Black,Winter,4.7,Yes,Store Pickup,Yes,Yes,19,Cash,Monthly,2,Low Value,0.3583290816326531,Satisfied,Low Loyalty,Low Risk,Mature,High,No
613,67,Male,Hat,Accessories,43,New Hampshire,L,Lavender,Fall,4.6,Yes,Express,Yes,Yes,33,Credit Card,Quarterly,2,Medium Value,0.4502933673469388,Satisfied,Medium Loyalty,Low Risk,Mature,High,No
614,61,Male,Coat,Outerwear,51,Pennsylvania,L,Lavender,Fall,2.6,Yes,Standard,Yes,Yes,46,Cash,Bi-Weekly,2,High Value,0.6748852040816327,Unsatisfied,Medium Loyalty,Low Risk,Mature,High,No
615,68,Male,Jewelry,Accessories,85,Idaho,M,Lavender,Winter,4.0,Yes,Standard,Yes,Yes,21,Credit Card,Bi-Weekly,2,High Value,0.7130739795918367,Satisfied,Low Loyalty,Low Risk,Mature,High,No
616,67,Male,Sandals,Footwear,100,Maryland,L,Olive,Summer,2.6,Yes,Next Day Air,Yes,Yes,23,Venmo,Annually,2,High Value,0.6846938775510204,Unsatisfied,Low Loyalty,Low Risk,Mature,High,No
617,29,Male,Gloves,Accessories,72,Pennsylvania,L,Teal,Spring,4.6,Yes,Free Shipping,Yes,Yes,38,Credit Card,Every 3 Months,2,High Value,0.669030612244898,Satisfied,Medium Loyalty,Low Risk,Adult,High,No
618,50,Male,Backpack,Accessories,57,Colorado,M,Maroon,Fall,2.6,Yes,Standard,Yes,Yes,2,Bank Transfer,Quarterly,2,Low Value,0.3392474489795918,Unsatisfied,Low Loyalty,High Risk,Mature,High,No
619,61,Male,Jacket,Outerwear,94,Indiana,L,Cyan,Spring,4.0,Yes,Express,Yes,Yes,21,Debit Card,Bi-Weekly,2,High Value,0.7636989795918367,Satisfied,Low Loyalty,Low Risk,Mature,High,No
620,19,Male,Backpack,Accessories,34,Nebraska,M,Charcoal,Summer,4.6,Yes,Store Pickup,Yes,Yes,1,Debit Card,Every 3 Months,2,Low Value,0.22875000000000004,Satisfied,Low Loyalty,Low Risk,Young Adult,High,No
621,33,Male,Backpack,Accessories,89,Rhode Island,M,Black,Fall,3.7,Yes,2-Day Shipping,Yes,Yes,10,Venmo,Every 3 Months,2,High Value,0.5932270408163266,Unsatisfied,Low Loyalty,Low Risk,Adult,High,No
622,51,Male,Sunglasses,Accessories,27,Kansas,S,Red,Fall,4.4,Yes,Store Pickup,Yes,Yes,45,Credit Card,Weekly,2,High Value,0.5587627551020408,Satisfied,Medium Loyalty,Low Risk,Mature,High,No
623,69,Male,Socks,Clothing,63,Georgia,S,Peach,Spring,4.0,Yes,Next Day Air,Yes,Yes,44,Bank Transfer,Fortnightly,2,High Value,0.7051403061224489,Satisfied,Medium Loyalty,Low Risk,Mature,High,No
624,19,Male,Shoes,Footwear,70,Nevada,M,White,Fall,4.7,Yes,Standard,Yes,Yes,48,PayPal,Bi-Weekly,2,High Value,0.7940051020408162,Satisfied,High Loyalty,Low Risk,Young Adult,High,Yes
625,55,Male,Pants,Clothing,87,South Carolina,XL,Pink,Fall,3.4,Yes,Express,Yes,Yes,21,PayPal,Annually,2,High Value,0.5993239795918368,Unsatisfied,Low Loyalty,Low Risk,Mature,High,No
626,49,Male,Jewelry,Accessories,79,Delaware,M,Red,Fall,4.0,Yes,Next Day Air,Yes,Yes,1,Venmo,Weekly,2,High Value,0.581875,Satisfied,Low Loyalty,Low Risk,Mature,High,No
627,31,Male,Sunglasses,Accessories,79,New Hampshire,M,Indigo,Spring,3.9,Yes,Standard,Yes,Yes,10,Venmo,Annually,2,Medium Value,0.48697704081632653,Unsatisfied,Low Loyalty,Low Risk,Adult,High,No
628,42,Male,Sandals,Footwear,44,Oregon,L,Black,Winter,4.1,Yes,Express,Yes,Yes,24,PayPal,Monthly,2,Medium Value,0.4508163265306123,Satisfied,Low Loyalty,Low Risk,Mature,High,No
629,69,Male,Sweater,Clothing,85,Massachusetts,M,White,Fall,3.8,Yes,2-Day Shipping,Yes,Yes,29,Credit Card,Monthly,2,High Value,0.7120535714285714,Unsatisfied,Low Loyalty,Low Risk,Mature,High,No
630,26,Male,Shoes,Footwear,90,Vermont,L,Beige,Spring,4.7,Yes,Standard,Yes,Yes,11,Debit Card,Annually,2,High Value,0.5549744897959183,Satisfied,Low Loyalty,Low Risk,Adult,High,No
631,41,Male,Jewelry,Accessories,94,Mississippi,S,Silver,Fall,4.3,Yes,2-Day Shipping,Yes,Yes,33,Debit Card,Annually,2,High Value,0.7121683673469388,Satisfied,Medium Loyalty,Low Risk,Mature,High,No
632,55,Male,Boots,Footwear,68,Washington,S,Violet,Summer,4.1,Yes,Store Pickup,Yes,Yes,27,Cash,Fortnightly,2,High Value,0.6291836734693877,Satisfied,Low Loyalty,Low Risk,Mature,High,No
633,35,Male,Backpack,Accessories,51,Wyoming,M,Red,Winter,3.9,Yes,Next Day Air,Yes,Yes,19,Venmo,Fortnightly,2,Medium Value,0.48457908163265306,Unsatisfied,Low Loyalty,Low Risk,Adult,High,No
634,66,Male,Sandals,Footwear,33,Minnesota,M,Orange,Spring,2.9,Yes,Express,Yes,Yes,50,Debit Card,Quarterly,2,Medium Value,0.49812500000000004,Unsatisfied,High Loyalty,Low Risk,Mature,High,No
635,36,Male,Sneakers,Footwear,60,Ohio,M,Teal,Summer,3.9,Yes,Standard,Yes,Yes,46,PayPal,Weekly,2,High Value,0.7505102040816326,Unsatisfied,Medium Loyalty,Low Risk,Adult,High,No
636,27,Male,Hoodie,Clothing,59,South Carolina,M,Brown,Fall,4.3,Yes,2-Day Shipping,Yes,Yes,28,Cash,Quarterly,2,Medium Value,0.5096811224489796,Satisfied,Low Loyalty,Low Risk,Adult,High,No
637,41,Male,Handbag,Accessories,30,Wisconsin,M,Indigo,Summer,2.8,Yes,Store Pickup,Yes,Yes,14,Bank Transfer,Every 3 Months,2,Low Value,0.2858418367346939,Unsatisfied,Low Loyalty,Low Risk,Mature,High,No
638,21,Male,Sweater,Clothing,20,Tennessee,M,Cyan,Winter,3.4,Yes,2-Day Shipping,Yes,Yes,46,Cash,Fortnightly,2,Medium Value,0.4755102040816326,Unsatisfied,Medium Loyalty,Low Risk,Young Adult,High,No
639,53,Male,Sandals,Footwear,20,Maryland,S,Blue,Summer,2.7,Yes,Express,Yes,Yes,41,PayPal,Monthly,2,Medium Value,0.41989795918367345,Unsatisfied,Medium Loyalty,Low Risk,Mature,High,No
640,54,Male,Dress,Clothing,24,Mississippi,L,Olive,Spring,4.0,Yes,2-Day Shipping,Yes,Yes,50,Credit Card,Annually,2,Medium Value,0.4225,Satisfied,High Loyalty,Low Risk,Mature,High,No
641,53,Male,Skirt,Clothing,88,Minnesota,M,Gray,Summer,4.4,Yes,Store Pickup,Yes,Yes,28,Debit Card,Fortnightly,2,High Value,0.7478061224489796,Satisfied,Low Loyalty,Low Risk,Mature,High,No
642,47,Male,Blouse,Clothing,78,Alaska,M,Red,Winter,3.9,Yes,2-Day Shipping,Yes,Yes,23,Credit Card,Every 3 Months,2,High Value,0.6109438775510204,Unsatisfied,Low Loyalty,Low Risk,Mature,High,No
643,64,Male,Skirt,Clothing,25,Arkansas,L,Red,Spring,2.8,Yes,2-Day Shipping,Yes,Yes,14,Debit Card,Bi-Weekly,2,Low Value,0.3327168367346939,Unsatisfied,Low Loyalty,Low Risk,Mature,High,No
644,18,Male,Sweater,Clothing,57,Oregon,XL,Green,Winter,3.2,Yes,Next Day Air,Yes,Yes,10,Bank Transfer,Every 3 Months,2,Medium Value,0.41322704081632655,Unsatisfied,Low Loyalty,Low Risk,Young Adult,High,No
645,68,Male,Backpack,Accessories,93,Louisiana,S,Blue,Summer,4.3,Yes,Next Day Air,Yes,Yes,37,Cash,Weekly,2,High Value,0.881033163265306,Satisfied,Medium Loyalty,Low Risk,Mature,High,No
646,62,Male,Hoodie,Clothing,42,Oklahoma,S,Purple,Summer,4.2,Yes,Express,Yes,Yes,15,Venmo,Bi-Weekly,2,Medium Value,0.43446428571428575,Satisfied,Low Loyalty,Low Risk,Mature,High,No
647,51,Male,Boots,Footwear,54,Indiana,XL,Pink,Spring,4.9,Yes,Standard,Yes,Yes,19,Venmo,Bi-Weekly,2,Medium Value,0.5264540816326531,Satisfied,Low Loyalty,Low Risk,Mature,High,No
648,54,Male,Blouse,Clothing,70,Mississippi,XL,Charcoal,Summer,3.7,Yes,Express,Yes,Yes,23,Credit Card,Fortnightly,2,High Value,0.6159438775510203,Unsatisfied,Low Loyalty,Low Risk,Mature,High,No
649,22,Male,Hoodie,Clothing,31,Michigan,M,Brown,Winter,4.1,Yes,Store Pickup,Yes,Yes,35,Credit Card,Weekly,2,Medium Value,0.5200382653061224,Satisfied,Medium Loyalty,Low Risk,Young Adult,High,No
650,53,Male,Pants,Clothing,93,Delaware,L,Orange,Spring,4.2,Yes,Store Pickup,Yes,Yes,33,PayPal,Every 3 Months,2,High Value,0.7565433673469388,Satisfied,Medium Loyalty,Low Risk,Mature,High,No
651,34,Male,Gloves,Accessories,40,Florida,M,Magenta,Spring,3.9,Yes,Next Day Air,Yes,Yes,12,Bank Transfer,Annually,2,Low Value,0.27984693877551026,Unsatisfied,Low Loyalty,Low Risk,Adult,High,No
652,32,Male,Hat,Accessories,32,Arkansas,L,Yellow,Summer,2.9,Yes,Next Day Air,Yes,Yes,41,Venmo,Fortnightly,2,Medium Value,0.5123979591836735,Unsatisfied,Medium Loyalty,Low Risk,Adult,High,No
653,64,Male,Sunglasses,Accessories,27,Minnesota,M,Beige,Winter,3.1,Yes,Free Shipping,Yes,Yes,27,Venmo,Weekly,2,Medium Value,0.4485586734693877,Unsatisfied,Low Loyalty,Low Risk,Mature,High,No
654,20,Male,Scarf,Accessories,68,North Dakota,M,Olive,Winter,3.6,Yes,2-Day Shipping,Yes,Yes,45,Cash,Fortnightly,2,High Value,0.7393877551020408,Unsatisfied,Medium Loyalty,Low Risk,Young Adult,High,No
655,24,Male,Handbag,Accessories,59,California,L,Gray,Summer,4.4,Yes,2-Day Shipping,Yes,Yes,23,Venmo,Annually,2,Medium Value,0.45406887755102043,Satisfied,Low Loyalty,Low Risk,Young Adult,High,No
656,20,Male,Handbag,Accessories,36,Mississippi,S,Purple,Fall,3.1,Yes,Free Shipping,Yes,Yes,19,Venmo,Monthly,2,Low Value,0.37520408163265306,Unsatisfied,Low Loyalty,Low Risk,Young Adult,High,No
657,42,Male,Jeans,Clothing,23,Pennsylvania,M,Beige,Summer,3.9,Yes,Standard,Yes,Yes,6,PayPal,Quarterly,2,Low Value,0.1724872448979592,Unsatisfied,Low Loyalty,Low Risk,Mature,High,No
658,48,Male,Jacket,Outerwear,80,Arizona,M,White,Winter,4.3,Yes,Free Shipping,Yes,Yes,6,PayPal,Quarterly,2,Medium Value,0.49311224489795924,Satisfied,Low Loyalty,Low Risk,Mature,High,No
659,62,Male,Backpack,Accessories,37,Louisiana,S,White,Fall,4.9,Yes,Store Pickup,Yes,Yes,20,Venmo,Weekly,2,Medium Value,0.4619515306122448,Satisfied,Low Loyalty,Low Risk,Mature,High,No
660,62,Male,Shorts,Clothing,52,Virginia,S,Gold,Spring,3.6,Yes,2-Day Shipping,Yes,Yes,8,Cash,Weekly,2,Medium Value,0.47285714285714286,Unsatisfied,Low Loyalty,Low Risk,Mature,High,No
661,50,Male,Coat,Outerwear,79,Montana,M,Olive,Fall,5.0,Yes,2-Day Shipping,Yes,Yes,39,Credit Card,Quarterly,2,High Value,0.6895280612244898,Satisfied,Medium Loyalty,Low Risk,Mature,High,No
662,57,Male,Shirt,Clothing,68,Iowa,XL,Green,Fall,4.1,Yes,Store Pickup,Yes,Yes,39,Credit Card,Quarterly,2,High Value,0.6276530612244898,Satisfied,Medium Loyalty,Low Risk,Mature,High,No
663,24,Male,Gloves,Accessories,98,Illinois,L,Magenta,Fall,2.8,Yes,Express,Yes,Yes,39,Venmo,Bi-Weekly,2,High Value,0.8964030612244898,Unsatisfied,Medium Loyalty,Low Risk,Young Adult,High,No
664,59,Male,Dress,Clothing,83,Alaska,M,Charcoal,Fall,4.7,Yes,Express,Yes,Yes,23,Credit Card,Monthly,2,High Value,0.6640688775510204,Satisfied,Low Loyalty,Low Risk,Mature,High,No
665,63,Male,Pants,Clothing,83,Colorado,M,Indigo,Winter,4.4,Yes,Express,Yes,Yes,41,PayPal,Bi-Weekly,2,High Value,0.8242729591836735,Satisfied,Medium Loyalty,Low Risk,Mature,High,No
666,41,Male,Pants,Clothing,55,New Mexico,M,Peach,Spring,4.9,Yes,2-Day Shipping,Yes,Yes,50,Credit Card,Annually,2,High Value,0.5968749999999999,Satisfied,High Loyalty,Low Risk,Mature,High,Yes
667,35,Male,Hoodie,Clothing,26,Colorado,L,Turquoise,Winter,3.1,Yes,Free Shipping,Yes,Yes,30,Debit Card,Quarterly,2,Low Value,0.33630102040816323,Unsatisfied,Medium Loyalty,Low Risk,Adult,High,No
668,34,Male,Sunglasses,Accessories,76,Arizona,S,Blue,Winter,2.6,Yes,Standard,Yes,Yes,32,Bank Transfer,Quarterly,2,High Value,0.6297959183673469,Unsatisfied,Medium Loyalty,Low Risk,Adult,High,No
669,49,Male,T-shirt,Clothing,85,Hawaii,S,Turquoise,Fall,2.9,Yes,Express,Yes,Yes,35,Bank Transfer,Monthly,2,High Value,0.7487882653061224,Unsatisfied,Medium Loyalty,Low Risk,Mature,High,No
670,43,Male,Jacket,Outerwear,89,Illinois,M,Gray,Spring,3.3,Yes,Free Shipping,Yes,Yes,45,Venmo,Bi-Weekly,2,High Value,0.8825127551020407,Unsatisfied,Medium Loyalty,Low Risk,Mature,High,No
671,63,Male,Sweater,Clothing,41,Louisiana,XL,Purple,Spring,4.8,Yes,Next Day Air,Yes,Yes,37,Cash,Bi-Weekly,2,High Value,0.5635331632653061,Satisfied,Medium Loyalty,Low Risk,Mature,High,No
672,38,Male,Jacket,Outerwear,30,Iowa,L,Black,Winter,4.7,Yes,Express,Yes,Yes,45,Cash,Weekly,2,High Value,0.5756377551020407,Satisfied,Medium Loyalty,Low Risk,Adult,High,No
673,59,Male,Socks,Clothing,53,Washington,M,Peach,Winter,3.3,Yes,2-Day Shipping,Yes,Yes,29,Cash,Quarterly,2,Medium Value,0.4820535714285714,Unsatisfied,Low Loyalty,Low Risk,Mature,High,No
674,35,Male,Shirt,Clothing,66,Oklahoma,M,Indigo,Spring,4.2,Yes,Free Shipping,Yes,Yes,27,Venmo,Bi-Weekly,2,High Value,0.6429336734693877,Satisfied,Low Loyalty,Low Risk,Adult,High,No
675,48,Male,Jewelry,Accessories,33,Washington,XL,Beige,Winter,4.7,Yes,Store Pickup,Yes,Yes,36,Bank Transfer,Annually,2,Low Value,0.3874107142857143,Satisfied,Medium Loyalty,Low Risk,Mature,High,No
676,64,Male,Sunglasses,Accessories,86,Arkansas,M,Yellow,Spring,2.6,Yes,2-Day Shipping,Yes,Yes,9,Cash,Annually,2,Medium Value,0.5202295918367347,Unsatisfied,Low Loyalty,High Risk,Mature,High,No
677,28,Male,Pants,Clothing,60,Connecticut,M,Peach,Winter,2.9,Yes,2-Day Shipping,Yes,Yes,38,Venmo,Bi-Weekly,2,High Value,0.6765306122448979,Unsatisfied,Medium Loyalty,Low Risk,Adult,High,No
678,60,Male,Socks,Clothing,62,Washington,S,Turquoise,Summer,2.7,Yes,Express,Yes,Yes,41,PayPal,Annually,2,High Value,0.5811479591836735,Unsatisfied,Medium Loyalty,Low Risk,Mature,High,No
679,27,Male,Blouse,Clothing,74,Maine,M,Teal,Fall,3.3,Yes,Store Pickup,Yes,Yes,25,Debit Card,Every 3 Months,2,High Value,0.600688775510204,Unsatisfied,Low Loyalty,Low Risk,Adult,High,No
680,56,Male,Sandals,Footwear,95,Michigan,M,Turquoise,Fall,3.4,Yes,Express,Yes,Yes,37,Venmo,Fortnightly,2,High Value,0.8422831632653061,Unsatisfied,Medium Loyalty,Low Risk,Mature,High,No
681,58,Male,Sneakers,Footwear,25,Tennessee,M,Magenta,Spring,4.2,Yes,Express,Yes,Yes,3,PayPal,Annually,2,Low Value,0.1403698979591837,Satisfied,Low Loyalty,Low Risk,Mature,High,No
682,30,Male,Shirt,Clothing,59,Louisiana,XL,Purple,Winter,3.8,Yes,2-Day Shipping,Yes,Yes,24,Credit Card,Every 3 Months,2,Medium Value,0.5101913265306123,Unsatisfied,Low Loyalty,Low Risk,Adult,High,No
683,23,Male,Jacket,Outerwear,29,Missouri,M,Brown,Summer,4.0,Yes,Standard,Yes,Yes,49,Credit Card,Bi-Weekly,2,High Value,0.5695025510204081,Satisfied,High Loyalty,Low Risk,Young Adult,High,Yes
684,33,Male,Sandals,Footwear,36,Michigan,S,Violet,Winter,2.7,Yes,Free Shipping,Yes,Yes,3,Bank Transfer,Monthly,2,Low Value,0.2772448979591837,Unsatisfied,Low Loyalty,High Risk,Adult,High,No
685,63,Male,Hat,Accessories,82,Alabama,M,Yellow,Summer,4.7,Yes,Express,Yes,Yes,42,Debit Card,Monthly,2,High Value,0.7747704081632653,Satisfied,Medium Loyalty,Low Risk,Mature,High,No
686,70,Male,Blouse,Clothing,71,Massachusetts,XL,Magenta,Winter,3.5,Yes,Standard,Yes,Yes,32,Cash,Fortnightly,2,High Value,0.6766709183673469,Unsatisfied,Medium Loyalty,Low Risk,Mature,High,No
687,70,Male,Sweater,Clothing,35,Indiana,L,Beige,Fall,3.0,Yes,2-Day Shipping,Yes,Yes,33,Venmo,Fortnightly,2,Medium Value,0.4802933673469387,Unsatisfied,Medium Loyalty,Low Risk,Mature,High,No
688,19,Male,Gloves,Accessories,38,West Virginia,XL,Turquoise,Winter,3.3,Yes,Free Shipping,Yes,Yes,46,Bank Transfer,Quarterly,2,Medium Value,0.5017602040816327,Unsatisfied,Medium Loyalty,Low Risk,Young Adult,High,No
689,25,Male,Scarf,Accessories,59,Michigan,S,Peach,Summer,4.7,Yes,Store Pickup,Yes,Yes,44,Venmo,Monthly,2,High Value,0.6576403061224488,Satisfied,Medium Loyalty,Low Risk,Young Adult,High,No
690,19,Male,Hoodie,Clothing,91,Pennsylvania,M,Orange,Summer,4.7,Yes,Express,Yes,Yes,35,Credit Card,Every 3 Months,2,High Value,0.7575382653061224,Satisfied,Medium Loyalty,Low Risk,Young Adult,High,No
691,25,Male,Shorts,Clothing,68,Alaska,XL,Red,Spring,4.8,Yes,Standard,Yes,Yes,45,Bank Transfer,Weekly,2,High Value,0.7893877551020408,Satisfied,Medium Loyalty,Low Risk,Young Adult,High,No
692,60,Male,Backpack,Accessories,21,Massachusetts,L,Silver,Summer,2.9,Yes,Standard,Yes,Yes,37,PayPal,Bi-Weekly,2,Medium Value,0.45103316326530607,Unsatisfied,Medium Loyalty,Low Risk,Mature,High,No
693,35,Male,Sunglasses,Accessories,95,North Dakota,M,Cyan,Spring,4.0,Yes,2-Day Shipping,Yes,Yes,40,Debit Card,Every 3 Months,2,High Value,0.8106505102040816,Satisfied,Medium Loyalty,Low Risk,Adult,High,No
694,46,Male,Shorts,Clothing,52,Vermont,L,Turquoise,Spring,3.1,Yes,Free Shipping,Yes,Yes,30,Cash,Every 3 Months,2,Medium Value,0.5075510204081632,Unsatisfied,Medium Loyalty,Low Risk,Mature,High,No
695,41,Male,Dress,Clothing,21,Kentucky,S,Charcoal,Fall,3.5,Yes,2-Day Shipping,Yes,Yes,38,Venmo,Every 3 Months,2,Low Value,0.3821556122448979,Unsatisfied,Medium Loyalty,Low Risk,Mature,High,No
696,30,Male,Shorts,Clothing,67,Nevada,XL,Peach,Summer,3.7,Yes,Next Day Air,Yes,Yes,15,Debit Card,Every 3 Months,2,Medium Value,0.5000892857142857,Unsatisfied,Low Loyalty,Low Risk,Adult,High,No
697,44,Male,Belt,Accessories,42,Utah,L,Green,Fall,2.8,Yes,Standard,Yes,Yes,49,Cash,Monthly,2,High Value,0.5926275510204082,Unsatisfied,High Loyalty,Low Risk,Mature,High,Yes
698,61,Male,Scarf,Accessories,63,North Dakota,XL,Brown,Summer,4.6,Yes,Free Shipping,Yes,Yes,40,Debit Card,Quarterly,2,High Value,0.6056505102040816,Satisfied,Medium Loyalty,Low Risk,Mature,High,No
699,55,Male,Boots,Footwear,41,Iowa,M,Yellow,Winter,3.8,Yes,Standard,Yes,Yes,40,Debit Card,Weekly,2,High Value,0.6069005102040815,Unsatisfied,Medium Loyalty,Low Risk,Mature,High,No
700,50,Male,Handbag,Accessories,46,Connecticut,M,Charcoal,Fall,2.6,Yes,2-Day Shipping,Yes,Yes,5,PayPal,Weekly,2,Medium Value,0.4207397959183673,Unsatisfied,Low Loyalty,High Risk,Mature,High,No
701,57,Male,Pants,Clothing,79,Wisconsin,L,Olive,Winter,4.1,Yes,Standard,Yes,Yes,5,PayPal,Monthly,2,Medium Value,0.5313647959183674,Satisfied,Low Loyalty,Low Risk,Mature,High,No
702,51,Male,Boots,Footwear,90,Idaho,L,Red,Fall,3.3,Yes,Next Day Air,Yes,Yes,5,Debit Card,Every 3 Months,2,High Value,0.5682397959183674,Unsatisfied,Low Loyalty,Low Risk,Mature,High,No
703,18,Male,Shirt,Clothing,71,Montana,M,White,Winter,3.4,Yes,Store Pickup,Yes,Yes,1,Cash,Weekly,2,Medium Value,0.536875,Unsatisfied,Low Loyalty,Low Risk,Young Adult,High,No
704,63,Male,Dress,Clothing,87,Connecticut,L,Pink,Summer,3.0,Yes,Standard,Yes,Yes,21,Venmo,Weekly,2,High Value,0.7493239795918367,Unsatisfied,Low Loyalty,Low Risk,Mature,High,No
705,34,Male,Hoodie,Clothing,66,Idaho,S,Black,Spring,3.2,Yes,Express,Yes,Yes,18,PayPal,Annually,2,Medium Value,0.46283163265306126,Unsatisfied,Low Loyalty,Low Risk,Adult,High,No
706,25,Male,Pants,Clothing,90,Arkansas,XL,Indigo,Summer,4.5,Yes,Free Shipping,Yes,Yes,49,Cash,Quarterly,2,High Value,0.8126275510204082,Satisfied,High Loyalty,Low Risk,Young Adult,High,Yes
707,46,Male,Jeans,Clothing,47,Iowa,L,Turquoise,Summer,4.8,Yes,Express,Yes,Yes,27,Debit Card,Weekly,2,High Value,0.5610586734693878,Satisfied,Low Loyalty,Low Risk,Mature,High,No
708,59,Male,Shirt,Clothing,38,Louisiana,L,Purple,Spring,3.7,Yes,Next Day Air,Yes,Yes,21,Venmo,Annually,2,Low Value,0.32369897959183674,Unsatisfied,Low Loyalty,Low Risk,Mature,High,No
709,37,Male,Backpack,Accessories,50,Kentucky,L,Beige,Summer,3.4,Yes,Store Pickup,Yes,Yes,19,Cash,Fortnightly,2,Medium Value,0.4789540816326531,Unsatisfied,Low Loyalty,Low Risk,Adult,High,No
710,49,Male,Jacket,Outerwear,79,Massachusetts,L,Charcoal,Summer,4.6,Yes,Standard,Yes,Yes,23,Debit Card,Monthly,2,High Value,0.6415688775510203,Satisfied,Low Loyalty,Low Risk,Mature,High,No
711,22,Male,Scarf,Accessories,91,Virginia,L,Turquoise,Spring,4.1,Yes,Standard,Yes,Yes,26,PayPal,Fortnightly,2,High Value,0.7524362244897959,Satisfied,Low Loyalty,Low Risk,Young Adult,High,No
712,64,Male,Boots,Footwear,60,New Hampshire,M,Maroon,Spring,3.5,Yes,2-Day Shipping,Yes,Yes,13,Bank Transfer,Bi-Weekly,2,Medium Value,0.523469387755102,Unsatisfied,Low Loyalty,Low Risk,Mature,High,No
713,42,Male,Blouse,Clothing,81,New Hampshire,XL,Black,Summer,3.8,Yes,Next Day Air,Yes,Yes,36,Bank Transfer,Quarterly,2,High Value,0.6824107142857143,Unsatisfied,Medium Loyalty,Low Risk,Mature,High,No
714,37,Male,Hoodie,Clothing,90,Oregon,M,Lavender,Summer,2.6,Yes,Express,Yes,Yes,39,Bank Transfer,Bi-Weekly,2,High Value,0.8514030612244897,Unsatisfied,Medium Loyalty,Low Risk,Adult,High,No
715,26,Male,Jacket,Outerwear,70,South Dakota,M,Magenta,Fall,4.4,Yes,Store Pickup,Yes,Yes,40,Debit Card,Fortnightly,2,High Value,0.7200255102040816,Satisfied,Medium Loyalty,Low Risk,Adult,High,No
716,33,Male,Jeans,Clothing,63,Delaware,L,Green,Spring,2.6,Yes,Express,Yes,Yes,37,Debit Card,Quarterly,2,High Value,0.5872831632653062,Unsatisfied,Medium Loyalty,Low Risk,Adult,High,No
717,30,Male,Jewelry,Accessories,29,Missouri,M,Olive,Spring,3.6,Yes,Express,Yes,Yes,9,Venmo,Bi-Weekly,2,Low Value,0.32460459183673473,Unsatisfied,Low Loyalty,Low Risk,Adult,High,No
718,21,Male,Socks,Clothing,90,Alaska,L,Green,Spring,4.2,Yes,Express,Yes,Yes,7,Venmo,Every 3 Months,2,High Value,0.580484693877551,Satisfied,Low Loyalty,Low Risk,Young Adult,High,No
719,22,Male,Shirt,Clothing,22,Florida,M,Peach,Summer,4.6,Yes,Standard,Yes,Yes,25,Bank Transfer,Annually,2,Low Value,0.2581887755102041,Satisfied,Low Loyalty,Low Risk,Young Adult,High,No
720,63,Male,Shorts,Clothing,22,Mississippi,L,Turquoise,Summer,3.3,Yes,Next Day Air,Yes,Yes,42,Venmo,Bi-Weekly,2,Medium Value,0.4872704081632653,Unsatisfied,Medium Loyalty,Low Risk,Mature,High,No
721,33,Male,Jewelry,Accessories,62,New Mexico,L,Orange,Fall,3.4,Yes,Free Shipping,Yes,Yes,19,Debit Card,Weekly,2,High Value,0.596454081632653,Unsatisfied,Low Loyalty,Low Risk,Adult,High,No
722,43,Male,Blouse,Clothing,57,California,L,Silver,Summer,4.4,Yes,Next Day Air,Yes,Yes,41,Debit Card,Every 3 Months,2,High Value,0.6030229591836734,Satisfied,Medium Loyalty,Low Risk,Mature,High,No
723,27,Male,Sweater,Clothing,32,Wyoming,S,Blue,Summer,4.3,Yes,Store Pickup,Yes,Yes,50,Cash,Bi-Weekly,2,High Value,0.5925,Satisfied,High Loyalty,Low Risk,Adult,High,Yes
724,35,Male,Jewelry,Accessories,53,Missouri,L,Cyan,Fall,3.5,Yes,Express,Yes,Yes,43,PayPal,Monthly,2,High Value,0.6177678571428571,Unsatisfied,Medium Loyalty,Low Risk,Adult,High,No
725,37,Male,T-shirt,Clothing,79,New Hampshire,XL,Green,Fall,4.7,Yes,Store Pickup,Yes,Yes,36,Venmo,Every 3 Months,2,High Value,0.6961607142857144,Satisfied,Medium Loyalty,Low Risk,Adult,High,No
726,61,Male,Hat,Accessories,61,Texas,L,Silver,Winter,3.1,Yes,Standard,Yes,Yes,33,Debit Card,Fortnightly,2,High Value,0.6265433673469387,Unsatisfied,Medium Loyalty,Low Risk,Mature,High,No
727,32,Male,Shorts,Clothing,78,North Dakota,L,Yellow,Summer,3.6,Yes,Next Day Air,Yes,Yes,20,Bank Transfer,Every 3 Months,2,High Value,0.5925765306122449,Unsatisfied,Low Loyalty,Low Risk,Adult,High,No
728,62,Male,Sweater,Clothing,97,Arkansas,S,Gray,Winter,4.8,Yes,Next Day Air,Yes,Yes,37,Venmo,Every 3 Months,2,High Value,0.8035331632653062,Satisfied,Medium Loyalty,Low Risk,Mature,High,No
729,29,Male,Jeans,Clothing,78,Nebraska,M,Pink,Winter,3.7,Yes,Next Day Air,Yes,Yes,12,PayPal,Every 3 Months,2,Medium Value,0.5435969387755103,Unsatisfied,Low Loyalty,Low Risk,Adult,High,No
730,41,Male,Sunglasses,Accessories,56,Minnesota,L,Beige,Summer,3.2,Yes,Express,Yes,Yes,46,PayPal,Every 3 Months,2,High Value,0.6280102040816327,Unsatisfied,Medium Loyalty,Low Risk,Mature,High,No
731,48,Male,Boots,Footwear,25,Massachusetts,M,Indigo,Summer,3.9,Yes,Standard,Yes,Yes,28,Venmo,Fortnightly,2,Low Value,0.3934311224489796,Unsatisfied,Low Loyalty,Low Risk,Mature,High,No
732,43,Male,Coat,Outerwear,28,Arkansas,M,Red,Spring,3.5,Yes,Free Shipping,Yes,Yes,30,PayPal,Fortnightly,2,Medium Value,0.4225510204081633,Unsatisfied,Medium Loyalty,Low Risk,Mature,High,No
733,34,Male,Shirt,Clothing,57,New Hampshire,L,Blue,Spring,2.8,Yes,Express,Yes,Yes,28,Cash,Bi-Weekly,2,High Value,0.5984311224489796,Unsatisfied,Low Loyalty,Low Risk,Adult,High,No
734,45,Male,Dress,Clothing,36,Rhode Island,L,Cyan,Fall,2.7,Yes,2-Day Shipping,Yes,Yes,20,Debit Card,Bi-Weekly,2,Medium Value,0.4313265306122449,Unsatisfied,Low Loyalty,Low Risk,Mature,High,No
735,65,Male,Shirt,Clothing,69,New Jersey,S,Violet,Winter,3.1,Yes,Express,Yes,Yes,39,Bank Transfer,Every 3 Months,2,High Value,0.6582780612244897,Unsatisfied,Medium Loyalty,Low Risk,Mature,High,No
736,61,Male,Sunglasses,Accessories,48,Montana,M,Orange,Fall,3.6,Yes,2-Day Shipping,Yes,Yes,48,Cash,Bi-Weekly,2,High Value,0.6702551020408163,Unsatisfied,High Loyalty,Low Risk,Mature,High,Yes
737,18,Male,Dress,Clothing,58,Colorado,L,Maroon,Spring,2.9,Yes,2-Day Shipping,Yes,Yes,32,Credit Card,Every 3 Months,2,High Value,0.553545918367347,Unsatisfied,Medium Loyalty,Low Risk,Young Adult,High,No
738,47,Male,Sunglasses,Accessories,24,Nebraska,M,Teal,Spring,3.6,Yes,Store Pickup,Yes,Yes,28,PayPal,Annually,2,Low Value,0.28780612244897963,Unsatisfied,Low Loyalty,Low Risk,Mature,High,No
739,56,Male,Sunglasses,Accessories,31,Minnesota,L,Orange,Winter,3.5,Yes,2-Day Shipping,Yes,Yes,27,Venmo,Quarterly,2,Low Value,0.34605867346938773,Unsatisfied,Low Loyalty,Low Risk,Mature,High,No
740,64,Male,Shorts,Clothing,29,Minnesota,S,Purple,Summer,3.5,Yes,Free Shipping,Yes,Yes,26,Venmo,Bi-Weekly,2,Medium Value,0.4286862244897959,Unsatisfied,Low Loyalty,Low Risk,Mature,High,No
741,26,Male,Jeans,Clothing,69,South Dakota,M,Orange,Summer,2.8,Yes,Next Day Air,Yes,Yes,22,Credit Card,Fortnightly,2,High Value,0.6041964285714285,Unsatisfied,Low Loyalty,Low Risk,Adult,High,No
742,22,Male,T-shirt,Clothing,79,West Virginia,XL,Yellow,Summer,4.7,Yes,Free Shipping,Yes,Yes,23,Bank Transfer,Every 3 Months,2,High Value,0.6165688775510204,Satisfied,Low Loyalty,Low Risk,Young Adult,High,No
743,64,Male,Pants,Clothing,39,Nevada,M,Charcoal,Summer,3.1,Yes,Express,Yes,Yes,21,Debit Card,Quarterly,2,Low Value,0.3543239795918368,Unsatisfied,Low Loyalty,Low Risk,Mature,High,No
744,21,Male,Sunglasses,Accessories,84,North Carolina,L,Gray,Fall,4.9,Yes,Free Shipping,Yes,Yes,36,Cash,Weekly,2,High Value,0.8242857142857142,Satisfied,Medium Loyalty,Low Risk,Young Adult,High,No
745,67,Male,Boots,Footwear,66,Illinois,S,Charcoal,Spring,4.1,Yes,Next Day Air,Yes,Yes,42,Debit Card,Bi-Weekly,2,High Value,0.7347704081632652,Satisfied,Medium Loyalty,Low Risk,Mature,High,No
746,46,Male,T-shirt,Clothing,92,Michigan,L,Orange,Fall,4.7,Yes,Standard,Yes,Yes,4,Venmo,Monthly,2,High Value,0.5983673469387756,Satisfied,Low Loyalty,Low Risk,Mature,High,No
747,40,Male,Sandals,Footwear,45,Michigan,M,Red,Winter,2.5,Yes,Free Shipping,Yes,Yes,47,Credit Card,Annually,2,Medium Value,0.5222576530612245,Unsatisfied,High Loyalty,Low Risk,Adult,High,No
748,51,Male,Shorts,Clothing,74,Oklahoma,L,Gold,Spring,4.4,Yes,Next Day Air,Yes,Yes,13,Bank Transfer,Weekly,2,High Value,0.627219387755102,Satisfied,Low Loyalty,Low Risk,Mature,High,No
749,35,Male,Hat,Accessories,39,South Dakota,L,Brown,Fall,3.9,Yes,Free Shipping,Yes,Yes,8,Bank Transfer,Quarterly,2,Low Value,0.27473214285714287,Unsatisfied,Low Loyalty,Low Risk,Adult,High,No
750,56,Male,Scarf,Accessories,71,Oklahoma,M,Olive,Winter,3.7,Yes,Standard,Yes,Yes,11,Debit Card,Quarterly,2,Medium Value,0.4730994897959184,Unsatisfied,Low Loyalty,Low Risk,Mature,High,No
751,25,Male,T-shirt,Clothing,95,Maryland,L,Violet,Fall,3.4,Yes,Free Shipping,Yes,Yes,5,Venmo,Annually,2,Medium Value,0.5463647959183674,Unsatisfied,Low Loyalty,Low Risk,Young Adult,High,No
752,65,Male,Gloves,Accessories,72,Ohio,L,Indigo,Fall,4.8,Yes,Free Shipping,Yes,Yes,1,Credit Card,Monthly,2,Medium Value,0.4675,Satisfied,Low Loyalty,Low Risk,Mature,High,No
753,39,Male,Scarf,Accessories,85,Ohio,L,Yellow,Fall,4.2,Yes,2-Day Shipping,Yes,Yes,17,PayPal,Every 3 Months,2,High Value,0.6135841836734695,Satisfied,Low Loyalty,Low Risk,Adult,High,No
754,47,Male,Boots,Footwear,54,Massachusetts,M,Teal,Fall,3.4,Yes,Store Pickup,Yes,Yes,27,Venmo,Quarterly,2,Medium Value,0.4754336734693878,Unsatisfied,Low Loyalty,Low Risk,Mature,High,No
755,36,Male,Gloves,Accessories,41,North Carolina,L,Pink,Spring,2.9,Yes,Store Pickup,Yes,Yes,3,Debit Card,Quarterly,2,Low Value,0.25536989795918374,Unsatisfied,Low Loyalty,High Risk,Adult,High,No
756,66,Male,Coat,Outerwear,24,Florida,M,Violet,Spring,3.3,Yes,Free Shipping,Yes,Yes,22,PayPal,Weekly,2,Medium Value,0.4010714285714285,Unsatisfied,Low Loyalty,Low Risk,Mature,High,No
757,62,Male,Belt,Accessories,99,Montana,S,Orange,Summer,4.8,Yes,Standard,Yes,Yes,24,Cash,Fortnightly,2,High Value,0.7851913265306122,Satisfied,Low Loyalty,Low Risk,Mature,High,No
758,41,Male,Hoodie,Clothing,32,Minnesota,M,Red,Fall,3.8,Yes,Store Pickup,Yes,Yes,18,Debit Card,Quarterly,2,Low Value,0.29658163265306126,Unsatisfied,Low Loyalty,Low Risk,Mature,High,No
759,66,Male,Shoes,Footwear,71,Massachusetts,L,Peach,Summer,4.6,Yes,2-Day Shipping,Yes,Yes,39,Bank Transfer,Every 3 Months,2,High Value,0.6695280612244898,Satisfied,Medium Loyalty,Low Risk,Mature,High,No
760,51,Male,Dress,Clothing,49,Rhode Island,XL,Green,Winter,2.6,Yes,Next Day Air,Yes,Yes,25,Credit Card,Fortnightly,2,Medium Value,0.5100637755102041,Unsatisfied,Low Loyalty,Low Risk,Mature,High,No
761,33,Male,Gloves,Accessories,50,Minnesota,XL,Violet,Fall,3.4,Yes,Free Shipping,Yes,Yes,6,Cash,Annually,2,Low Value,0.2993622448979592,Unsatisfied,Low Loyalty,Low Risk,Adult,High,No
762,57,Male,Jewelry,Accessories,91,Nevada,L,Yellow,Fall,4.2,Yes,Express,Yes,Yes,26,Bank Transfer,Weekly,2,High Value,0.8024362244897959,Satisfied,Low Loyalty,Low Risk,Mature,High,No
763,45,Male,Belt,Accessories,46,New Mexico,M,Pink,Fall,3.9,Yes,Standard,Yes,Yes,43,Debit Card,Fortnightly,2,High Value,0.6033928571428572,Unsatisfied,Medium Loyalty,Low Risk,Mature,High,No
764,61,Male,Sweater,Clothing,50,North Carolina,M,Brown,Spring,2.9,Yes,2-Day Shipping,Yes,Yes,6,Credit Card,Monthly,2,Low Value,0.3743622448979592,Unsatisfied,Low Loyalty,High Risk,Mature,High,No
765,55,Male,Skirt,Clothing,39,Virginia,XL,Silver,Fall,4.2,Yes,Free Shipping,Yes,Yes,6,Debit Card,Quarterly,2,Low Value,0.2624872448979592,Satisfied,Low Loyalty,Low Risk,Mature,High,No
766,54,Male,Sneakers,Footwear,99,Alaska,M,Pink,Summer,3.0,Yes,Store Pickup,Yes,Yes,13,Cash,Quarterly,2,High Value,0.642844387755102,Unsatisfied,Low Loyalty,Low Risk,Mature,High,No
767,57,Male,Gloves,Accessories,48,Nevada,M,Cyan,Winter,3.6,Yes,Next Day Air,Yes,Yes,13,PayPal,Monthly,2,Medium Value,0.40596938775510205,Unsatisfied,Low Loyalty,Low Risk,Mature,High,No
768,27,Male,Coat,Outerwear,77,Pennsylvania,M,Brown,Fall,2.5,Yes,Next Day Air,Yes,Yes,11,Cash,Annually,2,Medium Value,0.48184948979591835,Unsatisfied,Low Loyalty,Low Risk,Adult,High,No
769,64,Male,Backpack,Accessories,95,Illinois,XL,Red,Spring,2.6,Yes,Express,Yes,Yes,45,Venmo,Weekly,2,High Value,0.9412627551020406,Unsatisfied,Medium Loyalty,Low Risk,Mature,High,No
770,52,Male,Socks,Clothing,100,Delaware,M,Silver,Spring,4.3,Yes,Store Pickup,Yes,Yes,8,PayPal,Monthly,2,High Value,0.6678571428571428,Satisfied,Low Loyalty,Low Risk,Mature,High,No
771,19,Male,Sneakers,Footwear,54,Vermont,M,Gray,Spring,3.3,Yes,Express,Yes,Yes,8,Credit Card,Annually,2,Low Value,0.3341071428571429,Unsatisfied,Low Loyalty,Low Risk,Young Adult,High,No
772,22,Male,Sweater,Clothing,68,Hawaii,L,Cyan,Fall,2.6,Yes,Next Day Air,Yes,Yes,34,Bank Transfer,Fortnightly,2,High Value,0.6720408163265307,Unsatisfied,Medium Loyalty,Low Risk,Young Adult,High,No
773,18,Male,Jeans,Clothing,22,Illinois,L,Teal,Fall,3.6,Yes,Free Shipping,Yes,Yes,40,Debit Card,Bi-Weekly,2,Medium Value,0.47502551020408157,Unsatisfied,Medium Loyalty,Low Risk,Young Adult,High,No
774,29,Male,Hat,Accessories,84,California,L,Indigo,Winter,2.6,Yes,Express,Yes,Yes,14,Debit Card,Bi-Weekly,2,High Value,0.6645918367346939,Unsatisfied,Low Loyalty,Low Risk,Adult,High,No
775,42,Male,Hat,Accessories,46,Nevada,M,Yellow,Summer,3.5,Yes,Standard,Yes,Yes,11,Credit Card,Quarterly,2,Low Value,0.3324744897959184,Unsatisfied,Low Loyalty,Low Risk,Mature,High,No
776,49,Male,Handbag,Accessories,53,Kentucky,S,Gold,Winter,3.0,Yes,Store Pickup,Yes,Yes,8,PayPal,Monthly,2,Medium Value,0.4034821428571429,Unsatisfied,Low Loyalty,Low Risk,Mature,High,No
777,49,Male,Shirt,Clothing,60,Alabama,M,Maroon,Spring,5.0,Yes,Standard,Yes,Yes,8,Venmo,Every 3 Months,2,Medium Value,0.4178571428571428,Satisfied,Low Loyalty,Low Risk,Mature,High,No
778,55,Male,Socks,Clothing,32,Wyoming,XL,Silver,Spring,2.5,Yes,Express,Yes,Yes,37,Venmo,Weekly,2,Medium Value,0.5379081632653061,Unsatisfied,Medium Loyalty,Low Risk,Mature,High,No
779,29,Male,Socks,Clothing,50,Massachusetts,M,Yellow,Summer,2.9,Yes,Store Pickup,Yes,Yes,23,Debit Card,Annually,2,Medium Value,0.4034438775510204,Unsatisfied,Low Loyalty,Low Risk,Adult,High,No
780,60,Male,Dress,Clothing,94,Utah,M,Blue,Spring,4.6,Yes,Express,Yes,Yes,38,Cash,Annually,2,High Value,0.7427806122448979,Satisfied,Medium Loyalty,Low Risk,Mature,High,No
781,34,Male,Shoes,Footwear,26,New York,M,Turquoise,Spring,3.6,Yes,Free Shipping,Yes,Yes,38,Cash,Quarterly,2,Low Value,0.38528061224489796,Unsatisfied,Medium Loyalty,Low Risk,Adult,High,No
782,30,Male,Scarf,Accessories,44,Vermont,L,Indigo,Winter,3.0,Yes,Store Pickup,Yes,Yes,12,Credit Card,Fortnightly,2,Medium Value,0.4023469387755102,Unsatisfied,Low Loyalty,Low Risk,Adult,High,No
783,28,Male,Hoodie,Clothing,57,Hawaii,M,Green,Summer,4.5,Yes,Standard,Yes,Yes,15,Cash,Weekly,2,Medium Value,0.5438392857142856,Satisfied,Low Loyalty,Low Risk,Adult,High,No
784,63,Male,T-shirt,Clothing,65,Louisiana,L,Purple,Winter,4.5,Yes,Next Day Air,Yes,Yes,38,PayPal,Fortnightly,2,High Value,0.6796556122448979,Satisfied,Medium Loyalty,Low Risk,Mature,High,No
785,31,Male,Jeans,Clothing,72,Alabama,M,Peach,Winter,3.2,Yes,Store Pickup,Yes,Yes,41,Bank Transfer,Every 3 Months,2,High Value,0.6873979591836735,Unsatisfied,Medium Loyalty,Low Risk,Adult,High,No
786,46,Male,Shorts,Clothing,62,Louisiana,S,Purple,Spring,4.0,Yes,Next Day Air,Yes,Yes,37,PayPal,Fortnightly,2,High Value,0.6566581632653061,Satisfied,Medium Loyalty,Low Risk,Mature,High,No
787,70,Male,Hat,Accessories,21,Indiana,S,Teal,Winter,4.8,Yes,Express,Yes,Yes,16,Bank Transfer,Every 3 Months,2,Low Value,0.24746173469387753,Satisfied,Low Loyalty,Low Risk,Mature,High,No
788,53,Male,Handbag,Accessories,85,Michigan,S,Green,Spring,3.7,Yes,Free Shipping,Yes,Yes,25,Venmo,Weekly,2,High Value,0.762563775510204,Unsatisfied,Low Loyalty,Low Risk,Mature,High,No
789,50,Male,Pants,Clothing,51,Rhode Island,XL,Yellow,Summer,3.8,Yes,Store Pickup,Yes,Yes,18,Bank Transfer,Quarterly,2,Medium Value,0.4034566326530613,Unsatisfied,Low Loyalty,Low Risk,Mature,High,No
790,33,Male,Handbag,Accessories,84,Idaho,S,Purple,Fall,2.7,Yes,Standard,Yes,Yes,4,Credit Card,Bi-Weekly,2,High Value,0.6033673469387756,Unsatisfied,Low Loyalty,High Risk,Adult,High,No
791,22,Male,Sweater,Clothing,37,Louisiana,M,Indigo,Summer,4.9,Yes,Store Pickup,Yes,Yes,12,Bank Transfer,Quarterly,2,Low Value,0.2879719387755102,Satisfied,Low Loyalty,Low Risk,Young Adult,High,No
792,50,Male,Scarf,Accessories,44,North Carolina,S,Magenta,Summer,3.1,Yes,2-Day Shipping,Yes,Yes,35,PayPal,Fortnightly,2,Medium Value,0.5431632653061225,Unsatisfied,Medium Loyalty,Low Risk,Mature,High,No
793,34,Male,Sneakers,Footwear,45,New Jersey,M,Violet,Spring,4.2,Yes,Next Day Air,Yes,Yes,45,Venmo,Weekly,2,High Value,0.6600127551020407,Satisfied,Medium Loyalty,Low Risk,Adult,High,No
794,24,Male,Pants,Clothing,35,Alabama,L,Maroon,Summer,3.8,Yes,Free Shipping,Yes,Yes,16,Credit Card,Monthly,2,Low Value,0.35121173469387756,Unsatisfied,Low Loyalty,Low Risk,Young Adult,High,No
795,69,Male,Backpack,Accessories,50,Kentucky,XL,Yellow,Winter,4.2,Yes,Store Pickup,Yes,Yes,10,Debit Card,Fortnightly,2,Medium Value,0.42385204081632655,Satisfied,Low Loyalty,Low Risk,Mature,High,No
796,39,Male,Sandals,Footwear,26,New York,M,Beige,Summer,4.6,Yes,Store Pickup,Yes,Yes,34,Venmo,Annually,2,Low Value,0.33579081632653063,Satisfied,Medium Loyalty,Low Risk,Adult,High,No
797,42,Male,Socks,Clothing,78,Arizona,XL,Black,Fall,4.0,Yes,2-Day Shipping,Yes,Yes,43,Credit Card,Annually,2,High Value,0.6833928571428571,Satisfied,Medium Loyalty,Low Risk,Mature,High,No
798,42,Male,Coat,Outerwear,82,Maryland,M,Violet,Fall,4.0,Yes,2-Day Shipping,Yes,Yes,38,Debit Card,Weekly,2,High Value,0.825280612244898,Satisfied,Medium Loyalty,Low Risk,Mature,High,No
799,29,Male,Socks,Clothing,39,Alaska,M,Violet,Spring,3.8,Yes,2-Day Shipping,Yes,Yes,48,PayPal,Every 3 Months,2,Medium Value,0.5446301020408163,Unsatisfied,High Loyalty,Low Risk,Adult,High,No
800,55,Male,Belt,Accessories,55,Nevada,L,Brown,Summer,3.8,Yes,Free Shipping,Yes,Yes,31,PayPal,Annually,2,Medium Value,0.4805484693877551,Unsatisfied,Medium Loyalty,Low Risk,Mature,High,No
801,32,Male,Socks,Clothing,20,Utah,S,Gold,Summer,2.6,Yes,Free Shipping,Yes,Yes,20,Cash,Every 3 Months,2,Low Value,0.26632653061224487,Unsatisfied,Low Loyalty,Low Risk,Adult,High,No
802,25,Male,Belt,Accessories,29,New Mexico,L,Blue,Fall,4.9,Yes,Express,Yes,Yes,12,Credit Card,Fortnightly,2,Low Value,0.3179719387755102,Satisfied,Low Loyalty,Low Risk,Young Adult,High,No
803,38,Male,Pants,Clothing,41,Delaware,M,Teal,Winter,3.5,Yes,Next Day Air,Yes,Yes,2,Bank Transfer,Weekly,2,Low Value,0.37424744897959183,Unsatisfied,Low Loyalty,Low Risk,Adult,High,No
804,32,Male,Shorts,Clothing,38,Connecticut,L,Silver,Winter,2.8,Yes,Express,Yes,Yes,30,Venmo,Every 3 Months,2,Medium Value,0.42880102040816326,Unsatisfied,Medium Loyalty,Low Risk,Adult,High,No
805,43,Male,Boots,Footwear,47,Mississippi,M,Maroon,Summer,2.6,Yes,Store Pickup,Yes,Yes,28,Venmo,Quarterly,2,Medium Value,0.44218112244897956,Unsatisfied,Low Loyalty,Low Risk,Mature,High,No
806,41,Male,Dress,Clothing,30,Connecticut,L,White,Summer,3.7,Yes,Next Day Air,Yes,Yes,40,Debit Card,Monthly,2,Medium Value,0.47002551020408156,Unsatisfied,Medium Loyalty,Low Risk,Mature,High,No
807,56,Male,Jeans,Clothing,56,Florida,L,Charcoal,Summer,2.7,Yes,Standard,Yes,Yes,46,PayPal,Quarterly,2,High Value,0.6030102040816326,Unsatisfied,Medium Loyalty,Low Risk,Mature,High,No
808,27,Male,T-shirt,Clothing,89,New York,S,Brown,Winter,3.3,Yes,Express,Yes,Yes,15,Credit Card,Weekly,2,High Value,0.7238392857142857,Unsatisfied,Low Loyalty,Low Risk,Adult,High,No
809,46,Male,Shoes,Footwear,96,Wisconsin,L,Lavender,Fall,4.6,Yes,Next Day Air,Yes,Yes,38,Cash,Every 3 Months,2,High Value,0.804030612244898,Satisfied,Medium Loyalty,Low Risk,Mature,High,No
810,48,Male,Boots,Footwear,81,South Carolina,M,Violet,Fall,4.9,Yes,Next Day Air,Yes,Yes,30,PayPal,Bi-Weekly,2,High Value,0.7456760204081633,Satisfied,Medium Loyalty,Low Risk,Mature,High,No
811,52,Male,Scarf,Accessories,83,South Dakota,S,Lavender,Fall,4.9,Yes,Store Pickup,Yes,Yes,32,Debit Card,Bi-Weekly,2,High Value,0.769170918367347,Satisfied,Medium Loyalty,Low Risk,Mature,High,No
812,18,Male,Sneakers,Footwear,35,Illinois,M,Green,Winter,2.7,Yes,Free Shipping,Yes,Yes,36,Venmo,Quarterly,2,Medium Value,0.4236607142857143,Unsatisfied,Medium Loyalty,Low Risk,Young Adult,High,No
813,64,Male,Boots,Footwear,56,Alaska,M,Olive,Summer,3.2,Yes,Standard,Yes,Yes,32,Credit Card,Weekly,2,High Value,0.6422959183673469,Unsatisfied,Medium Loyalty,Low Risk,Mature,High,No
814,54,Male,Handbag,Accessories,45,Montana,S,Olive,Summer,2.9,Yes,Store Pickup,Yes,Yes,14,Debit Card,Annually,2,Low Value,0.32021683673469387,Unsatisfied,Low Loyalty,Low Risk,Mature,High,No
815,31,Male,Shirt,Clothing,62,Minnesota,M,Pink,Winter,3.8,Yes,Express,Yes,Yes,8,PayPal,Monthly,2,Medium Value,0.45410714285714293,Unsatisfied,Low Loyalty,Low Risk,Adult,High,No
816,30,Male,Hat,Accessories,84,West Virginia,L,Teal,Spring,3.0,Yes,Next Day Air,Yes,Yes,27,Venmo,Bi-Weekly,2,High Value,0.7441836734693877,Unsatisfied,Low Loyalty,Low Risk,Adult,High,No
817,26,Male,Sweater,Clothing,24,Illinois,L,Cyan,Summer,3.9,Yes,Store Pickup,Yes,Yes,24,Debit Card,Monthly,2,Low Value,0.3383163265306123,Unsatisfied,Low Loyalty,Low Risk,Adult,High,No
818,25,Male,Handbag,Accessories,21,Nevada,S,Gray,Spring,4.7,Yes,Store Pickup,Yes,Yes,30,PayPal,Fortnightly,2,Low Value,0.38317602040816323,Satisfied,Medium Loyalty,Low Risk,Young Adult,High,No
819,59,Male,Shirt,Clothing,91,Idaho,M,Peach,Winter,4.9,Yes,Store Pickup,Yes,Yes,34,Debit Card,Monthly,2,High Value,0.7764158163265306,Satisfied,Medium Loyalty,Low Risk,Mature,High,No
820,55,Male,Sunglasses,Accessories,36,Colorado,S,Teal,Winter,4.8,Yes,Next Day Air,Yes,Yes,28,Debit Card,Quarterly,2,Low Value,0.38030612244897966,Satisfied,Low Loyalty,Low Risk,Mature,High,No
821,56,Male,Sneakers,Footwear,39,Louisiana,M,Turquoise,Spring,2.5,Yes,2-Day Shipping,Yes,Yes,27,Debit Card,Monthly,2,Medium Value,0.44105867346938776,Unsatisfied,Low Loyalty,Low Risk,Mature,High,No
822,62,Male,Hoodie,Clothing,39,Vermont,M,Green,Spring,3.9,Yes,Standard,Yes,Yes,31,Credit Card,Bi-Weekly,2,Medium Value,0.5155484693877551,Unsatisfied,Medium Loyalty,Low Risk,Mature,High,No
823,35,Male,Shirt,Clothing,59,Mississippi,L,Magenta,Winter,3.4,Yes,Standard,Yes,Yes,23,Bank Transfer,Annually,2,Medium Value,0.45406887755102043,Unsatisfied,Low Loyalty,Low Risk,Adult,High,No
824,51,Male,Sunglasses,Accessories,27,Georgia,M,Green,Winter,2.5,Yes,Free Shipping,Yes,Yes,11,Credit Card,Quarterly,2,Low Value,0.22559948979591837,Unsatisfied,Low Loyalty,Low Risk,Mature,High,No
825,61,Male,Blouse,Clothing,94,Georgia,M,White,Spring,3.0,Yes,Store Pickup,Yes,Yes,48,Cash,Quarterly,2,High Value,0.8290051020408162,Unsatisfied,High Loyalty,Low Risk,Mature,High,Yes
826,27,Male,Belt,Accessories,94,Nebraska,XL,Brown,Fall,3.6,Yes,Next Day Air,Yes,Yes,17,Cash,Monthly,2,High Value,0.6892091836734693,Unsatisfied,Low Loyalty,Low Risk,Adult,High,No
827,54,Male,Dress,Clothing,94,Massachusetts,M,Purple,Winter,3.6,Yes,Standard,Yes,Yes,36,PayPal,Weekly,2,High Value,0.8805357142857141,Unsatisfied,Medium Loyalty,Low Risk,Mature,High,No
828,31,Male,Shoes,Footwear,51,Colorado,S,Green,Fall,4.1,Yes,Free Shipping,Yes,Yes,33,Bank Transfer,Fortnightly,2,High Value,0.5702933673469388,Satisfied,Medium Loyalty,Low Risk,Adult,High,No
829,24,Male,Socks,Clothing,62,Nevada,M,Peach,Fall,3.7,Yes,2-Day Shipping,Yes,Yes,27,PayPal,Bi-Weekly,2,High Value,0.6204336734693877,Unsatisfied,Low Loyalty,Low Risk,Young Adult,High,No
830,42,Male,Socks,Clothing,57,Idaho,S,Silver,Spring,3.8,Yes,2-Day Shipping,Yes,Yes,14,Credit Card,Fortnightly,2,Medium Value,0.4877168367346938,Unsatisfied,Low Loyalty,Low Risk,Mature,High,No
831,41,Male,Shorts,Clothing,76,Wyoming,M,Maroon,Fall,4.2,Yes,Express,Yes,Yes,5,Credit Card,Annually,2,Medium Value,0.43948979591836745,Satisfied,Low Loyalty,Low Risk,Mature,High,No
832,66,Male,Gloves,Accessories,63,Washington,M,Red,Summer,4.3,Yes,Express,Yes,Yes,47,Cash,Every 3 Months,2,High Value,0.6735076530612245,Satisfied,High Loyalty,Low Risk,Mature,High,Yes
833,58,Male,Jacket,Outerwear,80,California,L,Blue,Fall,2.5,Yes,Express,Yes,Yes,28,Cash,Bi-Weekly,2,High Value,0.7278061224489796,Unsatisfied,Low Loyalty,Low Risk,Mature,High,No
834,43,Male,Handbag,Accessories,68,Oklahoma,M,Purple,Fall,3.5,Yes,Standard,Yes,Yes,11,Credit Card,Annually,2,Medium Value,0.43122448979591843,Unsatisfied,Low Loyalty,Low Risk,Mature,High,No
835,52,Male,Backpack,Accessories,89,Nevada,M,Indigo,Summer,3.1,Yes,Free Shipping,Yes,Yes,18,Credit Card,Weekly,2,High Value,0.7422066326530612,Unsatisfied,Low Loyalty,Low Risk,Mature,High,No
836,35,Male,Boots,Footwear,26,Maryland,L,Indigo,Summer,2.5,Yes,Next Day Air,Yes,Yes,21,Debit Card,Weekly,2,Medium Value,0.4061989795918367,Unsatisfied,Low Loyalty,Low Risk,Adult,High,No
837,23,Male,Gloves,Accessories,90,West Virginia,L,Violet,Winter,3.9,Yes,Store Pickup,Yes,Yes,22,Cash,Bi-Weekly,2,High Value,0.7473214285714285,Unsatisfied,Low Loyalty,Low Risk,Young Adult,High,No
838,25,Male,Hoodie,Clothing,28,Illinois,L,Brown,Spring,4.9,Yes,Express,Yes,Yes,33,Cash,Every 3 Months,2,Low Value,0.39091836734693874,Satisfied,Medium Loyalty,Low Risk,Young Adult,High,No
839,33,Male,Coat,Outerwear,29,Kentucky,M,Gray,Spring,4.3,Yes,Express,Yes,Yes,49,Credit Card,Annually,2,Medium Value,0.44450255102040814,Satisfied,High Loyalty,Low Risk,Adult,High,No
840,48,Male,Shirt,Clothing,31,Illinois,L,Teal,Spring,2.6,Yes,Free Shipping,Yes,Yes,10,Debit Card,Every 3 Months,2,Low Value,0.26697704081632656,Unsatisfied,Low Loyalty,Low Risk,Mature,High,No
841,42,Male,Shirt,Clothing,24,Alabama,L,Teal,Summer,4.2,Yes,2-Day Shipping,Yes,Yes,18,PayPal,Weekly,2,Low Value,0.3765816326530612,Satisfied,Low Loyalty,Low Risk,Mature,High,No
842,55,Male,Sweater,Clothing,88,Texas,M,Beige,Summer,2.6,Yes,Store Pickup,Yes,Yes,28,PayPal,Fortnightly,2,High Value,0.7478061224489796,Unsatisfied,Low Loyalty,Low Risk,Mature,High,No
843,59,Male,Shirt,Clothing,87,Missouri,M,Violet,Spring,3.6,Yes,Express,Yes,Yes,25,PayPal,Weekly,2,High Value,0.773813775510204,Unsatisfied,Low Loyalty,Low Risk,Mature,High,No
844,65,Male,Hoodie,Clothing,80,Pennsylvania,S,Beige,Summer,3.2,Yes,Express,Yes,Yes,6,PayPal,Weekly,2,High Value,0.6181122448979591,Unsatisfied,Low Loyalty,Low Risk,Mature,High,No
845,59,Male,Sandals,Footwear,48,Missouri,L,Purple,Winter,4.4,Yes,Express,Yes,Yes,44,Venmo,Bi-Weekly,2,High Value,0.645765306122449,Satisfied,Medium Loyalty,Low Risk,Mature,High,No
846,31,Male,Belt,Accessories,21,Michigan,XL,Charcoal,Winter,3.7,Yes,Standard,Yes,Yes,30,Venmo,Monthly,2,Low Value,0.3581760204081632,Unsatisfied,Medium Loyalty,Low Risk,Adult,High,No
847,49,Male,Boots,Footwear,72,Kentucky,M,Pink,Spring,3.7,Yes,Express,Yes,Yes,42,Debit Card,Quarterly,2,High Value,0.6685204081632653,Unsatisfied,Medium Loyalty,Low Risk,Mature,High,No
848,53,Male,Hoodie,Clothing,44,New Jersey,L,Blue,Fall,4.1,Yes,Standard,Yes,Yes,30,PayPal,Monthly,2,Medium Value,0.48755102040816334,Satisfied,Medium Loyalty,Low Risk,Mature,High,No
849,48,Male,Sandals,Footwear,73,Delaware,M,Lavender,Fall,3.6,Yes,Store Pickup,Yes,Yes,33,Credit Card,Bi-Weekly,2,High Value,0.7190433673469387,Unsatisfied,Medium Loyalty,Low Risk,Mature,High,No
850,23,Male,Jeans,Clothing,61,Missouri,S,Charcoal,Spring,4.3,Yes,Express,Yes,Yes,24,PayPal,Quarterly,2,Medium Value,0.49644132653061224,Satisfied,Low Loyalty,Low Risk,Young Adult,High,No
851,68,Male,Shoes,Footwear,20,Connecticut,L,Turquoise,Winter,2.6,Yes,Store Pickup,Yes,Yes,13,Venmo,Monthly,2,Low Value,0.24846938775510205,Unsatisfied,Low Loyalty,Low Risk,Mature,High,No
852,35,Male,Sandals,Footwear,86,Massachusetts,M,Red,Summer,2.9,Yes,Express,Yes,Yes,19,Debit Card,Monthly,2,High Value,0.656454081632653,Unsatisfied,Low Loyalty,Low Risk,Adult,High,No
853,34,Male,Dress,Clothing,60,Florida,L,Yellow,Spring,4.2,Yes,Next Day Air,Yes,Yes,23,Debit Card,Every 3 Months,2,Medium Value,0.5096938775510204,Satisfied,Low Loyalty,Low Risk,Adult,High,No
854,62,Male,Hat,Accessories,43,Delaware,L,Orange,Winter,4.0,Yes,Free Shipping,Yes,Yes,35,Cash,Monthly,2,Medium Value,0.5125382653061225,Satisfied,Medium Loyalty,Low Risk,Mature,High,No
855,21,Male,Pants,Clothing,44,California,L,Blue,Spring,4.3,Yes,Free Shipping,Yes,Yes,22,Venmo,Monthly,2,Medium Value,0.4385714285714286,Satisfied,Low Loyalty,Low Risk,Young Adult,High,No
856,70,Male,Socks,Clothing,76,Oregon,L,Gold,Spring,3.0,Yes,2-Day Shipping,Yes,Yes,14,Credit Card,Quarterly,2,Medium Value,0.5195918367346939,Unsatisfied,Low Loyalty,Low Risk,Mature,High,No
857,55,Male,Shirt,Clothing,33,Alaska,M,Gold,Summer,3.5,Yes,Express,Yes,Yes,47,Debit Card,Fortnightly,2,High Value,0.5547576530612245,Unsatisfied,High Loyalty,Low Risk,Mature,High,Yes
858,43,Male,Shorts,Clothing,60,Missouri,L,Cyan,Fall,3.0,Yes,Standard,Yes,Yes,50,Debit Card,Every 3 Months,2,High Value,0.675,Unsatisfied,High Loyalty,Low Risk,Mature,High,Yes
859,19,Male,Jacket,Outerwear,26,Oklahoma,L,Olive,Fall,3.1,Yes,Free Shipping,Yes,Yes,33,PayPal,Weekly,2,Medium Value,0.47966836734693874,Unsatisfied,Medium Loyalty,Low Risk,Young Adult,High,No
860,47,Male,Hoodie,Clothing,73,Wisconsin,M,Teal,Winter,4.0,Yes,Next Day Air,Yes,Yes,7,Debit Card,Monthly,2,Medium Value,0.509859693877551,Satisfied,Low Loyalty,Low Risk,Mature,High,No
861,26,Male,Shoes,Footwear,87,South Carolina,M,Maroon,Spring,4.1,Yes,Standard,Yes,Yes,3,Cash,Monthly,2,High Value,0.5641198979591837,Satisfied,Low Loyalty,Low Risk,Adult,High,No
862,46,Male,Skirt,Clothing,100,Virginia,XL,Green,Spring,3.8,Yes,2-Day Shipping,Yes,Yes,35,Credit Card,Every 3 Months,2,High Value,0.8081632653061225,Unsatisfied,Medium Loyalty,Low Risk,Mature,High,No
863,19,Male,Coat,Outerwear,84,Arkansas,M,Charcoal,Winter,4.9,Yes,Standard,Yes,Yes,13,PayPal,Fortnightly,2,High Value,0.6334693877551021,Satisfied,Low Loyalty,Low Risk,Young Adult,High,No
864,49,Male,Sneakers,Footwear,41,Vermont,M,Cyan,Summer,3.9,Yes,Standard,Yes,Yes,42,PayPal,Fortnightly,2,High Value,0.5691454081632653,Unsatisfied,Medium Loyalty,Low Risk,Mature,High,No
865,51,Male,Jeans,Clothing,59,Kentucky,S,Charcoal,Winter,3.9,Yes,Next Day Air,Yes,Yes,5,PayPal,Annually,2,Low Value,0.3438647959183674,Unsatisfied,Low Loyalty,Low Risk,Mature,High,No
866,64,Male,Blouse,Clothing,26,Colorado,L,Charcoal,Winter,4.8,Yes,Store Pickup,Yes,Yes,23,Venmo,Annually,2,Low Value,0.2684438775510204,Satisfied,Low Loyalty,Low Risk,Mature,High,No
867,67,Male,Sunglasses,Accessories,69,New Mexico,M,Lavender,Summer,2.7,Yes,Free Shipping,Yes,Yes,11,PayPal,Bi-Weekly,2,High Value,0.5618494897959184,Unsatisfied,Low Loyalty,Low Risk,Mature,High,No
868,37,Male,Jacket,Outerwear,20,Colorado,M,Turquoise,Spring,3.1,Yes,Free Shipping,Yes,Yes,23,Bank Transfer,Fortnightly,2,Low Value,0.3346938775510204,Unsatisfied,Low Loyalty,Low Risk,Adult,High,No
869,40,Male,Dress,Clothing,83,North Carolina,M,Green,Summer,3.2,Yes,Next Day Air,Yes,Yes,2,Credit Card,Every 3 Months,2,Medium Value,0.5104974489795919,Unsatisfied,Low Loyalty,Low Risk,Adult,High,No
870,38,Male,Hat,Accessories,54,New Hampshire,M,Silver,Spring,2.7,Yes,2-Day Shipping,Yes,Yes,33,PayPal,Weekly,2,High Value,0.6371683673469387,Unsatisfied,Medium Loyalty,Low Risk,Adult,High,No
871,66,Male,Hoodie,Clothing,66,West Virginia,M,Blue,Fall,2.5,Yes,Standard,Yes,Yes,6,Bank Transfer,Bi-Weekly,2,Medium Value,0.5143622448979592,Unsatisfied,Low Loyalty,High Risk,Mature,High,No
872,47,Male,Handbag,Accessories,42,Hawaii,M,Charcoal,Spring,2.6,Yes,Next Day Air,Yes,Yes,45,Debit Card,Quarterly,2,Medium Value,0.5181377551020409,Unsatisfied,Medium Loyalty,Low Risk,Mature,High,No
873,56,Male,Jeans,Clothing,33,North Dakota,M,Pink,Spring,2.9,Yes,Standard,Yes,Yes,25,Cash,Quarterly,2,Low Value,0.34506377551020406,Unsatisfied,Low Loyalty,Low Risk,Mature,High,No
874,51,Male,Boots,Footwear,77,Mississippi,M,Pink,Summer,4.2,Yes,Free Shipping,Yes,Yes,24,Venmo,Quarterly,2,High Value,0.5864413265306122,Satisfied,Low Loyalty,Low Risk,Mature,High,No
875,25,Male,Jacket,Outerwear,65,Maine,M,Magenta,Fall,4.4,Yes,Free Shipping,Yes,Yes,10,Venmo,Every 3 Months,2,Medium Value,0.4582270408163265,Satisfied,Low Loyalty,Low Risk,Young Adult,High,No
876,37,Male,Sandals,Footwear,39,North Dakota,L,Gray,Summer,4.1,Yes,Free Shipping,Yes,Yes,7,Bank Transfer,Every 3 Months,2,Low Value,0.2936096938775511,Satisfied,Low Loyalty,Low Risk,Adult,High,No
877,41,Male,Belt,Accessories,51,Nebraska,L,Gray,Summer,3.8,Yes,2-Day Shipping,Yes,Yes,1,Debit Card,Weekly,2,Medium Value,0.42437499999999995,Unsatisfied,Low Loyalty,Low Risk,Mature,High,No
878,64,Male,Handbag,Accessories,65,Nebraska,M,Orange,Winter,4.9,Yes,Next Day Air,Yes,Yes,45,Venmo,Every 3 Months,2,High Value,0.6725127551020408,Satisfied,Medium Loyalty,Low Risk,Mature,High,No
879,23,Male,Sunglasses,Accessories,89,Tennessee,S,Black,Summer,4.9,Yes,Express,Yes,Yes,37,Debit Card,Weekly,2,High Value,0.858533163265306,Satisfied,Medium Loyalty,Low Risk,Young Adult,High,No
880,62,Male,Skirt,Clothing,76,Wyoming,S,Lavender,Spring,4.1,Yes,Free Shipping,Yes,Yes,14,PayPal,Quarterly,2,Medium Value,0.5195918367346939,Satisfied,Low Loyalty,Low Risk,Mature,High,No
881,39,Male,Backpack,Accessories,75,Nevada,L,Red,Spring,3.1,Yes,Express,Yes,Yes,25,Debit Card,Monthly,2,High Value,0.6313137755102041,Unsatisfied,Low Loyalty,Low Risk,Adult,High,No
882,52,Male,Sandals,Footwear,61,South Carolina,M,Silver,Summer,2.7,Yes,Next Day Air,Yes,Yes,18,Venmo,Annually,2,Medium Value,0.4347066326530612,Unsatisfied,Low Loyalty,Low Risk,Mature,High,No
883,50,Male,Boots,Footwear,35,Virginia,M,Cyan,Fall,3.8,Yes,Next Day Air,Yes,Yes,37,Cash,Every 3 Months,2,Medium Value,0.4547831632653061,Unsatisfied,Medium Loyalty,Low Risk,Mature,High,No
884,28,Male,Sneakers,Footwear,37,Pennsylvania,S,Gold,Fall,4.3,Yes,Free Shipping,Yes,Yes,30,Bank Transfer,Monthly,2,Medium Value,0.4481760204081633,Satisfied,Medium Loyalty,Low Risk,Adult,High,No
885,67,Male,Skirt,Clothing,91,Hawaii,L,Yellow,Winter,4.1,Yes,Express,Yes,Yes,34,Bank Transfer,Weekly,2,High Value,0.8514158163265305,Satisfied,Medium Loyalty,Low Risk,Mature,High,No
886,41,Male,Dress,Clothing,99,Ohio,L,Purple,Fall,4.4,Yes,Free Shipping,Yes,Yes,49,Debit Card,Every 3 Months,2,High Value,0.8882525510204081,Satisfied,High Loyalty,Low Risk,Mature,High,Yes
887,19,Male,Shorts,Clothing,54,Utah,S,Brown,Summer,3.6,Yes,Express,Yes,Yes,48,Bank Transfer,Monthly,2,High Value,0.6540051020408163,Unsatisfied,High Loyalty,Low Risk,Young Adult,High,Yes
888,70,Male,Handbag,Accessories,47,Minnesota,L,Turquoise,Winter,3.3,Yes,2-Day Shipping,Yes,Yes,33,PayPal,Fortnightly,2,Medium Value,0.5477933673469387,Unsatisfied,Medium Loyalty,Low Risk,Mature,High,No
889,49,Male,Scarf,Accessories,77,New Hampshire,S,Gold,Spring,3.8,Yes,Express,Yes,Yes,44,Cash,Annually,2,High Value,0.6838903061224489,Unsatisfied,Medium Loyalty,Low Risk,Mature,High,No
890,59,Male,Belt,Accessories,84,Arizona,S,Olive,Fall,2.8,Yes,Free Shipping,Yes,Yes,50,Venmo,Weekly,2,High Value,0.91,Unsatisfied,High Loyalty,Low Risk,Mature,High,Yes
891,52,Male,Gloves,Accessories,51,New York,S,Purple,Spring,4.3,Yes,2-Day Shipping,Yes,Yes,47,Credit Card,Monthly,2,High Value,0.6310076530612244,Satisfied,High Loyalty,Low Risk,Mature,High,Yes
892,20,Male,Skirt,Clothing,26,Pennsylvania,S,Lavender,Summer,3.9,Yes,Store Pickup,Yes,Yes,24,PayPal,Every 3 Months,2,Low Value,0.32456632653061224,Unsatisfied,Low Loyalty,Low Risk,Young Adult,High,No
893,31,Male,Shorts,Clothing,64,New Mexico,L,Gray,Summer,2.7,Yes,Free Shipping,Yes,Yes,43,Debit Card,Monthly,2,High Value,0.6796428571428571,Unsatisfied,Medium Loyalty,Low Risk,Adult,High,No
894,33,Male,Backpack,Accessories,51,Nebraska,M,Red,Spring,4.7,Yes,Express,Yes,Yes,14,Venmo,Monthly,2,Medium Value,0.42896683673469393,Satisfied,Low Loyalty,Low Risk,Adult,High,No
895,44,Male,Hoodie,Clothing,60,Wyoming,L,Purple,Spring,3.8,Yes,Free Shipping,Yes,Yes,3,Debit Card,Quarterly,2,Low Value,0.3622448979591837,Unsatisfied,Low Loyalty,Low Risk,Mature,High,No
896,40,Male,Hat,Accessories,69,Mississippi,XL,Olive,Spring,4.7,Yes,Next Day Air,Yes,Yes,33,Debit Card,Quarterly,2,High Value,0.5965433673469388,Satisfied,Medium Loyalty,Low Risk,Adult,High,No
897,69,Male,Jewelry,Accessories,29,Arkansas,M,Lavender,Spring,4.7,Yes,Express,Yes,Yes,38,Cash,Fortnightly,2,Medium Value,0.4771556122448979,Satisfied,Medium Loyalty,Low Risk,Mature,High,No
898,29,Male,Shirt,Clothing,91,Illinois,M,Gray,Spring,3.4,Yes,Express,Yes,Yes,46,Venmo,Weekly,2,High Value,0.9248852040816326,Unsatisfied,Medium Loyalty,Low Risk,Adult,High,No
899,54,Male,Belt,Accessories,70,Nevada,L,Red,Spring,3.5,Yes,2-Day Shipping,Yes,Yes,19,Bank Transfer,Every 3 Months,2,Medium Value,0.5414540816326531,Unsatisfied,Low Loyalty,Low Risk,Mature,High,No
900,65,Male,Sweater,Clothing,58,Rhode Island,M,Peach,Summer,4.0,Yes,Standard,Yes,Yes,20,PayPal,Annually,2,Medium Value,0.43007653061224493,Satisfied,Low Loyalty,Low Risk,Mature,High,No
901,54,Male,Hat,Accessories,98,West Virginia,L,Gray,Fall,3.3,Yes,Free Shipping,Yes,Yes,42,Bank Transfer,Quarterly,2,High Value,0.8147704081632653,Unsatisfied,Medium Loyalty,Low Risk,Mature,High,No
902,60,Male,Scarf,Accessories,68,Missouri,L,Violet,Summer,4.7,Yes,2-Day Shipping,Yes,Yes,34,Cash,Monthly,2,High Value,0.6470408163265307,Satisfied,Medium Loyalty,Low Risk,Mature,High,No
903,43,Male,Hat,Accessories,44,Kentucky,M,Beige,Summer,2.8,Yes,Next Day Air,Yes,Yes,5,Cash,Monthly,2,Low Value,0.33448979591836736,Unsatisfied,Low Loyalty,High Risk,Mature,High,No
904,44,Male,Jacket,Outerwear,45,Washington,M,Blue,Winter,3.3,Yes,Express,Yes,Yes,3,PayPal,Quarterly,2,Low Value,0.2778698979591837,Unsatisfied,Low Loyalty,Low Risk,Mature,High,No
905,69,Male,T-shirt,Clothing,99,Alaska,L,Magenta,Spring,2.9,Yes,Free Shipping,Yes,Yes,46,PayPal,Every 3 Months,2,High Value,0.8698852040816326,Unsatisfied,Medium Loyalty,Low Risk,Mature,High,No
906,46,Male,Dress,Clothing,68,Mississippi,S,Cyan,Spring,2.8,Yes,Standard,Yes,Yes,16,Venmo,Annually,2,Medium Value,0.46183673469387765,Unsatisfied,Low Loyalty,Low Risk,Mature,High,No
907,41,Male,Pants,Clothing,56,South Carolina,M,Red,Spring,4.2,Yes,Standard,Yes,Yes,21,Debit Card,Bi-Weekly,2,Medium Value,0.5499489795918368,Satisfied,Low Loyalty,Low Risk,Mature,High,No
908,32,Male,Sweater,Clothing,43,Missouri,L,Cyan,Winter,4.4,Yes,Express,Yes,Yes,34,Credit Card,Bi-Weekly,2,High Value,0.5564158163265306,Satisfied,Medium Loyalty,Low Risk,Adult,High,No
909,26,Male,Sunglasses,Accessories,99,New Jersey,M,Turquoise,Winter,3.6,Yes,Free Shipping,Yes,Yes,9,PayPal,Every 3 Months,2,High Value,0.6433545918367347,Unsatisfied,Low Loyalty,Low Risk,Adult,High,No
910,61,Male,Belt,Accessories,56,Louisiana,L,Silver,Fall,2.7,Yes,Express,Yes,Yes,36,PayPal,Weekly,2,High Value,0.6667857142857142,Unsatisfied,Medium Loyalty,Low Risk,Mature,High,No
911,49,Male,Hoodie,Clothing,25,South Carolina,S,Pink,Spring,3.4,Yes,Express,Yes,Yes,22,Credit Card,Monthly,2,Low Value,0.33169642857142856,Unsatisfied,Low Loyalty,Low Risk,Mature,High,No
912,53,Male,Pants,Clothing,74,Vermont,M,Black,Winter,2.8,Yes,2-Day Shipping,Yes,Yes,2,Bank Transfer,Quarterly,2,Medium Value,0.4348724489795919,Unsatisfied,Low Loyalty,High Risk,Mature,High,No
913,24,Male,Hoodie,Clothing,56,Arkansas,M,Green,Winter,3.4,Yes,Next Day Air,Yes,Yes,32,Bank Transfer,Monthly,2,High Value,0.5672959183673469,Unsatisfied,Medium Loyalty,Low Risk,Young Adult,High,No
914,37,Male,Sneakers,Footwear,47,Utah,M,Yellow,Fall,2.6,Yes,Next Day Air,Yes,Yes,29,Cash,Every 3 Months,2,Medium Value,0.4733035714285714,Unsatisfied,Low Loyalty,Low Risk,Adult,High,No
915,43,Male,Dress,Clothing,67,Washington,L,Purple,Summer,4.1,Yes,Standard,Yes,Yes,27,Venmo,Every 3 Months,2,High Value,0.5735586734693877,Satisfied,Low Loyalty,Low Risk,Mature,High,No
916,31,Male,Dress,Clothing,22,Rhode Island,L,Purple,Winter,2.9,Yes,Store Pickup,Yes,Yes,33,Credit Card,Fortnightly,2,Medium Value,0.40716836734693873,Unsatisfied,Medium Loyalty,Low Risk,Adult,High,No
917,49,Male,Jeans,Clothing,34,Illinois,S,Blue,Spring,2.7,Yes,Standard,Yes,Yes,16,Venmo,Monthly,2,Low Value,0.3455867346938776,Unsatisfied,Low Loyalty,Low Risk,Mature,High,No
918,69,Male,Sweater,Clothing,64,Missouri,M,Maroon,Spring,3.7,Yes,Standard,Yes,Yes,11,Bank Transfer,Quarterly,2,Medium Value,0.4337244897959184,Unsatisfied,Low Loyalty,Low Risk,Mature,High,No
919,65,Male,Shorts,Clothing,42,North Carolina,M,Orange,Spring,4.3,Yes,2-Day Shipping,Yes,Yes,11,Cash,Fortnightly,2,Low Value,0.3849744897959184,Satisfied,Low Loyalty,Low Risk,Mature,High,No
920,41,Male,Shirt,Clothing,82,Massachusetts,L,Green,Winter,2.6,Yes,2-Day Shipping,Yes,Yes,17,Debit Card,Bi-Weekly,2,High Value,0.6717091836734694,Unsatisfied,Low Loyalty,Low Risk,Mature,High,No
921,37,Male,Belt,Accessories,81,Arkansas,XL,Gold,Summer,4.3,Yes,Free Shipping,Yes,Yes,37,Cash,Weekly,2,High Value,0.8135331632653061,Satisfied,Medium Loyalty,Low Risk,Adult,High,No
922,70,Male,Coat,Outerwear,24,South Dakota,L,Silver,Summer,4.1,Yes,Express,Yes,Yes,18,PayPal,Weekly,2,Low Value,0.3765816326530612,Satisfied,Low Loyalty,Low Risk,Mature,High,No
923,63,Male,Sneakers,Footwear,60,Georgia,M,Cyan,Fall,4.2,Yes,Standard,Yes,Yes,13,Credit Card,Monthly,2,Medium Value,0.47346938775510206,Satisfied,Low Loyalty,Low Risk,Mature,High,No
924,55,Male,Shirt,Clothing,24,Arkansas,M,Silver,Spring,4.2,Yes,2-Day Shipping,Yes,Yes,7,PayPal,Weekly,2,Low Value,0.309234693877551,Satisfied,Low Loyalty,Low Risk,Mature,High,No
925,52,Male,Socks,Clothing,78,Kansas,XL,Beige,Winter,3.1,Yes,Standard,Yes,Yes,37,Cash,Quarterly,2,High Value,0.6716581632653061,Unsatisfied,Medium Loyalty,Low Risk,Mature,High,No
926,22,Male,Jeans,Clothing,88,Arizona,L,Teal,Winter,4.9,Yes,Express,Yes,Yes,8,Cash,Monthly,2,High Value,0.6003571428571429,Satisfied,Low Loyalty,Low Risk,Young Adult,High,No
927,54,Male,Jeans,Clothing,63,Massachusetts,XL,Green,Spring,4.4,Yes,Express,Yes,Yes,11,Cash,Bi-Weekly,2,Medium Value,0.5280994897959184,Satisfied,Low Loyalty,Low Risk,Mature,High,No
928,28,Male,Sneakers,Footwear,78,New Mexico,L,Black,Summer,4.4,Yes,Standard,Yes,Yes,8,Venmo,Bi-Weekly,2,High Value,0.594107142857143,Satisfied,Low Loyalty,Low Risk,Adult,High,No
929,67,Male,Dress,Clothing,37,Arkansas,XL,Yellow,Winter,3.4,Yes,Store Pickup,Yes,Yes,31,Cash,Every 3 Months,2,Medium Value,0.42929846938775507,Unsatisfied,Medium Loyalty,Low Risk,Mature,High,No
930,59,Male,Boots,Footwear,94,Nebraska,M,White,Fall,4.5,Yes,2-Day Shipping,Yes,Yes,26,Debit Card,Fortnightly,2,High Value,0.7693112244897958,Satisfied,Low Loyalty,Low Risk,Mature,High,No
931,26,Male,T-shirt,Clothing,78,Hawaii,L,Green,Fall,4.5,Yes,Store Pickup,Yes,Yes,20,Credit Card,Bi-Weekly,2,High Value,0.6675765306122449,Satisfied,Low Loyalty,Low Risk,Adult,High,No
932,24,Male,Coat,Outerwear,36,Nebraska,M,Silver,Winter,4.1,Yes,Standard,Yes,Yes,24,Bank Transfer,Fortnightly,2,Medium Value,0.4308163265306122,Satisfied,Low Loyalty,Low Risk,Young Adult,High,No
933,62,Male,Skirt,Clothing,24,Indiana,L,Blue,Winter,3.2,Yes,Standard,Yes,Yes,45,Debit Card,Bi-Weekly,2,Medium Value,0.5168877551020408,Unsatisfied,Medium Loyalty,Low Risk,Mature,High,No
934,70,Male,Sneakers,Footwear,84,Colorado,M,Magenta,Spring,2.7,Yes,Store Pickup,Yes,Yes,33,Debit Card,Monthly,2,High Value,0.7309183673469387,Unsatisfied,Medium Loyalty,Low Risk,Mature,High,No
935,45,Male,Jeans,Clothing,47,Oregon,S,Yellow,Spring,3.7,Yes,Express,Yes,Yes,21,Bank Transfer,Monthly,2,Medium Value,0.4493239795918368,Unsatisfied,Low Loyalty,Low Risk,Mature,High,No
936,58,Male,Hoodie,Clothing,51,Ohio,L,White,Fall,2.6,Yes,Store Pickup,Yes,Yes,2,Bank Transfer,Fortnightly,2,Low Value,0.3804974489795918,Unsatisfied,Low Loyalty,High Risk,Mature,High,No
937,31,Male,Shoes,Footwear,84,Maine,M,Pink,Summer,2.7,Yes,Free Shipping,Yes,Yes,28,Cash,Weekly,2,High Value,0.7753061224489796,Unsatisfied,Low Loyalty,Low Risk,Adult,High,No
938,32,Male,Shorts,Clothing,24,Iowa,M,Magenta,Summer,2.7,Yes,Express,Yes,Yes,18,Venmo,Quarterly,2,Low Value,0.2515816326530612,Unsatisfied,Low Loyalty,Low Risk,Adult,High,No
939,36,Male,Blouse,Clothing,97,Wisconsin,S,Teal,Fall,4.8,Yes,Free Shipping,Yes,Yes,21,Debit Card,Fortnightly,2,High Value,0.7555739795918368,Satisfied,Low Loyalty,Low Risk,Adult,High,No
940,25,Male,T-shirt,Clothing,89,New York,L,Indigo,Winter,4.8,Yes,Next Day Air,Yes,Yes,24,Credit Card,Monthly,2,High Value,0.7039413265306123,Satisfied,Low Loyalty,Low Risk,Young Adult,High,No
941,48,Male,Belt,Accessories,44,Colorado,S,Maroon,Spring,2.6,Yes,Store Pickup,Yes,Yes,15,PayPal,Every 3 Months,2,Low Value,0.3707142857142858,Unsatisfied,Low Loyalty,Low Risk,Mature,High,No
942,39,Male,Handbag,Accessories,35,Illinois,L,Black,Winter,4.5,Yes,2-Day Shipping,Yes,Yes,38,PayPal,Every 3 Months,2,Medium Value,0.4609056122448979,Satisfied,Medium Loyalty,Low Risk,Adult,High,No
943,26,Male,Dress,Clothing,91,Arizona,M,Cyan,Winter,3.2,Yes,Express,Yes,Yes,38,PayPal,Bi-Weekly,2,High Value,0.8509056122448979,Unsatisfied,Medium Loyalty,Low Risk,Adult,High,No
944,32,Male,Hat,Accessories,63,Oklahoma,L,Cyan,Winter,3.8,Yes,Next Day Air,Yes,Yes,13,Venmo,Fortnightly,2,Medium Value,0.515344387755102,Unsatisfied,Low Loyalty,Low Risk,Adult,High,No
945,54,Male,Belt,Accessories,97,Indiana,S,Gray,Spring,4.8,Yes,Express,Yes,Yes,39,Cash,Bi-Weekly,2,High Value,0.8907780612244899,Satisfied,Medium Loyalty,Low Risk,Mature,High,No
946,38,Male,Boots,Footwear,38,Minnesota,M,Violet,Summer,4.1,Yes,Store Pickup,Yes,Yes,8,Venmo,Every 3 Months,2,Low Value,0.2941071428571429,Satisfied,Low Loyalty,Low Risk,Adult,High,No
947,46,Male,Coat,Outerwear,24,Pennsylvania,XL,Blue,Spring,2.8,Yes,Next Day Air,Yes,Yes,4,PayPal,Quarterly,2,Low Value,0.16586734693877553,Unsatisfied,Low Loyalty,High Risk,Mature,High,No
948,57,Male,Blouse,Clothing,32,Indiana,M,Charcoal,Winter,3.9,Yes,Store Pickup,Yes,Yes,6,Cash,Every 3 Months,2,Low Value,0.24811224489795922,Unsatisfied,Low Loyalty,Low Risk,Mature,High,No
949,49,Male,Hat,Accessories,90,Alabama,L,Olive,Summer,4.9,Yes,Express,Yes,Yes,11,Venmo,Every 3 Months,2,High Value,0.6049744897959184,Satisfied,Low Loyalty,Low Risk,Mature,High,No
950,33,Male,Jeans,Clothing,36,Montana,M,Olive,Summer,3.4,Yes,Standard,Yes,Yes,49,Venmo,Monthly,2,High Value,0.5588775510204081,Unsatisfied,High Loyalty,Low Risk,Adult,High,Yes
951,54,Male,Backpack,Accessories,37,New Mexico,XL,Turquoise,Winter,4.1,Yes,Free Shipping,Yes,Yes,30,PayPal,Quarterly,2,Medium Value,0.39817602040816324,Satisfied,Medium Loyalty,Low Risk,Mature,High,No
952,47,Male,Dress,Clothing,51,Alaska,M,Cyan,Summer,2.9,Yes,Express,Yes,Yes,34,Bank Transfer,Monthly,2,Medium Value,0.5514158163265307,Unsatisfied,Medium Loyalty,Low Risk,Mature,High,No
953,36,Male,Hat,Accessories,71,Idaho,S,Red,Fall,3.1,Yes,2-Day Shipping,Yes,Yes,28,PayPal,Monthly,2,High Value,0.6271811224489796,Unsatisfied,Low Loyalty,Low Risk,Adult,High,No
954,68,Male,Sunglasses,Accessories,50,Utah,S,Cyan,Spring,3.6,Yes,2-Day Shipping,Yes,Yes,36,Venmo,Quarterly,2,Medium Value,0.5080357142857143,Unsatisfied,Medium Loyalty,Low Risk,Mature,High,No
955,60,Male,Hat,Accessories,74,Louisiana,S,Turquoise,Fall,3.5,Yes,Standard,Yes,Yes,18,Credit Card,Every 3 Months,2,High Value,0.5578316326530612,Unsatisfied,Low Loyalty,Low Risk,Mature,High,No
956,55,Male,Dress,Clothing,75,Mississippi,L,Lavender,Summer,3.4,Yes,Free Shipping,Yes,Yes,4,PayPal,Monthly,2,Medium Value,0.5027423469387755,Unsatisfied,Low Loyalty,Low Risk,Mature,High,No
957,29,Male,Shirt,Clothing,99,Mississippi,XL,Cyan,Spring,2.9,Yes,2-Day Shipping,Yes,Yes,42,Debit Card,Quarterly,2,High Value,0.8203954081632653,Unsatisfied,Medium Loyalty,Low Risk,Adult,High,No
958,38,Male,Scarf,Accessories,23,Indiana,XL,Violet,Spring,4.7,Yes,Store Pickup,Yes,Yes,11,Cash,Quarterly,2,Low Value,0.20309948979591838,Satisfied,Low Loyalty,Low Risk,Adult,High,No
959,70,Male,Sneakers,Footwear,53,Washington,XL,Beige,Winter,4.4,Yes,Free Shipping,Yes,Yes,31,Credit Card,Bi-Weekly,2,High Value,0.5942984693877551,Satisfied,Medium Loyalty,Low Risk,Mature,High,No
960,36,Male,Skirt,Clothing,99,Nevada,M,Cyan,Spring,2.6,Yes,Standard,Yes,Yes,12,Cash,Fortnightly,2,High Value,0.7117219387755102,Unsatisfied,Low Loyalty,Low Risk,Adult,High,No
961,18,Male,Jewelry,Accessories,48,Louisiana,XL,Indigo,Spring,4.4,Yes,Standard,Yes,Yes,20,Venmo,Quarterly,2,Medium Value,0.39882653061224493,Satisfied,Low Loyalty,Low Risk,Young Adult,High,No
962,62,Male,Boots,Footwear,72,Pennsylvania,L,Olive,Fall,3.7,Yes,Next Day Air,Yes,Yes,37,Debit Card,Quarterly,2,High Value,0.6379081632653061,Unsatisfied,Medium Loyalty,Low Risk,Mature,High,No
963,29,Male,Sunglasses,Accessories,64,Michigan,L,Green,Spring,4.4,Yes,Standard,Yes,Yes,26,Debit Card,Fortnightly,2,High Value,0.6005612244897959,Satisfied,Low Loyalty,Low Risk,Adult,High,No
964,21,Male,Boots,Footwear,63,South Carolina,L,Green,Spring,2.5,Yes,2-Day Shipping,Yes,Yes,14,Credit Card,Weekly,2,High Value,0.5714668367346939,Unsatisfied,Low Loyalty,Low Risk,Young Adult,High,No
965,42,Male,Sandals,Footwear,51,Arizona,M,Beige,Spring,2.6,Yes,Next Day Air,Yes,Yes,12,Venmo,Bi-Weekly,2,Medium Value,0.46672193877551027,Unsatisfied,Low Loyalty,Low Risk,Mature,High,No
966,43,Male,Boots,Footwear,55,Delaware,L,Black,Spring,5.0,Yes,Store Pickup,Yes,Yes,10,Credit Card,Annually,2,Low Value,0.3519770408163265,Satisfied,Low Loyalty,Low Risk,Mature,High,No
967,58,Male,Dress,Clothing,55,Kentucky,M,Brown,Spring,4.9,Yes,Express,Yes,Yes,19,Cash,Annually,2,Medium Value,0.40707908163265305,Satisfied,Low Loyalty,Low Risk,Mature,High,No
968,27,Male,Hoodie,Clothing,26,Georgia,S,Silver,Summer,3.7,Yes,Store Pickup,Yes,Yes,4,Cash,Weekly,2,Low Value,0.30211734693877546,Unsatisfied,Low Loyalty,Low Risk,Adult,High,No
969,57,Male,Shorts,Clothing,67,North Carolina,L,Gray,Summer,3.1,Yes,Next Day Air,Yes,Yes,48,Bank Transfer,Quarterly,2,High Value,0.6771301020408163,Unsatisfied,High Loyalty,Low Risk,Mature,High,Yes
970,40,Male,Coat,Outerwear,31,California,S,Pink,Fall,3.2,Yes,Express,Yes,Yes,37,PayPal,Monthly,2,Medium Value,0.45728316326530616,Unsatisfied,Medium Loyalty,Low Risk,Adult,High,No
971,45,Male,Jeans,Clothing,66,California,S,Maroon,Winter,4.4,Yes,Free Shipping,Yes,Yes,4,Cash,Monthly,2,Medium Value,0.4521173469387756,Satisfied,Low Loyalty,Low Risk,Mature,High,No
972,47,Male,Sunglasses,Accessories,67,Indiana,M,Cyan,Summer,4.3,Yes,Next Day Air,Yes,Yes,15,Credit Card,Weekly,2,High Value,0.6000892857142857,Satisfied,Low Loyalty,Low Risk,Mature,High,No
973,61,Male,Sneakers,Footwear,61,Colorado,L,Gold,Winter,3.0,Yes,Standard,Yes,Yes,33,Credit Card,Weekly,2,High Value,0.6765433673469387,Unsatisfied,Medium Loyalty,Low Risk,Mature,High,No
974,60,Male,Jacket,Outerwear,75,Colorado,M,Teal,Fall,3.5,Yes,2-Day Shipping,Yes,Yes,30,Bank Transfer,Quarterly,2,High Value,0.6119260204081632,Unsatisfied,Medium Loyalty,Low Risk,Mature,High,No
975,69,Male,Skirt,Clothing,90,North Carolina,M,Beige,Spring,3.6,Yes,2-Day Shipping,Yes,Yes,23,Bank Transfer,Monthly,2,High Value,0.7034438775510203,Unsatisfied,Low Loyalty,Low Risk,Mature,High,No
976,58,Male,Sweater,Clothing,40,Washington,M,Olive,Summer,3.8,Yes,2-Day Shipping,Yes,Yes,2,Bank Transfer,Weekly,2,Low Value,0.36862244897959184,Unsatisfied,Low Loyalty,Low Risk,Mature,High,No
977,34,Male,T-shirt,Clothing,90,Florida,M,Gray,Fall,3.6,Yes,Express,Yes,Yes,50,Credit Card,Every 3 Months,2,High Value,0.84375,Unsatisfied,High Loyalty,Low Risk,Adult,High,Yes
978,20,Male,Belt,Accessories,20,Washington,M,Black,Spring,4.6,Yes,Express,Yes,Yes,34,Cash,Bi-Weekly,2,Medium Value,0.42704081632653057,Satisfied,Medium Loyalty,Low Risk,Young Adult,High,No
979,56,Male,Gloves,Accessories,40,Colorado,M,Turquoise,Summer,2.5,Yes,Standard,Yes,Yes,33,Credit Card,Weekly,2,High Value,0.5584183673469387,Unsatisfied,Medium Loyalty,Low Risk,Mature,High,No
980,64,Male,Hat,Accessories,33,New Hampshire,S,Brown,Fall,3.5,Yes,Store Pickup,Yes,Yes,34,Debit Card,Monthly,2,Medium Value,0.45016581632653063,Unsatisfied,Medium Loyalty,Low Risk,Mature,High,No
981,56,Male,Boots,Footwear,98,Maryland,S,Magenta,Spring,4.0,Yes,Free Shipping,Yes,Yes,39,PayPal,Every 3 Months,2,High Value,0.8214030612244898,Satisfied,Medium Loyalty,Low Risk,Mature,High,No
982,27,Male,Belt,Accessories,42,Maryland,M,Silver,Spring,3.5,Yes,Next Day Air,Yes,Yes,47,Credit Card,Quarterly,2,Medium Value,0.5303826530612246,Unsatisfied,High Loyalty,Low Risk,Adult,High,No
983,35,Male,Coat,Outerwear,62,Texas,S,Red,Summer,3.2,Yes,Standard,Yes,Yes,37,PayPal,Monthly,2,High Value,0.6316581632653061,Unsatisfied,Medium Loyalty,Low Risk,Adult,High,No
984,24,Male,Hat,Accessories,45,New Mexico,L,Indigo,Winter,3.5,Yes,Free Shipping,Yes,Yes,40,Venmo,Bi-Weekly,2,High Value,0.6044005102040816,Unsatisfied,Medium Loyalty,Low Risk,Young Adult,High,No
985,26,Male,Shoes,Footwear,78,Utah,M,Green,Summer,3.4,Yes,Free Shipping,Yes,Yes,8,Credit Card,Bi-Weekly,2,High Value,0.594107142857143,Unsatisfied,Low Loyalty,Low Risk,Adult,High,No
986,32,Male,Handbag,Accessories,80,West Virginia,M,Gray,Fall,5.0,Yes,Express,Yes,Yes,12,Bank Transfer,Annually,2,Medium Value,0.5048469387755102,Satisfied,Low Loyalty,Low Risk,Adult,High,No
987,54,Male,Scarf,Accessories,96,Connecticut,S,Peach,Spring,4.5,Yes,Store Pickup,Yes,Yes,36,Bank Transfer,Monthly,2,High Value,0.8167857142857143,Satisfied,Medium Loyalty,Low Risk,Mature,High,No
988,62,Male,Handbag,Accessories,47,West Virginia,M,Charcoal,Summer,2.8,Yes,Express,Yes,Yes,48,PayPal,Weekly,2,High Value,0.6896301020408163,Unsatisfied,High Loyalty,Low Risk,Mature,High,Yes
989,50,Male,Pants,Clothing,84,Ohio,M,Orange,Winter,4.9,Yes,2-Day Shipping,Yes,Yes,47,PayPal,Fortnightly,2,High Value,0.8416326530612245,Satisfied,High Loyalty,Low Risk,Mature,High,Yes
990,70,Male,Shoes,Footwear,31,Texas,M,Beige,Spring,3.1,Yes,Store Pickup,Yes,Yes,2,Bank Transfer,Monthly,2,Low Value,0.24299744897959183,Unsatisfied,Low Loyalty,Low Risk,Mature,High,No
991,48,Male,Sunglasses,Accessories,63,Washington,S,Yellow,Spring,4.8,Yes,Store Pickup,Yes,Yes,24,Cash,Weekly,2,High Value,0.6326913265306122,Satisfied,Low Loyalty,Low Risk,Mature,High,No
992,20,Male,Shorts,Clothing,97,Wisconsin,XL,White,Spring,2.7,Yes,Standard,Yes,Yes,40,Bank Transfer,Bi-Weekly,2,High Value,0.8969005102040817,Unsatisfied,Medium Loyalty,Low Risk,Young Adult,High,No
993,46,Male,Jacket,Outerwear,99,Louisiana,M,Gray,Winter,4.6,Yes,Express,Yes,Yes,50,Debit Card,Weekly,2,High Value,0.9943749999999999,Satisfied,High Loyalty,Low Risk,Mature,High,Yes
994,51,Male,Sandals,Footwear,90,Iowa,M,Peach,Winter,4.4,Yes,Store Pickup,Yes,Yes,25,Cash,Weekly,2,High Value,0.790688775510204,Satisfied,Low Loyalty,Low Risk,Mature,High,No
995,53,Male,Shoes,Footwear,68,New York,L,Violet,Fall,3.2,Yes,Express,Yes,Yes,20,Debit Card,Monthly,2,High Value,0.561326530612245,Unsatisfied,Low Loyalty,Low Risk,Mature,High,No
996,44,Male,Jewelry,Accessories,80,Idaho,M,Magenta,Spring,3.0,Yes,2-Day Shipping,Yes,Yes,10,Venmo,Weekly,2,High Value,0.6426020408163265,Unsatisfied,Low Loyalty,Low Risk,Mature,High,No
997,29,Male,Sandals,Footwear,91,Delaware,L,Maroon,Summer,4.9,Yes,Standard,Yes,Yes,32,Bank Transfer,Quarterly,2,High Value,0.7141709183673469,Satisfied,Medium Loyalty,Low Risk,Adult,High,No
998,64,Male,Pants,Clothing,30,Kentucky,M,Cyan,Spring,3.6,Yes,Express,Yes,Yes,31,Cash,Fortnightly,2,Medium Value,0.43992346938775506,Unsatisfied,Medium Loyalty,Low Risk,Mature,High,No
999,51,Male,Shoes,Footwear,90,Connecticut,M,White,Spring,3.8,Yes,Next Day Air,Yes,Yes,48,Bank Transfer,Bi-Weekly,2,High Value,0.9065051020408162,Unsatisfied,High Loyalty,Low Risk,Mature,High,Yes
1000,50,Male,Socks,Clothing,28,New Mexico,L,Brown,Spring,2.9,Yes,Standard,Yes,Yes,23,Debit Card,Monthly,2,Low Value,0.35469387755102044,Unsatisfied,Low Loyalty,Low Risk,Mature,High,No
1001,43,Male,Socks,Clothing,46,Georgia,M,Red,Winter,3.9,Yes,Express,Yes,Yes,1,Bank Transfer,Bi-Weekly,2,Low Value,0.3712500000000001,Unsatisfied,Low Loyalty,Low Risk,Mature,High,No
1002,61,Male,Dress,Clothing,60,Washington,M,Orange,Fall,3.6,Yes,Standard,Yes,Yes,4,Debit Card,Fortnightly,2,Medium Value,0.44336734693877555,Unsatisfied,Low Loyalty,Low Risk,Mature,High,No
1003,55,Male,Shoes,Footwear,59,North Dakota,M,White,Spring,3.5,Yes,Store Pickup,Yes,Yes,3,Bank Transfer,Bi-Weekly,2,Medium Value,0.4566198979591837,Unsatisfied,Low Loyalty,Low Risk,Mature,High,No
1004,56,Male,Hat,Accessories,68,Ohio,M,Green,Fall,4.0,Yes,Store Pickup,Yes,Yes,3,Cash,Bi-Weekly,2,Medium Value,0.5072448979591837,Satisfied,Low Loyalty,Low Risk,Mature,High,No
1005,33,Male,Backpack,Accessories,79,Tennessee,M,Black,Summer,4.8,Yes,2-Day Shipping,Yes,Yes,44,Cash,Annually,2,High Value,0.6951403061224489,Satisfied,Medium Loyalty,Low Risk,Adult,High,No
1006,43,Male,Backpack,Accessories,94,New York,M,Gold,Winter,3.9,Yes,Store Pickup,Yes,Yes,5,Debit Card,Bi-Weekly,2,High Value,0.6657397959183674,Unsatisfied,Low Loyalty,Low Risk,Mature,High,No
1007,21,Male,Pants,Clothing,83,Michigan,S,Lavender,Summer,4.5,Yes,Next Day Air,Yes,Yes,50,Venmo,Quarterly,2,High Value,0.779375,Satisfied,High Loyalty,Low Risk,Young Adult,High,Yes
1008,58,Male,Gloves,Accessories,62,Georgia,XL,Turquoise,Spring,4.8,Yes,Standard,Yes,Yes,2,Credit Card,Annually,2,Low Value,0.34237244897959185,Satisfied,Low Loyalty,Low Risk,Mature,High,No
1009,41,Male,Scarf,Accessories,85,New Mexico,M,Pink,Spring,2.6,Yes,Store Pickup,Yes,Yes,29,PayPal,Annually,2,High Value,0.6370535714285714,Unsatisfied,Low Loyalty,Low Risk,Mature,High,No
1010,39,Male,Hoodie,Clothing,30,Louisiana,M,Silver,Summer,3.1,Yes,Express,Yes,Yes,11,Venmo,Annually,2,Low Value,0.21747448979591838,Unsatisfied,Low Loyalty,Low Risk,Adult,High,No
1011,54,Male,Jeans,Clothing,24,South Dakota,XL,Gray,Spring,4.7,Yes,2-Day Shipping,Yes,Yes,37,Credit Card,Fortnightly,2,Medium Value,0.44290816326530613,Satisfied,Medium Loyalty,Low Risk,Mature,High,No
1012,43,Male,Backpack,Accessories,25,Montana,L,Indigo,Spring,2.9,Yes,Next Day Air,Yes,Yes,32,Debit Card,Fortnightly,2,Medium Value,0.4179209183673469,Unsatisfied,Medium Loyalty,Low Risk,Mature,High,No
1013,28,Male,Sandals,Footwear,37,New Mexico,L,Teal,Summer,3.8,Yes,Express,Yes,Yes,27,Credit Card,Annually,2,Low Value,0.3548086734693877,Unsatisfied,Low Loyalty,Low Risk,Adult,High,No
1014,59,Male,Belt,Accessories,69,South Carolina,XL,Green,Summer,3.8,Yes,2-Day Shipping,Yes,Yes,31,Venmo,Bi-Weekly,2,High Value,0.6842984693877551,Unsatisfied,Medium Loyalty,Low Risk,Mature,High,No
1015,28,Male,Shoes,Footwear,97,Ohio,M,Violet,Summer,3.0,Yes,Standard,Yes,Yes,36,Debit Card,Fortnightly,2,High Value,0.8474107142857144,Unsatisfied,Medium Loyalty,Low Risk,Adult,High,No
1016,68,Male,Gloves,Accessories,24,North Carolina,M,Cyan,Summer,4.1,Yes,Standard,Yes,Yes,34,Cash,Weekly,2,Medium Value,0.47454081632653056,Satisfied,Medium Loyalty,Low Risk,Mature,High,No
1017,20,Male,Belt,Accessories,30,Idaho,XL,Blue,Summer,3.4,Yes,Express,Yes,Yes,15,Bank Transfer,Every 3 Months,2,Low Value,0.2919642857142857,Unsatisfied,Low Loyalty,Low Risk,Young Adult,High,No
1018,21,Male,Jacket,Outerwear,53,Oklahoma,L,Orange,Fall,2.5,Yes,Express,Yes,Yes,14,Credit Card,Annually,2,Low Value,0.36521683673469385,Unsatisfied,Low Loyalty,Low Risk,Young Adult,High,No
1019,50,Male,Dress,Clothing,70,Georgia,XL,Charcoal,Spring,4.9,Yes,Next Day Air,Yes,Yes,46,Cash,Weekly,2,High Value,0.8067602040816325,Satisfied,Medium Loyalty,Low Risk,Mature,High,No
1020,32,Male,Shirt,Clothing,76,Kentucky,S,Beige,Winter,2.8,Yes,Standard,Yes,Yes,33,Venmo,Bi-Weekly,2,High Value,0.7359183673469388,Unsatisfied,Medium Loyalty,Low Risk,Adult,High,No
1021,24,Male,Scarf,Accessories,95,Delaware,M,Black,Fall,4.5,Yes,Express,Yes,Yes,41,Debit Card,Annually,2,High Value,0.7667729591836734,Satisfied,Medium Loyalty,Low Risk,Young Adult,High,No
1022,55,Male,Coat,Outerwear,51,Massachusetts,S,Lavender,Winter,4.9,Yes,2-Day Shipping,Yes,Yes,39,PayPal,Weekly,2,High Value,0.6570280612244898,Satisfied,Medium Loyalty,Low Risk,Mature,High,No
1023,61,Male,Handbag,Accessories,41,Nebraska,M,Lavender,Winter,4.9,Yes,Store Pickup,Yes,Yes,7,Cash,Annually,2,Low Value,0.25485969387755103,Satisfied,Low Loyalty,Low Risk,Mature,High,No
1024,61,Male,Sunglasses,Accessories,71,Maine,S,Turquoise,Winter,3.5,Yes,Free Shipping,Yes,Yes,29,Bank Transfer,Every 3 Months,2,High Value,0.6083035714285715,Unsatisfied,Low Loyalty,Low Risk,Mature,High,No
1025,28,Male,T-shirt,Clothing,66,Pennsylvania,M,Purple,Summer,3.5,Yes,Free Shipping,Yes,Yes,18,Venmo,Quarterly,2,Medium Value,0.4878316326530613,Unsatisfied,Low Loyalty,Low Risk,Adult,High,No
1026,60,Male,Shirt,Clothing,84,Nebraska,M,Olive,Winter,4.9,Yes,Free Shipping,Yes,Yes,15,Credit Card,Annually,2,Medium Value,0.5457142857142857,Satisfied,Low Loyalty,Low Risk,Mature,High,No
1027,49,Male,Handbag,Accessories,95,Virginia,L,Turquoise,Winter,3.0,Yes,Express,Yes,Yes,39,PayPal,Bi-Weekly,2,High Value,0.8795280612244897,Unsatisfied,Medium Loyalty,Low Risk,Mature,High,No
1028,33,Male,Jewelry,Accessories,90,Ohio,L,Teal,Summer,2.8,Yes,Next Day Air,Yes,Yes,11,Cash,Monthly,2,High Value,0.6299744897959183,Unsatisfied,Low Loyalty,Low Risk,Adult,High,No
1029,45,Male,Hoodie,Clothing,36,Nebraska,S,Lavender,Summer,3.7,Yes,Standard,Yes,Yes,4,Cash,Fortnightly,2,Low Value,0.30836734693877554,Unsatisfied,Low Loyalty,Low Risk,Mature,High,No
1030,29,Male,Gloves,Accessories,22,Ohio,M,Purple,Spring,3.6,Yes,2-Day Shipping,Yes,Yes,33,Venmo,Bi-Weekly,2,Medium Value,0.43216836734693875,Unsatisfied,Medium Loyalty,Low Risk,Adult,High,No
1031,58,Male,Coat,Outerwear,89,Kentucky,L,Blue,Winter,3.3,Yes,Next Day Air,Yes,Yes,37,Debit Card,Quarterly,2,High Value,0.7335331632653062,Unsatisfied,Medium Loyalty,Low Risk,Mature,High,No
1032,22,Male,Sandals,Footwear,50,Tennessee,M,Teal,Spring,3.4,Yes,Free Shipping,Yes,Yes,32,Cash,Quarterly,2,Medium Value,0.48354591836734695,Unsatisfied,Medium Loyalty,Low Risk,Young Adult,High,No
1033,55,Male,Boots,Footwear,36,Maine,M,Lavender,Fall,4.0,Yes,Free Shipping,Yes,Yes,44,Credit Card,Quarterly,2,Medium Value,0.478265306122449,Satisfied,Medium Loyalty,Low Risk,Mature,High,No
1034,19,Male,Pants,Clothing,52,Montana,S,Silver,Spring,4.6,Yes,Free Shipping,Yes,Yes,41,Bank Transfer,Quarterly,2,Medium Value,0.5498979591836735,Satisfied,Medium Loyalty,Low Risk,Young Adult,High,No
1035,68,Male,Socks,Clothing,29,Maryland,M,Olive,Fall,4.2,Yes,Next Day Air,Yes,Yes,44,Bank Transfer,Weekly,2,High Value,0.563890306122449,Satisfied,Medium Loyalty,Low Risk,Mature,High,No
1036,61,Male,Blouse,Clothing,89,Georgia,M,Brown,Fall,2.8,Yes,Express,Yes,Yes,32,Venmo,Annually,2,High Value,0.6779209183673469,Unsatisfied,Medium Loyalty,Low Risk,Mature,High,No
1037,68,Male,Handbag,Accessories,47,Hawaii,M,Yellow,Fall,3.7,Yes,2-Day Shipping,Yes,Yes,13,Bank Transfer,Monthly,2,Medium Value,0.40034438775510206,Unsatisfied,Low Loyalty,Low Risk,Mature,High,No
1038,52,Male,Jewelry,Accessories,25,Rhode Island,XL,Brown,Spring,3.4,Yes,Standard,Yes,Yes,48,Debit Card,Quarterly,2,Medium Value,0.4408801020408163,Unsatisfied,High Loyalty,Low Risk,Mature,High,No
1039,41,Male,Pants,Clothing,74,Nebraska,XL,Cyan,Fall,3.0,Yes,Express,Yes,Yes,3,Bank Transfer,Weekly,2,High Value,0.5659948979591837,Unsatisfied,Low Loyalty,Low Risk,Mature,High,No
1040,29,Male,Belt,Accessories,46,Michigan,M,Magenta,Fall,4.8,Yes,Standard,Yes,Yes,39,Venmo,Monthly,2,High Value,0.5539030612244898,Satisfied,Medium Loyalty,Low Risk,Adult,High,No
1041,68,Male,Jeans,Clothing,22,North Carolina,S,Magenta,Fall,4.0,Yes,Next Day Air,Yes,Yes,7,Cash,Fortnightly,2,Low Value,0.24798469387755104,Satisfied,Low Loyalty,Low Risk,Mature,High,No
1042,36,Male,Shirt,Clothing,25,Minnesota,M,Orange,Summer,4.9,Yes,Next Day Air,Yes,Yes,11,Cash,Fortnightly,2,Low Value,0.28934948979591835,Satisfied,Low Loyalty,Low Risk,Adult,High,No
1043,55,Male,Belt,Accessories,80,Maryland,M,Maroon,Spring,4.9,Yes,Next Day Air,Yes,Yes,47,Credit Card,Weekly,2,High Value,0.8691326530612243,Satisfied,High Loyalty,Low Risk,Mature,High,Yes
1044,28,Male,Jeans,Clothing,76,Hawaii,M,Green,Spring,3.3,Yes,2-Day Shipping,Yes,Yes,28,Debit Card,Fortnightly,2,High Value,0.6803061224489796,Unsatisfied,Low Loyalty,Low Risk,Adult,High,No
1045,39,Male,Jeans,Clothing,30,Oregon,L,Teal,Summer,4.4,Yes,Next Day Air,Yes,Yes,17,Bank Transfer,Every 3 Months,2,Low Value,0.3042091836734694,Satisfied,Low Loyalty,Low Risk,Adult,High,No
1046,54,Male,Sweater,Clothing,79,New Mexico,L,Black,Fall,3.5,Yes,2-Day Shipping,Yes,Yes,11,PayPal,Bi-Weekly,2,High Value,0.6180994897959183,Unsatisfied,Low Loyalty,Low Risk,Mature,High,No
1047,40,Male,Sneakers,Footwear,22,Illinois,M,Magenta,Winter,4.2,Yes,Standard,Yes,Yes,12,Venmo,Annually,2,Low Value,0.17859693877551022,Satisfied,Low Loyalty,Low Risk,Adult,High,No
1048,31,Male,Socks,Clothing,36,Utah,S,Olive,Fall,4.2,Yes,Standard,Yes,Yes,7,Credit Card,Fortnightly,2,Low Value,0.32673469387755105,Satisfied,Low Loyalty,Low Risk,Adult,High,No
1049,30,Male,Socks,Clothing,77,Maine,L,Yellow,Fall,2.7,Yes,Standard,Yes,Yes,19,Venmo,Fortnightly,2,High Value,0.630829081632653,Unsatisfied,Low Loyalty,Low Risk,Adult,High,No
1050,45,Male,Sunglasses,Accessories,33,Virginia,S,Purple,Fall,2.8,Yes,Store Pickup,Yes,Yes,24,Cash,Quarterly,2,Low Value,0.33894132653061226,Unsatisfied,Low Loyalty,Low Risk,Mature,High,No
1051,48,Male,Sneakers,Footwear,64,Florida,M,Beige,Winter,3.8,Yes,Next Day Air,Yes,Yes,19,Venmo,Monthly,2,Medium Value,0.5327040816326531,Unsatisfied,Low Loyalty,Low Risk,Mature,High,No
1052,45,Male,Socks,Clothing,53,Ohio,M,Indigo,Fall,2.6,Yes,Free Shipping,Yes,Yes,39,PayPal,Annually,2,Medium Value,0.5182780612244898,Unsatisfied,Medium Loyalty,Low Risk,Mature,High,No
1053,60,Male,Shoes,Footwear,36,Virginia,XL,Pink,Fall,3.0,Yes,2-Day Shipping,Yes,Yes,1,Credit Card,Fortnightly,2,Low Value,0.29000000000000004,Unsatisfied,Low Loyalty,Low Risk,Mature,High,No
1054,59,Male,Blouse,Clothing,70,Kansas,M,Blue,Spring,3.3,No,2-Day Shipping,Yes,Yes,10,Debit Card,Bi-Weekly,2,Medium Value,0.4613520408163265,Unsatisfied,Low Loyalty,Low Risk,Mature,High,No
1055,18,Male,Shorts,Clothing,96,Arkansas,L,Cyan,Winter,4.9,No,Express,Yes,Yes,48,PayPal,Quarterly,2,High Value,0.7402551020408165,Satisfied,High Loyalty,Low Risk,Young Adult,High,Yes
1056,70,Male,Jacket,Outerwear,27,Massachusetts,M,Orange,Spring,3.3,No,Next Day Air,Yes,Yes,24,Debit Card,Annually,2,Low Value,0.18019132653061226,Unsatisfied,Low Loyalty,Low Risk,Mature,High,No
1057,20,Male,Sweater,Clothing,64,Idaho,L,Black,Winter,2.9,No,2-Day Shipping,Yes,Yes,42,Venmo,Fortnightly,2,High Value,0.5985204081632652,Unsatisfied,Medium Loyalty,Low Risk,Young Adult,High,No
1058,65,Male,Jacket,Outerwear,23,Wisconsin,S,Maroon,Spring,4.4,No,2-Day Shipping,Yes,Yes,20,Credit Card,Weekly,2,Low Value,0.28320153061224485,Satisfied,Low Loyalty,Low Risk,Mature,High,No
1059,29,Male,Scarf,Accessories,33,New Mexico,L,Violet,Summer,3.1,No,Next Day Air,Yes,Yes,49,Bank Transfer,Every 3 Months,2,Medium Value,0.4170025510204081,Unsatisfied,High Loyalty,Low Risk,Adult,High,No
1060,22,Male,Jacket,Outerwear,34,North Carolina,M,Beige,Winter,2.5,No,Standard,Yes,Yes,25,Debit Card,Monthly,2,Low Value,0.3006887755102041,Unsatisfied,Low Loyalty,Low Risk,Young Adult,High,No
1061,27,Male,Sweater,Clothing,35,Iowa,S,Gray,Summer,2.6,No,Next Day Air,Yes,Yes,21,Debit Card,Every 3 Months,2,Low Value,0.2568239795918367,Unsatisfied,Low Loyalty,Low Risk,Adult,High,No
1062,36,Male,Coat,Outerwear,62,Idaho,M,Gray,Summer,4.4,No,Free Shipping,Yes,Yes,12,Venmo,Every 3 Months,2,Low Value,0.3535969387755102,Satisfied,Low Loyalty,Low Risk,Adult,High,No
1063,59,Male,Boots,Footwear,75,Ohio,M,Brown,Fall,2.6,No,Next Day Air,Yes,Yes,21,Debit Card,Every 3 Months,2,Medium Value,0.4818239795918367,Unsatisfied,Low Loyalty,Low Risk,Mature,High,No
1064,62,Male,Hoodie,Clothing,29,Alabama,S,Indigo,Summer,3.3,No,Free Shipping,Yes,Yes,35,Cash,Monthly,2,Low Value,0.33378826530612243,Unsatisfied,Medium Loyalty,Low Risk,Mature,High,No
1065,34,Male,Hat,Accessories,28,Wyoming,M,Violet,Spring,3.5,No,Express,Yes,Yes,42,Credit Card,Every 3 Months,2,Low Value,0.3460204081632653,Unsatisfied,Medium Loyalty,Low Risk,Adult,High,No
1066,59,Male,T-shirt,Clothing,20,Alabama,XL,Blue,Spring,4.1,No,Store Pickup,Yes,Yes,3,PayPal,Every 3 Months,2,Low Value,0.06224489795918368,Satisfied,Low Loyalty,Low Risk,Mature,High,No
1067,49,Male,Coat,Outerwear,96,Mississippi,M,Red,Winter,4.0,No,Store Pickup,Yes,Yes,11,PayPal,Bi-Weekly,2,High Value,0.6137244897959184,Satisfied,Low Loyalty,Low Risk,Mature,High,No
1068,18,Male,Dress,Clothing,43,Pennsylvania,S,Peach,Summer,2.7,No,2-Day Shipping,Yes,Yes,22,PayPal,Quarterly,2,Low Value,0.28294642857142854,Unsatisfied,Low Loyalty,Low Risk,Young Adult,High,No
1069,55,Male,Shirt,Clothing,94,Wyoming,M,Olive,Fall,2.5,No,Standard,Yes,Yes,47,Credit Card,Weekly,2,High Value,0.8478826530612245,Unsatisfied,High Loyalty,Low Risk,Mature,High,Yes
1070,38,Male,Skirt,Clothing,81,Maryland,XL,White,Fall,4.3,No,Next Day Air,Yes,Yes,33,Venmo,Every 3 Months,2,High Value,0.5890433673469389,Satisfied,Medium Loyalty,Low Risk,Adult,High,No
1071,50,Male,Jewelry,Accessories,75,North Carolina,M,Magenta,Summer,3.3,No,Free Shipping,Yes,Yes,50,Debit Card,Weekly,2,High Value,0.7593749999999999,Unsatisfied,High Loyalty,Low Risk,Mature,High,Yes
1072,61,Male,Hat,Accessories,81,Pennsylvania,M,Beige,Summer,2.6,No,Express,Yes,Yes,46,Credit Card,Monthly,2,High Value,0.6936352040816326,Unsatisfied,Medium Loyalty,Low Risk,Mature,High,No
1073,48,Male,Shorts,Clothing,92,Idaho,L,Gold,Fall,3.8,No,Express,Yes,Yes,34,Debit Card,Fortnightly,2,High Value,0.7070408163265306,Unsatisfied,Medium Loyalty,Low Risk,Mature,High,No
1074,22,Male,Scarf,Accessories,96,California,XL,Purple,Spring,4.0,No,Store Pickup,Yes,Yes,33,Credit Card,Monthly,2,High Value,0.6984183673469389,Satisfied,Medium Loyalty,Low Risk,Young Adult,High,No
1075,48,Male,Jewelry,Accessories,71,Tennessee,S,White,Fall,2.6,No,Standard,Yes,Yes,45,Bank Transfer,Fortnightly,2,High Value,0.6562627551020408,Unsatisfied,Medium Loyalty,Low Risk,Mature,High,No
1076,57,Male,Sunglasses,Accessories,50,Missouri,L,Indigo,Summer,4.9,No,Next Day Air,Yes,Yes,32,Debit Card,Bi-Weekly,2,Medium Value,0.48354591836734695,Satisfied,Medium Loyalty,Low Risk,Mature,High,No
1077,33,Male,Coat,Outerwear,72,North Dakota,L,Charcoal,Spring,2.9,No,Standard,Yes,Yes,47,Venmo,Bi-Weekly,2,High Value,0.6991326530612245,Unsatisfied,High Loyalty,Low Risk,Adult,High,Yes
1078,58,Male,Jacket,Outerwear,28,West Virginia,M,Pink,Winter,3.7,No,Standard,Yes,Yes,5,PayPal,Quarterly,2,Low Value,0.09448979591836736,Unsatisfied,Low Loyalty,Low Risk,Mature,High,No
1079,37,Male,Sweater,Clothing,59,Arizona,M,Silver,Fall,4.4,No,Express,Yes,Yes,49,Credit Card,Fortnightly,2,High Value,0.6132525510204081,Satisfied,High Loyalty,Low Risk,Adult,High,Yes
1080,18,Male,Coat,Outerwear,33,Oklahoma,S,Blue,Summer,4.4,No,Free Shipping,Yes,Yes,48,Bank Transfer,Monthly,2,Medium Value,0.43588010204081634,Satisfied,High Loyalty,Low Risk,Young Adult,High,No
1081,65,Male,Scarf,Accessories,59,Pennsylvania,L,Blue,Fall,3.8,No,Express,Yes,Yes,22,Cash,Every 3 Months,2,Medium Value,0.39794642857142853,Unsatisfied,Low Loyalty,Low Risk,Mature,High,No
1082,62,Male,Belt,Accessories,30,Idaho,XL,Brown,Spring,4.5,No,Standard,Yes,Yes,45,Credit Card,Annually,2,Low Value,0.3256377551020408,Satisfied,Medium Loyalty,Low Risk,Mature,High,No
1083,54,Male,Hat,Accessories,85,South Carolina,XL,Cyan,Winter,2.6,No,Next Day Air,Yes,Yes,30,Venmo,Quarterly,2,High Value,0.5681760204081633,Unsatisfied,Medium Loyalty,Low Risk,Mature,High,No
1084,35,Male,Backpack,Accessories,97,Washington,L,Teal,Summer,3.3,No,Store Pickup,Yes,Yes,43,Cash,Weekly,2,High Value,0.8402678571428572,Unsatisfied,Medium Loyalty,Low Risk,Adult,High,No
1085,34,Male,T-shirt,Clothing,36,Arkansas,S,Purple,Fall,4.1,No,Next Day Air,Yes,Yes,48,Cash,Quarterly,2,Medium Value,0.4027551020408163,Satisfied,High Loyalty,Low Risk,Adult,High,No
1086,25,Male,Jewelry,Accessories,85,Utah,M,Turquoise,Winter,3.0,No,Store Pickup,Yes,Yes,23,Venmo,Fortnightly,2,High Value,0.6003188775510204,Unsatisfied,Low Loyalty,Low Risk,Young Adult,High,No
1087,53,Male,Sunglasses,Accessories,62,Alaska,M,Olive,Winter,3.0,No,Free Shipping,Yes,Yes,27,PayPal,Bi-Weekly,2,Medium Value,0.5204336734693877,Unsatisfied,Low Loyalty,Low Risk,Mature,High,No
1088,45,Male,Jeans,Clothing,71,West Virginia,S,White,Winter,3.4,No,Next Day Air,Yes,Yes,7,Bank Transfer,Monthly,2,Medium Value,0.3986096938775511,Unsatisfied,Low Loyalty,Low Risk,Mature,High,No
1089,49,Male,Pants,Clothing,21,Louisiana,M,Turquoise,Winter,2.7,No,Free Shipping,Yes,Yes,2,PayPal,Weekly,2,Low Value,0.1617474489795918,Unsatisfied,Low Loyalty,High Risk,Mature,High,No
1090,40,Male,Backpack,Accessories,61,Arizona,M,Silver,Spring,3.8,No,Next Day Air,Yes,Yes,33,PayPal,Bi-Weekly,2,Medium Value,0.5515433673469388,Unsatisfied,Medium Loyalty,Low Risk,Adult,High,No
1091,38,Male,Scarf,Accessories,58,Connecticut,M,Violet,Spring,4.2,No,Store Pickup,Yes,Yes,27,Cash,Fortnightly,2,Medium Value,0.47293367346938775,Satisfied,Low Loyalty,Low Risk,Adult,High,No
1092,44,Male,Sweater,Clothing,80,North Carolina,L,Lavender,Spring,4.7,No,Store Pickup,Yes,Yes,6,Credit Card,Fortnightly,2,Medium Value,0.46811224489795916,Satisfied,Low Loyalty,Low Risk,Mature,High,No
1093,68,Male,Jewelry,Accessories,50,South Dakota,L,Magenta,Spring,4.1,No,2-Day Shipping,Yes,Yes,20,Venmo,Quarterly,2,Low Value,0.31007653061224494,Satisfied,Low Loyalty,Low Risk,Mature,High,No
1094,60,Male,Sneakers,Footwear,48,Delaware,S,Indigo,Winter,4.2,No,2-Day Shipping,Yes,Yes,46,Venmo,Every 3 Months,2,Medium Value,0.4830102040816327,Satisfied,Medium Loyalty,Low Risk,Mature,High,No
1095,25,Male,Jewelry,Accessories,40,Connecticut,M,Black,Winter,4.8,No,Next Day Air,Yes,Yes,25,Cash,Quarterly,2,Low Value,0.2844387755102041,Satisfied,Low Loyalty,Low Risk,Young Adult,High,No
1096,19,Male,Coat,Outerwear,34,Tennessee,S,Peach,Summer,3.0,No,Free Shipping,Yes,Yes,30,Bank Transfer,Quarterly,2,Low Value,0.2813010204081633,Unsatisfied,Medium Loyalty,Low Risk,Young Adult,High,No
1097,57,Male,Coat,Outerwear,46,New Hampshire,S,Beige,Fall,2.6,No,Standard,Yes,Yes,48,Credit Card,Annually,2,Medium Value,0.4340051020408163,Unsatisfied,High Loyalty,Low Risk,Mature,High,No
1098,58,Male,Sunglasses,Accessories,27,Vermont,M,Black,Summer,3.2,No,Store Pickup,Yes,Yes,47,Bank Transfer,Weekly,2,Medium Value,0.47100765306122444,Unsatisfied,High Loyalty,Low Risk,Mature,High,No
1099,49,Male,Handbag,Accessories,98,Idaho,S,Turquoise,Spring,3.6,No,Next Day Air,Yes,Yes,27,Credit Card,Weekly,2,High Value,0.7479336734693878,Unsatisfied,Low Loyalty,Low Risk,Mature,High,No
1100,19,Male,Sweater,Clothing,73,North Carolina,M,Peach,Fall,2.6,No,Next Day Air,Yes,Yes,45,Bank Transfer,Fortnightly,2,High Value,0.6675127551020408,Unsatisfied,Medium Loyalty,Low Risk,Young Adult,High,No
1101,50,Male,Pants,Clothing,28,Nevada,L,Gold,Spring,4.4,No,Express,Yes,Yes,2,Credit Card,Weekly,2,Low Value,0.2011224489795918,Satisfied,Low Loyalty,Low Risk,Mature,High,No
1102,30,Male,Gloves,Accessories,76,Delaware,XL,Silver,Fall,3.0,No,Free Shipping,Yes,Yes,39,Cash,Fortnightly,2,High Value,0.6476530612244898,Unsatisfied,Medium Loyalty,Low Risk,Adult,High,No
1103,52,Male,Sweater,Clothing,83,Texas,M,Peach,Fall,2.9,No,Express,Yes,Yes,24,Cash,Fortnightly,2,High Value,0.5951913265306122,Unsatisfied,Low Loyalty,Low Risk,Mature,High,No
1104,35,Male,Hoodie,Clothing,23,Tennessee,S,Charcoal,Spring,4.3,No,Free Shipping,Yes,Yes,8,Debit Card,Bi-Weekly,2,Low Value,0.18473214285714287,Satisfied,Low Loyalty,Low Risk,Adult,High,No
1105,35,Male,Hat,Accessories,28,Delaware,M,Beige,Fall,3.1,No,Express,Yes,Yes,8,Bank Transfer,Quarterly,2,Low Value,0.11285714285714286,Unsatisfied,Low Loyalty,Low Risk,Adult,High,No
1106,33,Male,T-shirt,Clothing,83,Massachusetts,S,Olive,Spring,3.0,No,Next Day Air,Yes,Yes,6,Venmo,Every 3 Months,2,Medium Value,0.4349872448979592,Unsatisfied,Low Loyalty,Low Risk,Adult,High,No
1107,52,Male,Skirt,Clothing,96,Minnesota,L,Violet,Winter,3.6,No,Store Pickup,Yes,Yes,12,Venmo,Fortnightly,2,High Value,0.5948469387755103,Unsatisfied,Low Loyalty,Low Risk,Mature,High,No
1108,69,Male,Sneakers,Footwear,62,Texas,M,Peach,Fall,2.8,No,Store Pickup,Yes,Yes,26,Bank Transfer,Weekly,2,Medium Value,0.539311224489796,Unsatisfied,Low Loyalty,Low Risk,Mature,High,No
1109,27,Male,Shorts,Clothing,25,Nebraska,M,Teal,Fall,2.8,No,Standard,Yes,Yes,50,Cash,Fortnightly,2,Medium Value,0.428125,Unsatisfied,High Loyalty,Low Risk,Adult,High,No
1110,66,Male,Hoodie,Clothing,97,Oklahoma,L,Violet,Winter,3.8,No,Next Day Air,Yes,Yes,2,Venmo,Weekly,2,High Value,0.5892474489795919,Unsatisfied,Low Loyalty,Low Risk,Mature,High,No
1111,28,Male,Hoodie,Clothing,61,Texas,L,Cyan,Fall,3.0,No,Standard,Yes,Yes,31,Cash,Bi-Weekly,2,Medium Value,0.539298469387755,Unsatisfied,Medium Loyalty,Low Risk,Adult,High,No
1112,22,Male,Shoes,Footwear,66,New York,S,Olive,Summer,4.1,No,Next Day Air,Yes,Yes,4,Credit Card,Bi-Weekly,2,Medium Value,0.40211734693877554,Satisfied,Low Loyalty,Low Risk,Young Adult,High,No
1113,69,Male,Hoodie,Clothing,67,Washington,XL,Pink,Spring,4.6,No,Free Shipping,Yes,Yes,32,PayPal,Quarterly,2,Medium Value,0.47917091836734693,Satisfied,Medium Loyalty,Low Risk,Mature,High,No
1114,28,Male,Sunglasses,Accessories,80,Maryland,M,Purple,Summer,4.8,No,Next Day Air,Yes,Yes,11,PayPal,Bi-Weekly,2,Medium Value,0.5237244897959183,Satisfied,Low Loyalty,Low Risk,Adult,High,No
1115,55,Male,Skirt,Clothing,25,New Hampshire,L,Violet,Fall,2.6,No,Next Day Air,Yes,Yes,47,Bank Transfer,Every 3 Months,2,Low Value,0.3597576530612245,Unsatisfied,High Loyalty,Low Risk,Mature,High,No
1116,30,Male,Hat,Accessories,58,New York,S,Peach,Fall,4.0,No,2-Day Shipping,Yes,Yes,37,Cash,Weekly,2,High Value,0.5841581632653061,Satisfied,Medium Loyalty,Low Risk,Adult,High,No
1117,67,Male,Backpack,Accessories,96,Hawaii,M,Charcoal,Winter,4.2,No,Express,Yes,Yes,39,PayPal,Fortnightly,2,High Value,0.7601530612244899,Satisfied,Medium Loyalty,Low Risk,Mature,High,No
1118,25,Male,Sunglasses,Accessories,77,California,L,Lavender,Spring,4.5,No,Store Pickup,Yes,Yes,24,Credit Card,Monthly,2,Medium Value,0.5364413265306122,Satisfied,Low Loyalty,Low Risk,Young Adult,High,No
1119,49,Male,Belt,Accessories,65,Indiana,M,Purple,Summer,4.9,No,Standard,Yes,Yes,11,PayPal,Every 3 Months,2,Low Value,0.36434948979591836,Satisfied,Low Loyalty,Low Risk,Mature,High,No
1120,34,Male,Jewelry,Accessories,36,Louisiana,M,Indigo,Spring,3.1,No,Standard,Yes,Yes,36,Credit Card,Weekly,2,Medium Value,0.45428571428571424,Unsatisfied,Medium Loyalty,Low Risk,Adult,High,No
1121,22,Male,Sneakers,Footwear,84,Pennsylvania,M,Magenta,Winter,4.0,No,Next Day Air,Yes,Yes,40,Debit Card,Monthly,2,High Value,0.6737755102040816,Satisfied,Medium Loyalty,Low Risk,Young Adult,High,No
1122,63,Male,T-shirt,Clothing,58,Florida,XL,Peach,Fall,3.2,No,Express,Yes,Yes,25,Cash,Quarterly,2,Low Value,0.38568877551020414,Unsatisfied,Low Loyalty,Low Risk,Mature,High,No
1123,70,Male,Handbag,Accessories,62,North Carolina,S,Charcoal,Spring,4.3,No,2-Day Shipping,Yes,Yes,12,Credit Card,Annually,2,Low Value,0.3035969387755102,Satisfied,Low Loyalty,Low Risk,Mature,High,No
1124,36,Male,Hat,Accessories,67,Massachusetts,S,Purple,Fall,2.5,No,Store Pickup,Yes,Yes,38,Cash,Monthly,2,High Value,0.5659056122448979,Unsatisfied,Medium Loyalty,Low Risk,Adult,High,No
1125,42,Male,Sweater,Clothing,20,Iowa,M,Orange,Spring,3.8,No,Express,Yes,Yes,40,Cash,Quarterly,2,Low Value,0.2637755102040816,Unsatisfied,Medium Loyalty,Low Risk,Mature,High,No
1126,27,Male,Sandals,Footwear,90,North Dakota,M,Lavender,Summer,2.7,No,2-Day Shipping,Yes,Yes,10,Bank Transfer,Weekly,2,High Value,0.5988520408163265,Unsatisfied,Low Loyalty,Low Risk,Adult,High,No
1127,23,Male,Scarf,Accessories,58,Iowa,L,Beige,Winter,3.4,No,Standard,Yes,Yes,47,Venmo,Fortnightly,2,High Value,0.5953826530612245,Unsatisfied,High Loyalty,Low Risk,Young Adult,High,Yes
1128,50,Male,Shirt,Clothing,53,Delaware,XL,Maroon,Spring,4.8,No,Store Pickup,Yes,Yes,22,Debit Card,Monthly,2,Low Value,0.3891964285714286,Satisfied,Low Loyalty,Low Risk,Mature,High,No
1129,56,Male,Gloves,Accessories,30,New York,L,Charcoal,Winter,4.7,No,Next Day Air,Yes,Yes,35,Debit Card,Monthly,2,Low Value,0.3394132653061224,Satisfied,Medium Loyalty,Low Risk,Mature,High,No
1130,37,Male,Hoodie,Clothing,65,New Hampshire,XL,White,Winter,4.7,No,Express,Yes,Yes,46,Venmo,Fortnightly,2,High Value,0.6286352040816326,Satisfied,Medium Loyalty,Low Risk,Adult,High,No
1131,67,Male,Jewelry,Accessories,41,Kentucky,M,Lavender,Summer,3.9,No,Standard,Yes,Yes,30,PayPal,Bi-Weekly,2,Medium Value,0.42067602040816326,Unsatisfied,Medium Loyalty,Low Risk,Mature,High,No
1132,67,Male,Shirt,Clothing,73,Illinois,M,Black,Spring,3.7,No,Express,Yes,Yes,20,Bank Transfer,Monthly,2,Medium Value,0.48945153061224494,Unsatisfied,Low Loyalty,Low Risk,Mature,High,No
1133,50,Male,Hoodie,Clothing,98,North Carolina,S,Teal,Spring,4.3,No,Store Pickup,Yes,Yes,25,Cash,Fortnightly,2,High Value,0.685688775510204,Satisfied,Low Loyalty,Low Risk,Mature,High,No
1134,36,Male,Shoes,Footwear,36,Connecticut,XL,Magenta,Winter,4.1,No,2-Day Shipping,Yes,Yes,29,Cash,Weekly,2,Medium Value,0.41142857142857137,Satisfied,Low Loyalty,Low Risk,Adult,High,No
1135,62,Male,T-shirt,Clothing,81,Wisconsin,M,Brown,Summer,3.8,No,Express,Yes,Yes,2,Venmo,Every 3 Months,2,Medium Value,0.39924744897959186,Unsatisfied,Low Loyalty,Low Risk,Mature,High,No
1136,65,Male,Skirt,Clothing,90,Massachusetts,L,Peach,Winter,3.6,No,2-Day Shipping,Yes,Yes,32,Bank Transfer,Quarterly,2,High Value,0.608545918367347,Unsatisfied,Medium Loyalty,Low Risk,Mature,High,No
1137,23,Male,Handbag,Accessories,83,Illinois,S,Cyan,Summer,4.8,No,Free Shipping,Yes,Yes,37,Cash,Monthly,2,High Value,0.6497831632653062,Satisfied,Medium Loyalty,Low Risk,Young Adult,High,No
1138,46,Male,Shirt,Clothing,91,New Mexico,XL,Pink,Winter,2.8,No,2-Day Shipping,Yes,Yes,16,Bank Transfer,Every 3 Months,2,Medium Value,0.5412117346938775,Unsatisfied,Low Loyalty,Low Risk,Mature,High,No
1139,18,Male,Pants,Clothing,36,Iowa,M,Purple,Summer,4.7,No,Express,Yes,Yes,32,Venmo,Fortnightly,2,Low Value,0.3797959183673469,Satisfied,Medium Loyalty,Low Risk,Young Adult,High,No
1140,58,Male,Coat,Outerwear,53,Alabama,L,Purple,Spring,3.9,No,Standard,Yes,Yes,42,Debit Card,Bi-Weekly,2,High Value,0.5616454081632654,Unsatisfied,Medium Loyalty,Low Risk,Mature,High,No
1141,31,Male,Jeans,Clothing,39,Maryland,M,White,Winter,2.6,No,Store Pickup,Yes,Yes,6,Credit Card,Every 3 Months,2,Low Value,0.1874872448979592,Unsatisfied,Low Loyalty,High Risk,Adult,High,No
1142,39,Male,Gloves,Accessories,33,Ohio,S,Silver,Winter,4.7,No,Next Day Air,Yes,Yes,23,PayPal,Fortnightly,2,Low Value,0.3078188775510204,Satisfied,Low Loyalty,Low Risk,Adult,High,No
1143,69,Male,T-shirt,Clothing,76,Ohio,L,Green,Spring,3.5,No,Store Pickup,Yes,Yes,27,Venmo,Bi-Weekly,2,High Value,0.5991836734693878,Unsatisfied,Low Loyalty,Low Risk,Mature,High,No
1144,68,Male,Boots,Footwear,23,Nevada,L,Teal,Winter,4.4,No,Standard,Yes,Yes,43,PayPal,Quarterly,2,Low Value,0.29901785714285717,Satisfied,Medium Loyalty,Low Risk,Mature,High,No
1145,41,Male,Jeans,Clothing,54,South Carolina,S,Indigo,Fall,4.4,No,2-Day Shipping,Yes,Yes,25,Bank Transfer,Fortnightly,2,Medium Value,0.4381887755102041,Satisfied,Low Loyalty,Low Risk,Mature,High,No
1146,31,Male,Sneakers,Footwear,89,Nevada,L,Pink,Summer,3.0,No,Express,Yes,Yes,30,Cash,Every 3 Months,2,High Value,0.6156760204081633,Unsatisfied,Medium Loyalty,Low Risk,Adult,High,No
1147,48,Male,Sneakers,Footwear,38,Wisconsin,M,Indigo,Summer,4.2,No,Standard,Yes,Yes,7,Bank Transfer,Every 3 Months,2,Low Value,0.187984693877551,Satisfied,Low Loyalty,Low Risk,Mature,High,No
1148,59,Male,Hat,Accessories,36,Tennessee,XL,Red,Winter,4.3,No,Next Day Air,Yes,Yes,17,Debit Card,Annually,2,Low Value,0.1879591836734694,Satisfied,Low Loyalty,Low Risk,Mature,High,No
1149,34,Male,Pants,Clothing,66,Florida,M,Violet,Spring,2.6,No,Store Pickup,Yes,Yes,10,PayPal,Fortnightly,2,Medium Value,0.41385204081632654,Unsatisfied,Low Loyalty,Low Risk,Adult,High,No
1150,21,Male,Jewelry,Accessories,42,Georgia,L,Cyan,Spring,3.3,No,Store Pickup,Yes,Yes,40,Venmo,Annually,2,Low Value,0.3625255102040816,Unsatisfied,Medium Loyalty,Low Risk,Young Adult,High,No
1151,29,Male,Jewelry,Accessories,36,Kentucky,S,Red,Winter,2.7,No,Next Day Air,Yes,Yes,50,Venmo,Bi-Weekly,2,Medium Value,0.515,Unsatisfied,High Loyalty,Low Risk,Adult,High,No
1152,41,Male,Blouse,Clothing,86,Ohio,M,Gray,Spring,3.8,No,Express,Yes,Yes,24,Credit Card,Weekly,2,High Value,0.6620663265306121,Unsatisfied,Low Loyalty,Low Risk,Mature,High,No
1153,62,Male,Handbag,Accessories,49,Connecticut,M,Gold,Fall,4.0,No,Standard,Yes,Yes,8,PayPal,Every 3 Months,2,Low Value,0.2559821428571429,Satisfied,Low Loyalty,Low Risk,Mature,High,No
1154,27,Male,Shirt,Clothing,41,Idaho,M,Pink,Summer,4.0,No,Free Shipping,Yes,Yes,6,Bank Transfer,Quarterly,2,Low Value,0.17373724489795922,Satisfied,Low Loyalty,Low Risk,Adult,High,No
1155,49,Male,Dress,Clothing,82,Georgia,L,Cyan,Spring,2.9,No,2-Day Shipping,Yes,Yes,44,Credit Card,Bi-Weekly,2,High Value,0.7370153061224489,Unsatisfied,Medium Loyalty,Low Risk,Mature,High,No
1156,67,Male,T-shirt,Clothing,53,Tennessee,S,Red,Fall,2.6,No,Express,Yes,Yes,47,PayPal,Quarterly,2,Medium Value,0.49225765306122454,Unsatisfied,High Loyalty,Low Risk,Mature,High,No
1157,20,Male,Shoes,Footwear,21,Hawaii,M,Gold,Summer,4.8,No,Express,Yes,Yes,6,Venmo,Every 3 Months,2,Low Value,0.0862372448979592,Satisfied,Low Loyalty,Low Risk,Young Adult,High,No
1158,37,Male,Belt,Accessories,66,Maryland,M,Charcoal,Fall,4.4,No,Standard,Yes,Yes,11,Cash,Quarterly,2,Low Value,0.34497448979591844,Satisfied,Low Loyalty,Low Risk,Adult,High,No
1159,69,Male,Belt,Accessories,89,Nevada,L,Orange,Summer,4.0,No,2-Day Shipping,Yes,Yes,41,Bank Transfer,Annually,2,High Value,0.6330229591836735,Satisfied,Medium Loyalty,Low Risk,Mature,High,No
1160,66,Male,Handbag,Accessories,55,New Hampshire,L,Blue,Fall,3.6,No,2-Day Shipping,Yes,Yes,46,Venmo,Every 3 Months,2,Medium Value,0.5223852040816327,Unsatisfied,Medium Loyalty,Low Risk,Mature,High,No
1161,37,Male,Scarf,Accessories,42,North Dakota,S,Blue,Summer,3.2,No,Next Day Air,Yes,Yes,9,Venmo,Bi-Weekly,2,Low Value,0.2977295918367347,Unsatisfied,Low Loyalty,Low Risk,Adult,High,No
1162,63,Male,Shorts,Clothing,52,Oklahoma,S,Orange,Fall,3.1,No,2-Day Shipping,Yes,Yes,37,PayPal,Monthly,2,Medium Value,0.47540816326530616,Unsatisfied,Medium Loyalty,Low Risk,Mature,High,No
1163,47,Male,Sandals,Footwear,92,North Carolina,M,Blue,Winter,4.2,No,Express,Yes,Yes,13,PayPal,Weekly,2,High Value,0.6284693877551021,Satisfied,Low Loyalty,Low Risk,Mature,High,No
1164,26,Male,Pants,Clothing,56,Tennessee,L,White,Summer,3.0,No,2-Day Shipping,Yes,Yes,24,Debit Card,Monthly,2,Medium Value,0.4183163265306123,Unsatisfied,Low Loyalty,Low Risk,Adult,High,No
1165,68,Male,Dress,Clothing,96,Montana,M,Green,Winter,4.2,No,Standard,Yes,Yes,47,PayPal,Quarterly,2,High Value,0.7341326530612245,Satisfied,High Loyalty,Low Risk,Mature,High,Yes
1166,51,Male,T-shirt,Clothing,64,Wisconsin,M,Silver,Winter,2.9,No,Next Day Air,Yes,Yes,21,Venmo,Every 3 Months,2,Medium Value,0.41994897959183675,Unsatisfied,Low Loyalty,Low Risk,Mature,High,No
1167,48,Male,Dress,Clothing,48,Connecticut,S,Lavender,Winter,3.7,No,Store Pickup,Yes,Yes,22,Venmo,Fortnightly,2,Low Value,0.38607142857142857,Unsatisfied,Low Loyalty,Low Risk,Mature,High,No
1168,60,Male,Socks,Clothing,83,New Jersey,XL,Beige,Summer,3.6,No,Free Shipping,Yes,Yes,16,PayPal,Quarterly,2,Medium Value,0.4712117346938776,Unsatisfied,Low Loyalty,Low Risk,Mature,High,No
1169,68,Male,Scarf,Accessories,91,Mississippi,L,Violet,Summer,3.6,No,Standard,Yes,Yes,37,Debit Card,Fortnightly,2,High Value,0.7197831632653061,Unsatisfied,Medium Loyalty,Low Risk,Mature,High,No
1170,25,Male,Backpack,Accessories,94,Wyoming,S,Gray,Fall,4.5,No,2-Day Shipping,Yes,Yes,3,Cash,Annually,2,Medium Value,0.42849489795918366,Satisfied,Low Loyalty,Low Risk,Young Adult,High,No
1171,57,Male,Skirt,Clothing,62,Illinois,S,Red,Spring,3.2,No,Express,Yes,Yes,33,Cash,Bi-Weekly,2,High Value,0.5571683673469388,Unsatisfied,Medium Loyalty,Low Risk,Mature,High,No
1172,41,Male,Socks,Clothing,55,Louisiana,M,Lavender,Spring,3.9,No,Next Day Air,Yes,Yes,15,Debit Card,Annually,2,Low Value,0.28258928571428565,Unsatisfied,Low Loyalty,Low Risk,Mature,High,No
1173,59,Male,Coat,Outerwear,68,Oregon,L,Peach,Spring,4.6,No,Store Pickup,Yes,Yes,42,Bank Transfer,Bi-Weekly,2,High Value,0.6460204081632653,Satisfied,Medium Loyalty,Low Risk,Mature,High,No
1174,44,Male,Jewelry,Accessories,76,South Dakota,M,Indigo,Winter,2.5,No,Express,Yes,Yes,42,Cash,Bi-Weekly,2,High Value,0.6910204081632654,Unsatisfied,Medium Loyalty,Low Risk,Mature,High,No
1175,42,Male,Backpack,Accessories,31,Michigan,M,Black,Winter,4.3,No,Express,Yes,Yes,19,Bank Transfer,Bi-Weekly,2,Low Value,0.29707908163265306,Satisfied,Low Loyalty,Low Risk,Mature,High,No
1176,35,Male,Belt,Accessories,81,New Jersey,M,Beige,Spring,4.1,No,Store Pickup,Yes,Yes,26,PayPal,Quarterly,2,Medium Value,0.5211862244897959,Satisfied,Low Loyalty,Low Risk,Adult,High,No
1177,36,Male,Dress,Clothing,83,Oregon,M,Red,Winter,3.8,No,Free Shipping,Yes,Yes,39,PayPal,Quarterly,2,High Value,0.6120280612244898,Unsatisfied,Medium Loyalty,Low Risk,Adult,High,No
1178,54,Male,Skirt,Clothing,21,Iowa,M,Black,Spring,4.8,No,Standard,Yes,Yes,24,Debit Card,Monthly,2,Low Value,0.22144132653061227,Satisfied,Low Loyalty,Low Risk,Mature,High,No
1179,37,Male,Dress,Clothing,22,South Carolina,M,Teal,Spring,4.9,No,Express,Yes,Yes,23,Debit Card,Annually,2,Low Value,0.1459438775510204,Satisfied,Low Loyalty,Low Risk,Adult,High,No
1180,20,Male,T-shirt,Clothing,33,Indiana,M,Blue,Summer,2.8,No,Free Shipping,Yes,Yes,44,Bank Transfer,Annually,2,Low Value,0.3363903061224489,Unsatisfied,Medium Loyalty,Low Risk,Young Adult,High,No
1181,23,Male,Skirt,Clothing,23,Oregon,S,Beige,Spring,4.9,No,Standard,Yes,Yes,34,Cash,Monthly,2,Low Value,0.29391581632653063,Satisfied,Medium Loyalty,Low Risk,Young Adult,High,No
1182,61,Male,Shorts,Clothing,96,New York,L,Teal,Summer,3.5,No,Free Shipping,Yes,Yes,43,Bank Transfer,Quarterly,2,High Value,0.7096428571428572,Unsatisfied,Medium Loyalty,Low Risk,Mature,High,No
1183,37,Male,Jewelry,Accessories,21,New Mexico,M,Maroon,Spring,3.8,No,Express,Yes,Yes,45,PayPal,Quarterly,2,Low Value,0.3000127551020408,Unsatisfied,Medium Loyalty,Low Risk,Adult,High,No
1184,23,Male,Pants,Clothing,39,Louisiana,M,Yellow,Spring,4.5,No,2-Day Shipping,Yes,Yes,4,Credit Card,Weekly,2,Low Value,0.2752423469387755,Satisfied,Low Loyalty,Low Risk,Young Adult,High,No
1185,63,Male,Belt,Accessories,73,South Carolina,S,Indigo,Fall,3.4,No,Express,Yes,Yes,19,Credit Card,Annually,2,Medium Value,0.4083290816326531,Unsatisfied,Low Loyalty,Low Risk,Mature,High,No
1186,47,Male,Jeans,Clothing,64,Maine,M,Magenta,Spring,3.9,No,Standard,Yes,Yes,29,Credit Card,Monthly,2,Medium Value,0.49392857142857144,Unsatisfied,Low Loyalty,Low Risk,Mature,High,No
1187,63,Male,Jeans,Clothing,68,Indiana,M,Beige,Summer,4.1,No,2-Day Shipping,Yes,Yes,27,Credit Card,Annually,2,Medium Value,0.4291836734693878,Satisfied,Low Loyalty,Low Risk,Mature,High,No
1188,56,Male,Hat,Accessories,89,Iowa,L,Maroon,Fall,3.0,No,Express,Yes,Yes,37,Credit Card,Every 3 Months,2,High Value,0.6585331632653062,Unsatisfied,Medium Loyalty,Low Risk,Mature,High,No
1189,68,Male,Blouse,Clothing,29,Mississippi,M,Magenta,Summer,3.3,No,Next Day Air,Yes,Yes,11,Credit Card,Weekly,2,Low Value,0.2618494897959184,Unsatisfied,Low Loyalty,Low Risk,Mature,High,No
1190,64,Male,Shirt,Clothing,97,Arkansas,XL,Teal,Summer,3.8,No,Free Shipping,Yes,Yes,28,Debit Card,Annually,2,High Value,0.5984311224489797,Unsatisfied,Low Loyalty,Low Risk,Mature,High,No
1191,62,Male,Shirt,Clothing,45,South Carolina,M,Orange,Winter,4.3,No,Next Day Air,Yes,Yes,31,Credit Card,Weekly,2,Medium Value,0.47429846938775505,Satisfied,Medium Loyalty,Low Risk,Mature,High,No
1192,34,Male,T-shirt,Clothing,70,Indiana,L,Charcoal,Winter,4.1,No,Free Shipping,Yes,Yes,50,Venmo,Quarterly,2,High Value,0.6062500000000001,Satisfied,High Loyalty,Low Risk,Adult,High,Yes
1193,49,Male,Coat,Outerwear,56,Florida,M,Turquoise,Summer,4.0,No,2-Day Shipping,Yes,Yes,42,Venmo,Quarterly,2,Medium Value,0.47852040816326535,Satisfied,Medium Loyalty,Low Risk,Mature,High,No
1194,40,Male,Jacket,Outerwear,55,Alaska,L,Pink,Fall,5.0,No,2-Day Shipping,Yes,Yes,18,Credit Card,Fortnightly,2,Medium Value,0.4009566326530612,Satisfied,Low Loyalty,Low Risk,Adult,High,No
1195,50,Male,Hoodie,Clothing,46,New York,S,Teal,Winter,3.1,No,2-Day Shipping,Yes,Yes,6,Credit Card,Fortnightly,2,Low Value,0.27686224489795924,Unsatisfied,Low Loyalty,Low Risk,Mature,High,No
1196,25,Male,Scarf,Accessories,95,Texas,M,White,Winter,4.0,No,2-Day Shipping,Yes,Yes,33,Venmo,Monthly,2,High Value,0.6927933673469387,Satisfied,Medium Loyalty,Low Risk,Young Adult,High,No
1197,30,Male,Belt,Accessories,88,North Dakota,M,Maroon,Winter,3.2,No,2-Day Shipping,Yes,Yes,13,Bank Transfer,Bi-Weekly,2,High Value,0.5809693877551021,Unsatisfied,Low Loyalty,Low Risk,Adult,High,No
1198,54,Male,Sneakers,Footwear,92,Vermont,L,Violet,Fall,3.9,No,Standard,Yes,Yes,26,PayPal,Annually,2,High Value,0.558061224489796,Unsatisfied,Low Loyalty,Low Risk,Mature,High,No
1199,40,Male,Socks,Clothing,49,New Jersey,M,Brown,Summer,3.9,No,2-Day Shipping,Yes,Yes,17,Cash,Annually,2,Low Value,0.2610841836734694,Unsatisfied,Low Loyalty,Low Risk,Adult,High,No
1200,49,Male,Sandals,Footwear,89,Maryland,M,Indigo,Fall,4.5,No,Free Shipping,Yes,Yes,3,Debit Card,Weekly,2,Medium Value,0.5503698979591837,Satisfied,Low Loyalty,Low Risk,Mature,High,No
1201,27,Male,Coat,Outerwear,22,Connecticut,XL,Black,Winter,4.4,No,Store Pickup,Yes,Yes,7,PayPal,Weekly,2,Low Value,0.197984693877551,Satisfied,Low Loyalty,Low Risk,Adult,High,No
1202,27,Male,Shoes,Footwear,61,Illinois,XL,Black,Summer,3.1,No,2-Day Shipping,Yes,Yes,46,Venmo,Fortnightly,2,High Value,0.6061352040816327,Unsatisfied,Medium Loyalty,Low Risk,Adult,High,No
1203,48,Male,Scarf,Accessories,29,Maryland,S,Olive,Spring,2.9,No,Standard,Yes,Yes,14,Venmo,Every 3 Months,2,Low Value,0.1802168367346939,Unsatisfied,Low Loyalty,Low Risk,Mature,High,No
1204,40,Male,Sneakers,Footwear,82,Minnesota,M,Orange,Winter,3.7,No,Free Shipping,Yes,Yes,23,Bank Transfer,Annually,2,Medium Value,0.4834438775510205,Unsatisfied,Low Loyalty,Low Risk,Adult,High,No
1205,67,Male,Belt,Accessories,94,Florida,M,Pink,Spring,3.2,No,2-Day Shipping,Yes,Yes,20,Credit Card,Every 3 Months,2,High Value,0.5825765306122449,Unsatisfied,Low Loyalty,Low Risk,Mature,High,No
1206,52,Male,Handbag,Accessories,99,California,M,Olive,Spring,3.5,No,Standard,Yes,Yes,38,Bank Transfer,Fortnightly,2,High Value,0.770905612244898,Unsatisfied,Medium Loyalty,Low Risk,Mature,High,No
1207,22,Male,Handbag,Accessories,59,Mississippi,S,Cyan,Fall,3.0,No,Free Shipping,Yes,Yes,16,Venmo,Every 3 Months,2,Low Value,0.3612117346938775,Unsatisfied,Low Loyalty,Low Risk,Young Adult,High,No
1208,62,Male,Boots,Footwear,90,Washington,M,White,Summer,4.1,No,Next Day Air,Yes,Yes,48,Credit Card,Every 3 Months,2,High Value,0.7315051020408163,Satisfied,High Loyalty,Low Risk,Mature,High,Yes
1209,20,Male,Boots,Footwear,100,Wisconsin,S,Red,Winter,3.8,No,2-Day Shipping,Yes,Yes,8,Debit Card,Annually,2,Medium Value,0.4928571428571429,Unsatisfied,Low Loyalty,Low Risk,Young Adult,High,No
1210,41,Male,Pants,Clothing,62,Pennsylvania,M,Blue,Winter,3.8,No,Next Day Air,Yes,Yes,16,Bank Transfer,Monthly,2,Medium Value,0.40308673469387757,Unsatisfied,Low Loyalty,Low Risk,Mature,High,No
1211,34,Male,Sunglasses,Accessories,78,Missouri,M,Olive,Fall,4.1,No,Next Day Air,Yes,Yes,5,Cash,Quarterly,2,Low Value,0.3757397959183674,Satisfied,Low Loyalty,Low Risk,Adult,High,No
1212,23,Male,Hoodie,Clothing,94,Oklahoma,M,Green,Spring,4.6,No,Store Pickup,Yes,Yes,14,Venmo,Every 3 Months,2,Medium Value,0.5458418367346939,Satisfied,Low Loyalty,Low Risk,Young Adult,High,No
1213,32,Male,Shoes,Footwear,74,Pennsylvania,M,Yellow,Summer,2.5,No,Free Shipping,Yes,Yes,18,Credit Card,Weekly,2,High Value,0.5578316326530612,Unsatisfied,Low Loyalty,Low Risk,Adult,High,No
1214,68,Male,Handbag,Accessories,52,Kentucky,XL,Black,Spring,3.7,No,Express,Yes,Yes,14,Debit Card,Every 3 Months,2,Low Value,0.30959183673469387,Unsatisfied,Low Loyalty,Low Risk,Mature,High,No
1215,30,Male,Jacket,Outerwear,81,Vermont,M,Blue,Fall,3.8,No,Free Shipping,Yes,Yes,5,Cash,Every 3 Months,2,Medium Value,0.41761479591836737,Unsatisfied,Low Loyalty,Low Risk,Adult,High,No
1216,66,Male,Blouse,Clothing,20,Oregon,L,Pink,Winter,2.6,No,2-Day Shipping,Yes,Yes,15,Credit Card,Every 3 Months,2,Low Value,0.13571428571428568,Unsatisfied,Low Loyalty,Low Risk,Mature,High,No
1217,62,Male,Pants,Clothing,32,Utah,XL,Lavender,Summer,3.7,No,Free Shipping,Yes,Yes,3,Venmo,Every 3 Months,2,Low Value,0.1297448979591837,Unsatisfied,Low Loyalty,Low Risk,Mature,High,No
1218,50,Male,Boots,Footwear,63,Nebraska,XL,Cyan,Fall,2.6,No,Free Shipping,Yes,Yes,12,Cash,Every 3 Months,2,Low Value,0.35922193877551023,Unsatisfied,Low Loyalty,Low Risk,Mature,High,No
1219,55,Male,Boots,Footwear,79,Pennsylvania,M,Cyan,Spring,3.1,No,Store Pickup,Yes,Yes,43,Cash,Every 3 Months,2,High Value,0.6390178571428572,Unsatisfied,Medium Loyalty,Low Risk,Mature,High,No
1220,19,Male,Sweater,Clothing,23,Vermont,M,Gold,Winter,2.5,No,Next Day Air,Yes,Yes,35,Credit Card,Bi-Weekly,2,Low Value,0.3500382653061224,Unsatisfied,Medium Loyalty,Low Risk,Young Adult,High,No
1221,67,Male,Gloves,Accessories,64,Kentucky,M,Green,Winter,3.8,No,Express,Yes,Yes,36,Bank Transfer,Quarterly,2,Medium Value,0.48678571428571427,Unsatisfied,Medium Loyalty,Low Risk,Mature,High,No
1222,18,Male,Socks,Clothing,69,Iowa,M,Red,Winter,4.5,No,Standard,Yes,Yes,3,Cash,Quarterly,2,Low Value,0.3128698979591837,Satisfied,Low Loyalty,Low Risk,Young Adult,High,No
1223,58,Male,Jeans,Clothing,69,Indiana,L,Magenta,Fall,3.4,No,Store Pickup,Yes,Yes,27,Bank Transfer,Annually,2,Medium Value,0.43480867346938773,Unsatisfied,Low Loyalty,Low Risk,Mature,High,No
1224,69,Male,Pants,Clothing,24,Kansas,L,Red,Winter,3.9,No,Free Shipping,Yes,Yes,21,Bank Transfer,Weekly,2,Low Value,0.2949489795918367,Unsatisfied,Low Loyalty,Low Risk,Mature,High,No
1225,62,Male,Shorts,Clothing,50,Illinois,M,Yellow,Summer,3.7,No,Store Pickup,Yes,Yes,18,Venmo,Weekly,2,Medium Value,0.4228316326530612,Unsatisfied,Low Loyalty,Low Risk,Mature,High,No
1226,28,Male,Gloves,Accessories,97,North Carolina,S,Turquoise,Fall,2.6,No,Free Shipping,Yes,Yes,16,Debit Card,Weekly,2,High Value,0.6749617346938777,Unsatisfied,Low Loyalty,Low Risk,Adult,High,No
1227,53,Male,Sandals,Footwear,91,Ohio,S,Cyan,Fall,3.4,No,Store Pickup,Yes,Yes,18,Venmo,Bi-Weekly,2,High Value,0.6284566326530612,Unsatisfied,Low Loyalty,Low Risk,Mature,High,No
1228,27,Male,Blouse,Clothing,37,Illinois,L,Yellow,Spring,4.9,No,Store Pickup,Yes,Yes,19,Bank Transfer,Bi-Weekly,2,Low Value,0.33082908163265307,Satisfied,Low Loyalty,Low Risk,Adult,High,No
1229,55,Male,Jacket,Outerwear,55,Indiana,S,Yellow,Winter,3.9,No,Express,Yes,Yes,1,Cash,Annually,2,Low Value,0.196875,Unsatisfied,Low Loyalty,Low Risk,Mature,High,No
1230,34,Male,Jewelry,Accessories,52,Kansas,XL,Maroon,Winter,3.6,No,Express,Yes,Yes,39,Bank Transfer,Annually,2,Medium Value,0.41265306122448975,Unsatisfied,Medium Loyalty,Low Risk,Adult,High,No
1231,25,Male,Hat,Accessories,80,Illinois,L,Brown,Spring,3.8,No,Standard,Yes,Yes,49,Venmo,Monthly,2,High Value,0.7063775510204081,Unsatisfied,High Loyalty,Low Risk,Young Adult,High,Yes
1232,66,Male,Socks,Clothing,79,Pennsylvania,M,Gold,Spring,4.0,No,2-Day Shipping,Yes,Yes,43,Credit Card,Fortnightly,2,High Value,0.6890178571428571,Satisfied,Medium Loyalty,Low Risk,Mature,High,No
1233,57,Male,Handbag,Accessories,23,New York,M,Charcoal,Summer,3.6,No,Free Shipping,Yes,Yes,31,Debit Card,Every 3 Months,2,Low Value,0.25054846938775505,Unsatisfied,Medium Loyalty,Low Risk,Mature,High,No
1234,46,Male,Pants,Clothing,73,Utah,L,Beige,Winter,3.5,No,Next Day Air,Yes,Yes,40,Venmo,Every 3 Months,2,High Value,0.5869005102040816,Unsatisfied,Medium Loyalty,Low Risk,Mature,High,No
1235,38,Male,Gloves,Accessories,99,New Jersey,M,Indigo,Fall,4.1,No,Store Pickup,Yes,Yes,2,Bank Transfer,Bi-Weekly,2,High Value,0.5754974489795919,Satisfied,Low Loyalty,Low Risk,Adult,High,No
1236,23,Male,Sweater,Clothing,22,Idaho,M,Red,Spring,3.0,No,Store Pickup,Yes,Yes,46,PayPal,Every 3 Months,2,Low Value,0.3367602040816326,Unsatisfied,Medium Loyalty,Low Risk,Young Adult,High,No
1237,42,Male,Hat,Accessories,68,New Mexico,M,White,Summer,4.4,No,Store Pickup,Yes,Yes,35,Debit Card,Every 3 Months,2,Medium Value,0.5281632653061226,Satisfied,Medium Loyalty,Low Risk,Mature,High,No
1238,25,Male,Dress,Clothing,92,Michigan,S,Charcoal,Spring,4.4,No,2-Day Shipping,Yes,Yes,42,Credit Card,Quarterly,2,High Value,0.6810204081632654,Satisfied,Medium Loyalty,Low Risk,Young Adult,High,No
1239,55,Male,Pants,Clothing,77,Wyoming,M,Violet,Winter,3.7,No,Express,Yes,Yes,3,Venmo,Fortnightly,2,Medium Value,0.4328698979591836,Unsatisfied,Low Loyalty,Low Risk,Mature,High,No
1240,62,Male,Coat,Outerwear,37,New Jersey,XL,Magenta,Spring,4.8,No,Standard,Yes,Yes,32,Debit Card,Every 3 Months,2,Low Value,0.33542091836734694,Satisfied,Medium Loyalty,Low Risk,Mature,High,No
1241,41,Male,Scarf,Accessories,79,New Jersey,L,White,Winter,2.9,No,Store Pickup,Yes,Yes,48,Debit Card,Annually,2,High Value,0.6196301020408164,Unsatisfied,High Loyalty,Low Risk,Mature,High,Yes
1242,58,Male,Hoodie,Clothing,51,Hawaii,XL,Pink,Winter,3.1,No,Express,Yes,Yes,34,Credit Card,Weekly,2,Medium Value,0.5264158163265307,Unsatisfied,Medium Loyalty,Low Risk,Mature,High,No
1243,56,Male,Socks,Clothing,27,Nevada,M,Lavender,Summer,4.0,No,Next Day Air,Yes,Yes,15,Bank Transfer,Quarterly,2,Low Value,0.1500892857142857,Satisfied,Low Loyalty,Low Risk,Mature,High,No
1244,25,Male,Blouse,Clothing,23,New Hampshire,S,Pink,Spring,3.0,No,Store Pickup,Yes,Yes,22,Debit Card,Annually,2,Low Value,0.14544642857142853,Unsatisfied,Low Loyalty,Low Risk,Young Adult,High,No
1245,70,Male,Socks,Clothing,76,Indiana,S,Silver,Summer,3.9,No,2-Day Shipping,Yes,Yes,2,Cash,Monthly,2,Medium Value,0.3961224489795919,Unsatisfied,Low Loyalty,Low Risk,Mature,High,No
1246,42,Male,Dress,Clothing,31,New York,M,Violet,Fall,3.4,No,Standard,Yes,Yes,30,Bank Transfer,Weekly,2,Low Value,0.3894260204081632,Unsatisfied,Medium Loyalty,Low Risk,Mature,High,No
1247,27,Male,Hoodie,Clothing,60,Louisiana,M,Charcoal,Winter,2.7,No,Standard,Yes,Yes,27,Cash,Monthly,2,Medium Value,0.45918367346938777,Unsatisfied,Low Loyalty,Low Risk,Adult,High,No
1248,65,Male,T-shirt,Clothing,99,Virginia,M,Charcoal,Spring,3.8,No,Express,Yes,Yes,18,Venmo,Bi-Weekly,2,High Value,0.6734566326530612,Unsatisfied,Low Loyalty,Low Risk,Mature,High,No
1249,62,Male,Hat,Accessories,37,Wisconsin,XL,Red,Winter,3.0,No,Free Shipping,Yes,Yes,8,Credit Card,Annually,2,Low Value,0.13848214285714286,Unsatisfied,Low Loyalty,Low Risk,Mature,High,No
1250,62,Male,Boots,Footwear,50,Oregon,M,Peach,Winter,4.5,No,Express,Yes,Yes,48,Venmo,Fortnightly,2,High Value,0.5565051020408163,Satisfied,High Loyalty,Low Risk,Mature,High,Yes
1251,52,Male,Jeans,Clothing,26,New Hampshire,XL,Purple,Winter,4.1,No,Free Shipping,Yes,Yes,24,Cash,Monthly,2,Low Value,0.24956632653061223,Satisfied,Low Loyalty,Low Risk,Mature,High,No
1252,56,Male,Shorts,Clothing,86,Indiana,XL,Orange,Spring,5.0,No,Next Day Air,Yes,Yes,43,Credit Card,Monthly,2,High Value,0.703392857142857,Satisfied,Medium Loyalty,Low Risk,Mature,High,No
1253,28,Male,Sandals,Footwear,41,Massachusetts,L,Magenta,Fall,4.0,No,Standard,Yes,Yes,8,Cash,Quarterly,2,Low Value,0.18598214285714287,Satisfied,Low Loyalty,Low Risk,Adult,High,No
1254,39,Male,Sandals,Footwear,23,Montana,XL,Red,Winter,4.9,No,Express,Yes,Yes,49,PayPal,Annually,2,Low Value,0.31075255102040816,Satisfied,High Loyalty,Low Risk,Adult,High,No
1255,54,Male,Sneakers,Footwear,56,California,XL,Black,Spring,3.3,No,2-Day Shipping,Yes,Yes,2,Credit Card,Bi-Weekly,2,Low Value,0.33362244897959187,Unsatisfied,Low Loyalty,Low Risk,Mature,High,No
1256,30,Male,Hat,Accessories,68,Indiana,M,Peach,Fall,4.1,No,Standard,Yes,Yes,38,Cash,Fortnightly,2,High Value,0.596530612244898,Satisfied,Medium Loyalty,Low Risk,Adult,High,No
1257,45,Male,Coat,Outerwear,48,West Virginia,S,Olive,Winter,3.6,No,Express,Yes,Yes,4,Cash,Fortnightly,2,Low Value,0.27586734693877557,Unsatisfied,Low Loyalty,Low Risk,Mature,High,No
1258,68,Male,Dress,Clothing,67,Minnesota,L,Gold,Spring,3.0,No,Free Shipping,Yes,Yes,31,Cash,Every 3 Months,2,Medium Value,0.4980484693877551,Unsatisfied,Medium Loyalty,Low Risk,Mature,High,No
1259,47,Male,Boots,Footwear,87,Ohio,XL,Gold,Spring,4.1,No,2-Day Shipping,Yes,Yes,34,Debit Card,Every 3 Months,2,High Value,0.6289158163265307,Satisfied,Medium Loyalty,Low Risk,Mature,High,No
1260,68,Male,Skirt,Clothing,64,Minnesota,M,Turquoise,Fall,3.9,No,Standard,Yes,Yes,45,Credit Card,Monthly,2,High Value,0.5918877551020407,Unsatisfied,Medium Loyalty,Low Risk,Mature,High,No
1261,63,Male,Shirt,Clothing,93,Virginia,XL,Green,Spring,4.1,No,Store Pickup,Yes,Yes,30,Debit Card,Quarterly,2,High Value,0.6131760204081633,Satisfied,Medium Loyalty,Low Risk,Mature,High,No
1262,20,Male,Shirt,Clothing,29,Connecticut,L,Maroon,Summer,2.8,No,Next Day Air,Yes,Yes,2,Credit Card,Fortnightly,2,Low Value,0.15674744897959186,Unsatisfied,Low Loyalty,High Risk,Young Adult,High,No
1263,29,Male,Boots,Footwear,62,Tennessee,L,Brown,Winter,4.8,No,Store Pickup,Yes,Yes,44,Venmo,Monthly,2,High Value,0.5745153061224489,Satisfied,Medium Loyalty,Low Risk,Adult,High,No
1264,41,Male,Hoodie,Clothing,70,Delaware,L,Brown,Winter,4.6,No,2-Day Shipping,Yes,Yes,1,Credit Card,Bi-Weekly,2,Medium Value,0.40625,Satisfied,Low Loyalty,Low Risk,Mature,High,No
1265,52,Male,Sweater,Clothing,92,Vermont,S,Blue,Winter,2.5,No,Next Day Air,Yes,Yes,1,Venmo,Bi-Weekly,2,Medium Value,0.53,Unsatisfied,Low Loyalty,High Risk,Mature,High,No
1266,32,Male,Shirt,Clothing,79,Louisiana,M,Lavender,Spring,2.7,No,Next Day Air,Yes,Yes,27,Bank Transfer,Weekly,2,High Value,0.6410586734693877,Unsatisfied,Low Loyalty,Low Risk,Adult,High,No
1267,20,Male,Blouse,Clothing,31,North Dakota,M,Peach,Fall,4.0,No,Standard,Yes,Yes,14,Debit Card,Every 3 Months,2,Low Value,0.1914668367346939,Satisfied,Low Loyalty,Low Risk,Young Adult,High,No
1268,47,Male,T-shirt,Clothing,83,Oregon,S,Gray,Spring,2.7,No,Standard,Yes,Yes,41,Cash,Weekly,2,High Value,0.7492729591836735,Unsatisfied,Medium Loyalty,Low Risk,Mature,High,No
1269,23,Male,Jacket,Outerwear,88,Idaho,XL,Charcoal,Winter,2.9,No,Next Day Air,Yes,Yes,25,Debit Card,Bi-Weekly,2,High Value,0.6544387755102041,Unsatisfied,Low Loyalty,Low Risk,Young Adult,High,No
1270,43,Male,Jewelry,Accessories,53,Vermont,M,Lavender,Spring,3.0,No,Standard,Yes,Yes,47,PayPal,Quarterly,2,Medium Value,0.49225765306122454,Unsatisfied,High Loyalty,Low Risk,Mature,High,No
1271,67,Male,Hoodie,Clothing,98,West Virginia,M,Green,Fall,3.3,No,Standard,Yes,Yes,20,Cash,Annually,2,High Value,0.5550765306122449,Unsatisfied,Low Loyalty,Low Risk,Mature,High,No
1272,70,Male,Jewelry,Accessories,57,Kentucky,S,Gray,Spring,4.3,No,Store Pickup,Yes,Yes,42,PayPal,Annually,2,Medium Value,0.45914540816326527,Satisfied,Medium Loyalty,Low Risk,Mature,High,No
1273,35,Male,Sandals,Footwear,80,Wisconsin,M,Orange,Winter,4.4,No,Express,Yes,Yes,16,Bank Transfer,Monthly,2,Medium Value,0.5043367346938775,Satisfied,Low Loyalty,Low Risk,Adult,High,No
1274,41,Male,Jeans,Clothing,29,Mississippi,L,Silver,Spring,4.1,No,Next Day Air,Yes,Yes,32,Credit Card,Every 3 Months,2,Low Value,0.29042091836734696,Satisfied,Medium Loyalty,Low Risk,Mature,High,No
1275,54,Male,Hat,Accessories,73,Missouri,M,Olive,Spring,3.1,No,2-Day Shipping,Yes,Yes,37,PayPal,Quarterly,2,Medium Value,0.5435331632653061,Unsatisfied,Medium Loyalty,Low Risk,Mature,High,No
1276,55,Male,Sweater,Clothing,32,Arkansas,S,Turquoise,Fall,4.5,No,Standard,Yes,Yes,1,PayPal,Monthly,2,Low Value,0.14250000000000002,Satisfied,Low Loyalty,Low Risk,Mature,High,No
1277,51,Male,Boots,Footwear,68,Wyoming,L,Turquoise,Spring,4.8,No,Next Day Air,Yes,Yes,37,Bank Transfer,Weekly,2,High Value,0.6404081632653061,Satisfied,Medium Loyalty,Low Risk,Mature,High,No
1278,19,Male,Blouse,Clothing,97,Rhode Island,L,Green,Spring,5.0,No,Express,Yes,Yes,5,Venmo,Quarterly,2,Medium Value,0.4826147959183675,Satisfied,Low Loyalty,Low Risk,Young Adult,High,No
1279,28,Male,Shorts,Clothing,98,Utah,M,Violet,Fall,2.8,No,Next Day Air,Yes,Yes,31,Venmo,Fortnightly,2,High Value,0.722423469387755,Unsatisfied,Medium Loyalty,Low Risk,Adult,High,No
1280,63,Male,Hoodie,Clothing,56,Maryland,L,Charcoal,Fall,3.7,No,Express,Yes,Yes,18,Debit Card,Annually,2,Low Value,0.30658163265306126,Unsatisfied,Low Loyalty,Low Risk,Mature,High,No
1281,30,Male,Pants,Clothing,78,Georgia,L,White,Winter,4.4,No,2-Day Shipping,Yes,Yes,39,Venmo,Every 3 Months,2,High Value,0.6089030612244899,Satisfied,Medium Loyalty,Low Risk,Adult,High,No
1282,29,Male,Belt,Accessories,81,New Jersey,M,Olive,Spring,4.5,No,Store Pickup,Yes,Yes,8,Venmo,Bi-Weekly,2,Medium Value,0.5109821428571428,Satisfied,Low Loyalty,Low Risk,Adult,High,No
1283,24,Male,Shirt,Clothing,68,New Hampshire,L,Violet,Winter,3.0,No,Free Shipping,Yes,Yes,20,Venmo,Monthly,2,Medium Value,0.461326530612245,Unsatisfied,Low Loyalty,Low Risk,Young Adult,High,No
1284,69,Male,Shirt,Clothing,94,Oregon,M,Violet,Winter,3.9,No,2-Day Shipping,Yes,Yes,23,Debit Card,Every 3 Months,2,High Value,0.6009438775510204,Unsatisfied,Low Loyalty,Low Risk,Mature,High,No
1285,65,Male,Dress,Clothing,93,Arkansas,M,Black,Spring,3.9,No,Express,Yes,Yes,38,PayPal,Fortnightly,2,High Value,0.737155612244898,Unsatisfied,Medium Loyalty,Low Risk,Mature,High,No
1286,64,Male,Gloves,Accessories,99,North Carolina,M,Charcoal,Fall,3.5,No,Next Day Air,Yes,Yes,45,Bank Transfer,Fortnightly,2,High Value,0.8137627551020408,Unsatisfied,Medium Loyalty,Low Risk,Mature,High,No
1287,40,Male,Gloves,Accessories,49,West Virginia,L,Yellow,Winter,4.9,No,Next Day Air,Yes,Yes,44,Debit Card,Fortnightly,2,Medium Value,0.526390306122449,Satisfied,Medium Loyalty,Low Risk,Adult,High,No
1288,24,Male,Jeans,Clothing,28,Utah,XL,Blue,Winter,3.4,No,Standard,Yes,Yes,20,PayPal,Monthly,2,Low Value,0.2363265306122449,Unsatisfied,Low Loyalty,Low Risk,Young Adult,High,No
1289,66,Male,Belt,Accessories,93,South Dakota,XL,Charcoal,Winter,4.1,No,Standard,Yes,Yes,34,PayPal,Bi-Weekly,2,High Value,0.7376658163265306,Satisfied,Medium Loyalty,Low Risk,Mature,High,No
1290,35,Male,Jacket,Outerwear,24,New Hampshire,M,Red,Fall,2.9,No,Next Day Air,Yes,Yes,10,PayPal,Weekly,2,Low Value,0.2276020408163265,Unsatisfied,Low Loyalty,Low Risk,Adult,High,No
1291,67,Male,Skirt,Clothing,35,Maryland,M,Indigo,Spring,3.4,No,Free Shipping,Yes,Yes,3,PayPal,Annually,2,Low Value,0.09661989795918369,Unsatisfied,Low Loyalty,Low Risk,Mature,High,No
1292,69,Male,Sandals,Footwear,68,South Dakota,S,Beige,Spring,3.2,No,2-Day Shipping,Yes,Yes,23,Debit Card,Fortnightly,2,Medium Value,0.5046938775510205,Unsatisfied,Low Loyalty,Low Risk,Mature,High,No
1293,26,Male,Belt,Accessories,61,Kentucky,M,Maroon,Summer,3.8,No,Free Shipping,Yes,Yes,42,Bank Transfer,Annually,2,Medium Value,0.4816454081632653,Unsatisfied,Medium Loyalty,Low Risk,Adult,High,No
1294,23,Male,Sweater,Clothing,74,Florida,XL,Yellow,Fall,4.1,No,Standard,Yes,Yes,30,Debit Card,Annually,2,Medium Value,0.48130102040816325,Satisfied,Medium Loyalty,Low Risk,Young Adult,High,No
1295,27,Male,Shirt,Clothing,64,Texas,M,Silver,Summer,4.5,No,Standard,Yes,Yes,21,Cash,Every 3 Months,2,Medium Value,0.41994897959183675,Satisfied,Low Loyalty,Low Risk,Adult,High,No
1296,30,Male,Sneakers,Footwear,60,New Mexico,M,Olive,Fall,2.8,No,Standard,Yes,Yes,50,PayPal,Weekly,2,High Value,0.675,Unsatisfied,High Loyalty,Low Risk,Adult,High,Yes
1297,48,Male,Jeans,Clothing,29,South Dakota,S,Teal,Spring,2.8,No,Express,Yes,Yes,16,Cash,Bi-Weekly,2,Low Value,0.2674617346938776,Unsatisfied,Low Loyalty,Low Risk,Mature,High,No
1298,44,Male,Sandals,Footwear,85,New Jersey,M,Silver,Summer,4.6,No,Standard,Yes,Yes,32,Venmo,Annually,2,High Value,0.555420918367347,Satisfied,Medium Loyalty,Low Risk,Mature,High,No
1299,29,Male,Pants,Clothing,81,Indiana,S,Indigo,Summer,3.0,No,Free Shipping,Yes,Yes,14,Bank Transfer,Fortnightly,2,Medium Value,0.5227168367346938,Unsatisfied,Low Loyalty,Low Risk,Adult,High,No
1300,29,Male,Belt,Accessories,23,Louisiana,L,Teal,Fall,3.6,No,2-Day Shipping,Yes,Yes,42,Venmo,Bi-Weekly,2,Low Value,0.3928954081632653,Unsatisfied,Medium Loyalty,Low Risk,Adult,High,No
1301,67,Male,T-shirt,Clothing,100,West Virginia,M,Charcoal,Spring,4.5,No,Next Day Air,Yes,Yes,47,Credit Card,Every 3 Months,2,High Value,0.7816326530612245,Satisfied,High Loyalty,Low Risk,Mature,High,Yes
1302,42,Male,Shirt,Clothing,54,Maine,M,Orange,Fall,5.0,No,Express,Yes,Yes,21,Debit Card,Weekly,2,Medium Value,0.4636989795918367,Satisfied,Low Loyalty,Low Risk,Mature,High,No
1303,23,Male,Sneakers,Footwear,25,Idaho,M,Gold,Fall,2.9,No,Next Day Air,Yes,Yes,37,Credit Card,Monthly,2,Low Value,0.3235331632653061,Unsatisfied,Medium Loyalty,Low Risk,Young Adult,High,No
1304,34,Male,Blouse,Clothing,32,New York,L,Silver,Summer,3.1,No,Next Day Air,Yes,Yes,10,Credit Card,Annually,2,Low Value,0.12260204081632654,Unsatisfied,Low Loyalty,Low Risk,Adult,High,No
1305,64,Male,Backpack,Accessories,63,Montana,S,Orange,Spring,4.0,No,2-Day Shipping,Yes,Yes,18,PayPal,Every 3 Months,2,Medium Value,0.39595663265306125,Satisfied,Low Loyalty,Low Risk,Mature,High,No
1306,31,Male,Pants,Clothing,56,Mississippi,XL,Peach,Spring,4.5,No,Express,Yes,Yes,2,PayPal,Every 3 Months,2,Low Value,0.25862244897959186,Satisfied,Low Loyalty,Low Risk,Adult,High,No
1307,54,Male,Sweater,Clothing,33,Alaska,L,Brown,Winter,4.5,No,Next Day Air,Yes,Yes,40,PayPal,Annually,2,Low Value,0.3119005102040816,Satisfied,Medium Loyalty,Low Risk,Mature,High,No
1308,23,Male,Coat,Outerwear,32,Missouri,L,Black,Summer,3.1,No,Express,Yes,Yes,43,PayPal,Annually,2,Low Value,0.3246428571428571,Unsatisfied,Medium Loyalty,Low Risk,Young Adult,High,No
1309,59,Male,Dress,Clothing,38,Rhode Island,L,Red,Summer,4.4,No,Next Day Air,Yes,Yes,14,Credit Card,Every 3 Months,2,Low Value,0.23084183673469388,Satisfied,Low Loyalty,Low Risk,Mature,High,No
1310,32,Male,Blouse,Clothing,21,Hawaii,L,Lavender,Summer,4.7,No,Store Pickup,Yes,Yes,41,Cash,Quarterly,2,Low Value,0.2755229591836735,Satisfied,Medium Loyalty,Low Risk,Adult,High,No
1311,43,Male,Hoodie,Clothing,59,South Carolina,L,Brown,Winter,3.1,No,Store Pickup,Yes,Yes,38,Credit Card,Every 3 Months,2,Medium Value,0.49590561224489793,Unsatisfied,Medium Loyalty,Low Risk,Mature,High,No
1312,32,Male,Shoes,Footwear,87,Tennessee,M,Maroon,Fall,4.2,No,Express,Yes,Yes,12,Venmo,Annually,2,Medium Value,0.4442219387755103,Satisfied,Low Loyalty,Low Risk,Adult,High,No
1313,66,Male,T-shirt,Clothing,79,Missouri,M,Violet,Winter,3.0,No,Store Pickup,Yes,Yes,19,Bank Transfer,Monthly,2,Medium Value,0.517079081632653,Unsatisfied,Low Loyalty,Low Risk,Mature,High,No
1314,70,Male,Shoes,Footwear,28,Missouri,M,Lavender,Summer,3.8,No,Free Shipping,Yes,Yes,23,Credit Card,Bi-Weekly,2,Low Value,0.3046938775510204,Unsatisfied,Low Loyalty,Low Risk,Mature,High,No
1315,42,Male,Boots,Footwear,67,Missouri,S,Magenta,Summer,3.4,No,Free Shipping,Yes,Yes,49,Debit Card,Annually,2,High Value,0.5582525510204082,Unsatisfied,High Loyalty,Low Risk,Mature,High,Yes
1316,56,Male,Shorts,Clothing,75,Mississippi,L,Green,Spring,4.2,No,2-Day Shipping,Yes,Yes,29,Debit Card,Quarterly,2,Medium Value,0.5058035714285715,Satisfied,Low Loyalty,Low Risk,Mature,High,No
1317,28,Male,Belt,Accessories,32,Arkansas,S,Lavender,Spring,4.6,No,Standard,Yes,Yes,14,Debit Card,Bi-Weekly,2,Low Value,0.2720918367346939,Satisfied,Low Loyalty,Low Risk,Adult,High,No
1318,28,Male,Pants,Clothing,43,Kentucky,M,Green,Spring,2.8,No,Free Shipping,Yes,Yes,19,Cash,Monthly,2,Low Value,0.314579081632653,Unsatisfied,Low Loyalty,Low Risk,Adult,High,No
1319,52,Male,Shorts,Clothing,93,Connecticut,M,Maroon,Spring,2.7,No,Express,Yes,Yes,19,Credit Card,Bi-Weekly,2,High Value,0.6458290816326531,Unsatisfied,Low Loyalty,Low Risk,Mature,High,No
1320,65,Male,Sunglasses,Accessories,24,Oklahoma,M,Magenta,Spring,4.0,No,Standard,Yes,Yes,48,Bank Transfer,Weekly,2,Medium Value,0.46025510204081627,Satisfied,High Loyalty,Low Risk,Mature,High,No
1321,56,Male,Hat,Accessories,31,California,XL,Teal,Fall,3.1,No,Free Shipping,Yes,Yes,19,Debit Card,Annually,2,Low Value,0.17207908163265306,Unsatisfied,Low Loyalty,Low Risk,Mature,High,No
1322,59,Male,T-shirt,Clothing,84,Missouri,L,Orange,Winter,3.7,No,Express,Yes,Yes,45,Bank Transfer,Every 3 Months,2,High Value,0.6793877551020409,Unsatisfied,Medium Loyalty,Low Risk,Mature,High,No
1323,23,Male,Pants,Clothing,74,Washington,M,Violet,Winter,4.0,No,Next Day Air,Yes,Yes,17,Bank Transfer,Quarterly,2,Medium Value,0.42670918367346944,Satisfied,Low Loyalty,Low Risk,Young Adult,High,No
1324,58,Male,Shorts,Clothing,62,New York,M,Yellow,Spring,4.6,No,Standard,Yes,Yes,15,Debit Card,Every 3 Months,2,Low Value,0.3719642857142857,Satisfied,Low Loyalty,Low Risk,Mature,High,No
1325,39,Male,Jewelry,Accessories,77,Indiana,S,Orange,Summer,3.8,No,Free Shipping,Yes,Yes,11,Credit Card,Fortnightly,2,Medium Value,0.48184948979591835,Unsatisfied,Low Loyalty,Low Risk,Adult,High,No
1326,28,Male,Backpack,Accessories,73,Oregon,L,Gold,Summer,3.5,No,Express,Yes,Yes,1,Cash,Monthly,2,Low Value,0.37312500000000004,Unsatisfied,Low Loyalty,Low Risk,Adult,High,No
1327,40,Male,Shoes,Footwear,50,Texas,M,Indigo,Spring,3.8,No,Free Shipping,Yes,Yes,17,Cash,Monthly,2,Low Value,0.3417091836734694,Unsatisfied,Low Loyalty,Low Risk,Adult,High,No
1328,52,Male,Coat,Outerwear,40,Florida,M,Turquoise,Winter,2.8,No,Standard,Yes,Yes,37,Cash,Weekly,2,Medium Value,0.48290816326530606,Unsatisfied,Medium Loyalty,Low Risk,Mature,High,No
1329,37,Male,Sweater,Clothing,97,Rhode Island,M,Orange,Winter,3.7,No,Standard,Yes,Yes,40,Bank Transfer,Weekly,2,High Value,0.8219005102040817,Unsatisfied,Medium Loyalty,Low Risk,Adult,High,No
1330,70,Male,Gloves,Accessories,63,Texas,M,Indigo,Fall,3.3,No,Express,Yes,Yes,50,PayPal,Every 3 Months,2,High Value,0.591875,Unsatisfied,High Loyalty,Low Risk,Mature,High,Yes
1331,30,Male,Handbag,Accessories,65,Vermont,M,Charcoal,Fall,2.9,No,Standard,Yes,Yes,20,PayPal,Bi-Weekly,2,Medium Value,0.4944515306122449,Unsatisfied,Low Loyalty,Low Risk,Adult,High,No
1332,38,Male,Socks,Clothing,91,Maryland,M,Lavender,Spring,3.2,No,Standard,Yes,Yes,8,PayPal,Bi-Weekly,2,High Value,0.5672321428571429,Unsatisfied,Low Loyalty,Low Risk,Adult,High,No
1333,66,Male,Hoodie,Clothing,60,Alaska,S,Gold,Spring,4.3,No,Store Pickup,Yes,Yes,16,Bank Transfer,Quarterly,2,Low Value,0.34183673469387754,Satisfied,Low Loyalty,Low Risk,Mature,High,No
1334,29,Male,Pants,Clothing,69,Idaho,M,Lavender,Winter,2.7,No,Next Day Air,Yes,Yes,9,Bank Transfer,Quarterly,2,Low Value,0.3496045918367347,Unsatisfied,Low Loyalty,High Risk,Adult,High,No
1335,46,Male,Coat,Outerwear,52,West Virginia,S,White,Spring,3.8,No,Store Pickup,Yes,Yes,12,Venmo,Monthly,2,Low Value,0.32234693877551024,Unsatisfied,Low Loyalty,Low Risk,Mature,High,No
1336,56,Male,Boots,Footwear,49,Nevada,M,Lavender,Fall,4.8,No,2-Day Shipping,Yes,Yes,26,Credit Card,Weekly,2,Medium Value,0.4661862244897959,Satisfied,Low Loyalty,Low Risk,Mature,High,No
1337,23,Male,Sneakers,Footwear,85,Oregon,M,Charcoal,Spring,4.8,No,Store Pickup,Yes,Yes,44,Debit Card,Fortnightly,2,High Value,0.7288903061224489,Satisfied,Medium Loyalty,Low Risk,Young Adult,High,No
1338,37,Male,Sweater,Clothing,86,Tennessee,L,Silver,Spring,3.4,No,Express,Yes,Yes,19,Credit Card,Bi-Weekly,2,High Value,0.606454081632653,Unsatisfied,Low Loyalty,Low Risk,Adult,High,No
1339,56,Male,Handbag,Accessories,51,Alabama,S,Yellow,Winter,2.6,No,Standard,Yes,Yes,43,PayPal,Fortnightly,2,Medium Value,0.5315178571428572,Unsatisfied,Medium Loyalty,Low Risk,Mature,High,No
1340,36,Male,Belt,Accessories,56,Indiana,L,Olive,Winter,5.0,No,Next Day Air,Yes,Yes,5,Bank Transfer,Every 3 Months,2,Low Value,0.27698979591836737,Satisfied,Low Loyalty,Low Risk,Adult,High,No
1341,40,Male,Belt,Accessories,72,Idaho,M,Peach,Fall,4.4,No,Next Day Air,Yes,Yes,5,Debit Card,Every 3 Months,2,Low Value,0.3669897959183674,Satisfied,Low Loyalty,Low Risk,Adult,High,No
1342,26,Male,Hoodie,Clothing,27,Rhode Island,XL,Yellow,Fall,3.8,No,Standard,Yes,Yes,31,Bank Transfer,Quarterly,2,Low Value,0.24804846938775507,Unsatisfied,Medium Loyalty,Low Risk,Adult,High,No
1343,57,Male,Sunglasses,Accessories,43,Arizona,XL,Yellow,Summer,3.4,No,2-Day Shipping,Yes,Yes,11,Bank Transfer,Monthly,2,Low Value,0.26559948979591835,Unsatisfied,Low Loyalty,Low Risk,Mature,High,No
1344,68,Male,Sneakers,Footwear,56,Florida,M,Indigo,Spring,3.4,No,Standard,Yes,Yes,34,Bank Transfer,Monthly,2,Medium Value,0.4795408163265306,Unsatisfied,Medium Loyalty,Low Risk,Mature,High,No
1345,56,Male,T-shirt,Clothing,37,New York,S,Violet,Fall,4.9,No,Next Day Air,Yes,Yes,14,Cash,Annually,2,Low Value,0.17521683673469388,Satisfied,Low Loyalty,Low Risk,Mature,High,No
1346,40,Male,Dress,Clothing,21,Nebraska,M,White,Fall,3.6,No,Standard,Yes,Yes,42,Venmo,Weekly,2,Medium Value,0.4066454081632652,Unsatisfied,Medium Loyalty,Low Risk,Adult,High,No
1347,44,Male,Hoodie,Clothing,91,Mississippi,L,White,Winter,3.0,No,Free Shipping,Yes,Yes,15,Venmo,Bi-Weekly,2,High Value,0.6100892857142857,Unsatisfied,Low Loyalty,Low Risk,Mature,High,No
1348,44,Male,Sweater,Clothing,95,Vermont,M,Cyan,Summer,3.9,No,2-Day Shipping,Yes,Yes,47,Bank Transfer,Monthly,2,High Value,0.7785076530612245,Unsatisfied,High Loyalty,Low Risk,Mature,High,Yes
1349,19,Male,Belt,Accessories,54,Nebraska,XL,Purple,Spring,3.2,No,Standard,Yes,Yes,23,Credit Card,Fortnightly,2,Medium Value,0.42594387755102037,Unsatisfied,Low Loyalty,Low Risk,Young Adult,High,No
1350,21,Male,Socks,Clothing,36,South Carolina,XL,Black,Spring,3.2,No,Next Day Air,Yes,Yes,23,Cash,Bi-Weekly,2,Low Value,0.3496938775510204,Unsatisfied,Low Loyalty,Low Risk,Young Adult,High,No
1351,31,Male,Sunglasses,Accessories,71,Delaware,M,Orange,Fall,4.3,No,Next Day Air,Yes,Yes,1,Cash,Every 3 Months,2,Low Value,0.33687500000000004,Satisfied,Low Loyalty,Low Risk,Adult,High,No
1352,30,Male,Coat,Outerwear,31,Vermont,L,Maroon,Summer,2.8,No,2-Day Shipping,Yes,Yes,28,Bank Transfer,Quarterly,2,Low Value,0.2521811224489796,Unsatisfied,Low Loyalty,Low Risk,Adult,High,No
1353,65,Male,Hat,Accessories,89,Indiana,XL,Orange,Spring,4.5,No,Next Day Air,Yes,Yes,37,Credit Card,Bi-Weekly,2,High Value,0.7335331632653062,Satisfied,Medium Loyalty,Low Risk,Mature,High,No
1354,39,Male,Pants,Clothing,83,Oregon,M,Teal,Winter,4.1,No,Next Day Air,Yes,Yes,4,Cash,Every 3 Months,2,Medium Value,0.42274234693877555,Satisfied,Low Loyalty,Low Risk,Adult,High,No
1355,64,Male,Backpack,Accessories,42,Maryland,M,Gray,Spring,3.6,No,2-Day Shipping,Yes,Yes,21,Bank Transfer,Quarterly,2,Low Value,0.27119897959183675,Unsatisfied,Low Loyalty,Low Risk,Mature,High,No
1356,59,Male,Shorts,Clothing,91,Florida,M,Blue,Summer,3.0,No,2-Day Shipping,Yes,Yes,50,PayPal,Bi-Weekly,2,High Value,0.824375,Unsatisfied,High Loyalty,Low Risk,Mature,High,Yes
1357,49,Male,Jacket,Outerwear,61,Indiana,M,Cyan,Spring,4.0,No,Free Shipping,Yes,Yes,34,Bank Transfer,Annually,2,Medium Value,0.4326658163265306,Satisfied,Medium Loyalty,Low Risk,Mature,High,No
1358,24,Male,Backpack,Accessories,66,Texas,S,Red,Summer,3.5,No,Next Day Air,Yes,Yes,20,Cash,Quarterly,2,Medium Value,0.4000765306122449,Unsatisfied,Low Loyalty,Low Risk,Young Adult,High,No
1359,19,Male,Scarf,Accessories,22,Nebraska,XL,Pink,Spring,2.5,No,Store Pickup,Yes,Yes,25,Venmo,Every 3 Months,2,Low Value,0.2081887755102041,Unsatisfied,Low Loyalty,Low Risk,Young Adult,High,No
1360,27,Male,Hoodie,Clothing,68,North Carolina,S,Cyan,Winter,4.3,No,Store Pickup,Yes,Yes,26,Bank Transfer,Fortnightly,2,Medium Value,0.523061224489796,Satisfied,Low Loyalty,Low Risk,Adult,High,No
1361,56,Male,Skirt,Clothing,43,Alabama,L,Black,Fall,2.8,No,Express,Yes,Yes,4,Bank Transfer,Annually,2,Low Value,0.1477423469387755,Unsatisfied,Low Loyalty,High Risk,Mature,High,No
1362,49,Male,Dress,Clothing,32,Alabama,M,Beige,Fall,3.7,No,Next Day Air,Yes,Yes,39,Debit Card,Monthly,2,Low Value,0.37515306122448977,Unsatisfied,Medium Loyalty,Low Risk,Mature,High,No
1363,41,Male,Coat,Outerwear,46,Colorado,M,Gray,Fall,4.3,No,Express,Yes,Yes,29,Cash,Weekly,2,Medium Value,0.46767857142857144,Satisfied,Low Loyalty,Low Risk,Mature,High,No
1364,36,Male,Blouse,Clothing,90,Wisconsin,L,Red,Summer,4.0,No,Express,Yes,Yes,47,PayPal,Quarterly,2,High Value,0.7003826530612245,Satisfied,High Loyalty,Low Risk,Adult,High,Yes
1365,68,Male,Hat,Accessories,75,Delaware,L,Yellow,Fall,4.7,No,Express,Yes,Yes,5,Cash,Every 3 Months,2,Low Value,0.38386479591836736,Satisfied,Low Loyalty,Low Risk,Mature,High,No
1366,28,Male,Handbag,Accessories,69,Indiana,M,Magenta,Winter,4.5,No,Store Pickup,Yes,Yes,18,Bank Transfer,Fortnightly,2,Medium Value,0.4797066326530612,Satisfied,Low Loyalty,Low Risk,Adult,High,No
1367,45,Male,Belt,Accessories,40,Iowa,M,Magenta,Fall,3.1,No,Free Shipping,Yes,Yes,10,Credit Card,Fortnightly,2,Low Value,0.2676020408163265,Unsatisfied,Low Loyalty,Low Risk,Mature,High,No
1368,60,Male,Belt,Accessories,63,Iowa,S,Black,Fall,3.8,No,Express,Yes,Yes,25,Cash,Quarterly,2,Medium Value,0.41381377551020415,Unsatisfied,Low Loyalty,Low Risk,Mature,High,No
1369,21,Male,Shirt,Clothing,36,Wisconsin,L,Orange,Summer,4.9,No,Express,Yes,Yes,2,Cash,Weekly,2,Low Value,0.24612244897959182,Satisfied,Low Loyalty,Low Risk,Young Adult,High,No
1370,32,Male,Shoes,Footwear,75,Iowa,M,Green,Winter,3.2,No,Standard,Yes,Yes,48,Venmo,Fortnightly,2,High Value,0.6971301020408163,Unsatisfied,High Loyalty,Low Risk,Adult,High,Yes
1371,27,Male,Scarf,Accessories,67,Montana,L,Peach,Summer,3.8,No,2-Day Shipping,Yes,Yes,41,Bank Transfer,Every 3 Months,2,High Value,0.5592729591836735,Unsatisfied,Medium Loyalty,Low Risk,Adult,High,No
1372,40,Male,Pants,Clothing,64,Mississippi,M,Charcoal,Spring,2.8,No,Store Pickup,Yes,Yes,42,Credit Card,Monthly,2,High Value,0.5735204081632652,Unsatisfied,Medium Loyalty,Low Risk,Adult,High,No
1373,64,Male,Blouse,Clothing,61,Michigan,M,Gray,Fall,4.0,No,2-Day Shipping,Yes,Yes,44,PayPal,Bi-Weekly,2,High Value,0.6188903061224489,Satisfied,Medium Loyalty,Low Risk,Mature,High,No
1374,18,Male,Gloves,Accessories,40,Virginia,L,Turquoise,Winter,2.6,No,Store Pickup,Yes,Yes,6,Cash,Quarterly,2,Low Value,0.16811224489795917,Unsatisfied,Low Loyalty,High Risk,Young Adult,High,No
1375,22,Male,Handbag,Accessories,97,New York,M,Red,Fall,2.7,No,Free Shipping,Yes,Yes,5,Bank Transfer,Quarterly,2,Medium Value,0.4826147959183675,Unsatisfied,Low Loyalty,High Risk,Young Adult,High,No
1376,42,Male,Sneakers,Footwear,31,Maine,L,Brown,Spring,4.1,No,2-Day Shipping,Yes,Yes,8,Credit Card,Annually,2,Low Value,0.10473214285714286,Satisfied,Low Loyalty,Low Risk,Mature,High,No
1377,57,Male,Sandals,Footwear,65,New Jersey,L,Pink,Spring,5.0,No,Free Shipping,Yes,Yes,24,PayPal,Annually,2,Low Value,0.3939413265306122,Satisfied,Low Loyalty,Low Risk,Mature,High,No
1378,33,Male,Sunglasses,Accessories,54,Maryland,L,Olive,Spring,3.0,No,Next Day Air,Yes,Yes,42,Venmo,Monthly,2,Medium Value,0.5172704081632653,Unsatisfied,Medium Loyalty,Low Risk,Adult,High,No
1379,37,Male,Jacket,Outerwear,49,Kentucky,XL,Lavender,Fall,3.6,No,Free Shipping,Yes,Yes,24,Venmo,Weekly,2,Medium Value,0.4539413265306122,Unsatisfied,Low Loyalty,Low Risk,Adult,High,No
1380,21,Male,T-shirt,Clothing,64,Minnesota,L,Purple,Fall,2.8,No,2-Day Shipping,Yes,Yes,38,Venmo,Bi-Weekly,2,High Value,0.599030612244898,Unsatisfied,Medium Loyalty,Low Risk,Young Adult,High,No
1381,51,Male,Sneakers,Footwear,35,Massachusetts,S,Beige,Winter,4.6,No,Standard,Yes,Yes,41,Cash,Fortnightly,2,Medium Value,0.4292729591836734,Satisfied,Medium Loyalty,Low Risk,Mature,High,No
1382,30,Male,Shoes,Footwear,86,Illinois,L,Green,Winter,2.9,No,Standard,Yes,Yes,48,Venmo,Quarterly,2,High Value,0.6840051020408163,Unsatisfied,High Loyalty,Low Risk,Adult,High,Yes
1383,68,Male,Jacket,Outerwear,55,Michigan,L,Brown,Winter,4.8,No,Express,Yes,Yes,16,Bank Transfer,Quarterly,2,Low Value,0.31371173469387753,Satisfied,Low Loyalty,Low Risk,Mature,High,No
1384,36,Male,Scarf,Accessories,58,Wisconsin,M,Beige,Spring,3.3,No,Express,Yes,Yes,4,Venmo,Monthly,2,Low Value,0.30711734693877557,Unsatisfied,Low Loyalty,Low Risk,Adult,High,No
1385,46,Male,Sneakers,Footwear,96,Alaska,M,Beige,Fall,4.6,No,Standard,Yes,Yes,8,Bank Transfer,Weekly,2,High Value,0.6203571428571429,Satisfied,Low Loyalty,Low Risk,Mature,High,No
1386,41,Male,Jewelry,Accessories,64,Mississippi,M,Indigo,Fall,2.6,No,Store Pickup,Yes,Yes,1,Bank Transfer,Bi-Weekly,2,Low Value,0.37250000000000005,Unsatisfied,Low Loyalty,High Risk,Mature,High,No
1387,68,Male,Jacket,Outerwear,56,Oregon,M,Silver,Fall,4.0,No,Next Day Air,Yes,Yes,4,Debit Card,Quarterly,2,Low Value,0.24586734693877554,Satisfied,Low Loyalty,Low Risk,Mature,High,No
1388,21,Male,Blouse,Clothing,85,Maryland,M,Gold,Winter,3.8,No,Standard,Yes,Yes,20,Credit Card,Monthly,2,High Value,0.5569515306122449,Unsatisfied,Low Loyalty,Low Risk,Young Adult,High,No
1389,62,Male,Dress,Clothing,23,Arkansas,M,Lavender,Spring,3.9,No,Express,Yes,Yes,40,Cash,Quarterly,2,Low Value,0.2806505102040816,Unsatisfied,Medium Loyalty,Low Risk,Mature,High,No
1390,59,Male,Scarf,Accessories,72,Illinois,L,Orange,Fall,2.6,No,Store Pickup,Yes,Yes,8,Debit Card,Fortnightly,2,Medium Value,0.4353571428571429,Unsatisfied,Low Loyalty,High Risk,Mature,High,No
1391,25,Male,Hat,Accessories,38,Arkansas,M,Maroon,Summer,4.3,No,Standard,Yes,Yes,42,Debit Card,Weekly,2,Medium Value,0.5022704081632652,Satisfied,Medium Loyalty,Low Risk,Young Adult,High,No
1392,53,Male,Blouse,Clothing,29,Mississippi,S,White,Winter,3.6,No,Express,Yes,Yes,38,Credit Card,Annually,2,Low Value,0.27715561224489793,Unsatisfied,Medium Loyalty,Low Risk,Mature,High,No
1393,31,Male,Gloves,Accessories,46,Arkansas,M,Yellow,Spring,4.2,No,Express,Yes,Yes,34,Venmo,Every 3 Months,2,Medium Value,0.39829081632653063,Satisfied,Medium Loyalty,Low Risk,Adult,High,No
1394,46,Male,Gloves,Accessories,58,Idaho,L,Yellow,Spring,3.9,No,Express,Yes,Yes,14,PayPal,Fortnightly,2,Low Value,0.3933418367346939,Unsatisfied,Low Loyalty,Low Risk,Mature,High,No
1395,26,Male,Coat,Outerwear,43,Iowa,L,Magenta,Fall,4.7,No,Next Day Air,Yes,Yes,39,Cash,Weekly,2,Medium Value,0.5120280612244896,Satisfied,Medium Loyalty,Low Risk,Adult,High,No
1396,47,Male,Scarf,Accessories,32,West Virginia,L,Turquoise,Spring,2.8,No,Next Day Air,Yes,Yes,40,PayPal,Bi-Weekly,2,Medium Value,0.4312755102040816,Unsatisfied,Medium Loyalty,Low Risk,Mature,High,No
1397,37,Male,Pants,Clothing,30,Wisconsin,XL,Lavender,Winter,3.0,No,Next Day Air,Yes,Yes,49,Debit Card,Monthly,2,Medium Value,0.42512755102040817,Unsatisfied,High Loyalty,Low Risk,Adult,High,No
1398,55,Male,Sunglasses,Accessories,67,Massachusetts,S,Magenta,Summer,4.7,No,Store Pickup,Yes,Yes,33,PayPal,Annually,2,Medium Value,0.4602933673469388,Satisfied,Medium Loyalty,Low Risk,Mature,High,No
1399,30,Male,Dress,Clothing,45,Texas,M,Cyan,Summer,2.5,No,Free Shipping,Yes,Yes,25,Credit Card,Weekly,2,Medium Value,0.43756377551020403,Unsatisfied,Low Loyalty,Low Risk,Adult,High,No
1400,19,Male,Hat,Accessories,81,Nebraska,M,Olive,Winter,3.1,No,Store Pickup,Yes,Yes,48,Venmo,Annually,2,High Value,0.6308801020408163,Unsatisfied,High Loyalty,Low Risk,Young Adult,High,Yes
1401,36,Male,Backpack,Accessories,23,Nevada,M,Red,Fall,3.6,No,Next Day Air,Yes,Yes,22,Credit Card,Every 3 Months,2,Low Value,0.19544642857142852,Unsatisfied,Low Loyalty,Low Risk,Adult,High,No
1402,23,Male,Sandals,Footwear,59,Indiana,M,Blue,Fall,3.5,No,2-Day Shipping,Yes,Yes,1,PayPal,Weekly,2,Low Value,0.369375,Unsatisfied,Low Loyalty,Low Risk,Young Adult,High,No
1403,62,Male,Sunglasses,Accessories,21,North Dakota,L,White,Summer,3.1,No,Express,Yes,Yes,47,PayPal,Monthly,2,Low Value,0.3622576530612245,Unsatisfied,High Loyalty,Low Risk,Mature,High,No
1404,26,Male,Backpack,Accessories,20,Georgia,M,Peach,Spring,3.6,No,Store Pickup,Yes,Yes,20,Credit Card,Bi-Weekly,2,Low Value,0.24132653061224488,Unsatisfied,Low Loyalty,Low Risk,Adult,High,No
1405,36,Male,Jewelry,Accessories,28,New Mexico,M,Charcoal,Winter,3.5,No,Next Day Air,Yes,Yes,10,Debit Card,Weekly,2,Low Value,0.2501020408163265,Unsatisfied,Low Loyalty,Low Risk,Adult,High,No
1406,33,Male,Socks,Clothing,100,New Hampshire,M,Peach,Winter,2.7,No,Store Pickup,Yes,Yes,39,Credit Card,Monthly,2,High Value,0.7576530612244897,Unsatisfied,Medium Loyalty,Low Risk,Adult,High,No
1407,32,Male,Shirt,Clothing,46,Washington,L,Turquoise,Spring,3.6,No,Express,Yes,Yes,15,Debit Card,Monthly,2,Low Value,0.30696428571428575,Unsatisfied,Low Loyalty,Low Risk,Adult,High,No
1408,56,Male,Handbag,Accessories,61,Nevada,XL,Charcoal,Spring,4.5,No,Express,Yes,Yes,11,Credit Card,Annually,2,Low Value,0.2918494897959184,Satisfied,Low Loyalty,Low Risk,Mature,High,No
1409,58,Male,Blouse,Clothing,58,Maine,M,Yellow,Winter,4.1,No,Free Shipping,Yes,Yes,38,Venmo,Weekly,2,High Value,0.590280612244898,Satisfied,Medium Loyalty,Low Risk,Mature,High,No
1410,34,Male,Backpack,Accessories,50,Idaho,M,Blue,Spring,4.2,No,Standard,Yes,Yes,41,Cash,Fortnightly,2,Medium Value,0.5136479591836735,Satisfied,Medium Loyalty,Low Risk,Adult,High,No
1411,61,Male,Hat,Accessories,93,Tennessee,M,Purple,Summer,4.0,No,Store Pickup,Yes,Yes,18,Debit Card,Annually,2,Medium Value,0.5147066326530613,Satisfied,Low Loyalty,Low Risk,Mature,High,No
1412,48,Male,Skirt,Clothing,24,Louisiana,L,Green,Summer,2.8,No,Store Pickup,Yes,Yes,13,Venmo,Quarterly,2,Low Value,0.12096938775510205,Unsatisfied,Low Loyalty,Low Risk,Mature,High,No
1413,25,Male,Shorts,Clothing,100,Michigan,M,Charcoal,Summer,2.6,No,2-Day Shipping,Yes,Yes,43,Venmo,Annually,2,High Value,0.7071428571428571,Unsatisfied,Medium Loyalty,Low Risk,Young Adult,High,No
1414,51,Male,Blouse,Clothing,79,New Hampshire,S,Indigo,Fall,2.7,No,Store Pickup,Yes,Yes,12,Bank Transfer,Quarterly,2,Medium Value,0.4242219387755103,Unsatisfied,Low Loyalty,Low Risk,Mature,High,No
1415,29,Male,Socks,Clothing,51,Minnesota,M,Black,Summer,4.5,No,Store Pickup,Yes,Yes,3,Credit Card,Bi-Weekly,2,Low Value,0.3116198979591837,Satisfied,Low Loyalty,Low Risk,Adult,High,No
1416,54,Male,Belt,Accessories,90,Illinois,M,Blue,Winter,3.7,No,Free Shipping,Yes,Yes,12,Credit Card,Every 3 Months,2,Medium Value,0.5110969387755102,Unsatisfied,Low Loyalty,Low Risk,Mature,High,No
1417,48,Male,Boots,Footwear,56,Idaho,L,Silver,Summer,3.4,No,Free Shipping,Yes,Yes,46,Cash,Quarterly,2,Medium Value,0.5030102040816327,Unsatisfied,Medium Loyalty,Low Risk,Mature,High,No
1418,62,Male,Shorts,Clothing,25,Montana,S,Brown,Spring,4.6,No,Standard,Yes,Yes,21,Debit Card,Fortnightly,2,Low Value,0.2505739795918367,Satisfied,Low Loyalty,Low Risk,Mature,High,No
1419,18,Male,Shirt,Clothing,75,Alabama,M,Violet,Summer,4.1,No,2-Day Shipping,Yes,Yes,23,Venmo,Every 3 Months,2,Medium Value,0.4940688775510204,Satisfied,Low Loyalty,Low Risk,Young Adult,High,No
1420,43,Male,Handbag,Accessories,75,Montana,M,Orange,Summer,2.6,No,Free Shipping,Yes,Yes,4,Debit Card,Quarterly,2,Low Value,0.35274234693877554,Unsatisfied,Low Loyalty,High Risk,Mature,High,No
1421,22,Male,Jeans,Clothing,53,California,XL,Gray,Summer,4.6,No,Store Pickup,Yes,Yes,45,PayPal,Every 3 Months,2,Medium Value,0.5050127551020408,Satisfied,Medium Loyalty,Low Risk,Young Adult,High,No
1422,68,Male,Dress,Clothing,100,Pennsylvania,S,Gold,Spring,3.0,No,Standard,Yes,Yes,24,Bank Transfer,Fortnightly,2,High Value,0.6908163265306122,Unsatisfied,Low Loyalty,Low Risk,Mature,High,No
1423,44,Male,Dress,Clothing,27,Texas,L,Charcoal,Fall,3.4,No,Free Shipping,Yes,Yes,3,PayPal,Bi-Weekly,2,Low Value,0.1766198979591837,Unsatisfied,Low Loyalty,Low Risk,Mature,High,No
1424,51,Male,Sandals,Footwear,60,Michigan,S,Black,Fall,3.5,No,Free Shipping,Yes,Yes,12,Venmo,Every 3 Months,2,Low Value,0.3423469387755102,Unsatisfied,Low Loyalty,Low Risk,Mature,High,No
1425,66,Male,Jacket,Outerwear,23,Connecticut,S,Indigo,Fall,3.5,No,Standard,Yes,Yes,34,Bank Transfer,Every 3 Months,2,Low Value,0.2689158163265306,Unsatisfied,Medium Loyalty,Low Risk,Mature,High,No
1426,59,Male,Coat,Outerwear,40,Wyoming,S,White,Winter,3.7,No,Next Day Air,Yes,Yes,39,Credit Card,Annually,2,Low Value,0.34515306122448974,Unsatisfied,Medium Loyalty,Low Risk,Mature,High,No
1427,60,Male,Pants,Clothing,38,Michigan,M,Yellow,Summer,4.8,No,Free Shipping,Yes,Yes,35,PayPal,Every 3 Months,2,Low Value,0.35941326530612244,Satisfied,Medium Loyalty,Low Risk,Mature,High,No
1428,31,Male,Backpack,Accessories,90,South Dakota,S,Orange,Summer,4.9,No,Store Pickup,Yes,Yes,8,Credit Card,Annually,2,Medium Value,0.43660714285714286,Satisfied,Low Loyalty,Low Risk,Adult,High,No
1429,20,Male,Blouse,Clothing,97,North Dakota,S,Green,Summer,4.9,No,Express,Yes,Yes,42,PayPal,Quarterly,2,High Value,0.7091454081632654,Satisfied,Medium Loyalty,Low Risk,Young Adult,High,No
1430,24,Male,Skirt,Clothing,38,Maryland,L,Gold,Fall,4.7,No,Standard,Yes,Yes,6,Credit Card,Every 3 Months,2,Low Value,0.1818622448979592,Satisfied,Low Loyalty,Low Risk,Young Adult,High,No
1431,48,Male,Sandals,Footwear,30,Michigan,S,Orange,Summer,4.9,No,Free Shipping,Yes,Yes,3,Credit Card,Fortnightly,2,Low Value,0.16849489795918365,Satisfied,Low Loyalty,Low Risk,Mature,High,No
1432,39,Male,Pants,Clothing,88,South Dakota,M,Cyan,Fall,2.9,No,Express,Yes,Yes,29,Venmo,Quarterly,2,High Value,0.5789285714285715,Unsatisfied,Low Loyalty,Low Risk,Adult,High,No
1433,34,Male,Hat,Accessories,33,Florida,L,Black,Winter,4.4,No,Express,Yes,Yes,32,Debit Card,Quarterly,2,Low Value,0.28792091836734696,Satisfied,Medium Loyalty,Low Risk,Adult,High,No
1434,70,Male,Hoodie,Clothing,60,Minnesota,L,Yellow,Winter,3.2,No,Next Day Air,Yes,Yes,45,Debit Card,Weekly,2,High Value,0.6443877551020407,Unsatisfied,Medium Loyalty,Low Risk,Mature,High,No
1435,59,Male,Sweater,Clothing,64,New York,L,Maroon,Summer,4.6,No,Free Shipping,Yes,Yes,21,Debit Card,Bi-Weekly,2,Medium Value,0.49494897959183676,Satisfied,Low Loyalty,Low Risk,Mature,High,No
1436,45,Male,Scarf,Accessories,95,Oregon,XL,Black,Fall,4.0,No,Standard,Yes,Yes,41,Cash,Weekly,2,High Value,0.8167729591836734,Satisfied,Medium Loyalty,Low Risk,Mature,High,No
1437,35,Male,Sneakers,Footwear,83,Minnesota,M,Gray,Winter,3.7,No,Free Shipping,Yes,Yes,23,PayPal,Fortnightly,2,High Value,0.5890688775510204,Unsatisfied,Low Loyalty,Low Risk,Adult,High,No
1438,69,Male,Boots,Footwear,97,Montana,XL,Orange,Winter,4.2,No,Free Shipping,Yes,Yes,14,Cash,Annually,2,Medium Value,0.5127168367346939,Satisfied,Low Loyalty,Low Risk,Mature,High,No
1439,58,Male,Coat,Outerwear,38,Washington,M,Cyan,Spring,2.9,No,Standard,Yes,Yes,24,Debit Card,Monthly,2,Low Value,0.3170663265306123,Unsatisfied,Low Loyalty,Low Risk,Mature,High,No
1440,25,Male,Boots,Footwear,48,New Mexico,M,Magenta,Summer,4.8,No,Next Day Air,Yes,Yes,25,Cash,Fortnightly,2,Medium Value,0.40443877551020413,Satisfied,Low Loyalty,Low Risk,Young Adult,High,No
1441,27,Male,Sandals,Footwear,76,Arizona,M,Pink,Spring,4.4,No,Standard,Yes,Yes,13,Venmo,Monthly,2,Medium Value,0.4634693877551021,Satisfied,Low Loyalty,Low Risk,Adult,High,No
1442,34,Male,Pants,Clothing,25,Nebraska,S,Turquoise,Summer,3.4,No,Free Shipping,Yes,Yes,3,Venmo,Every 3 Months,2,Low Value,0.09036989795918368,Unsatisfied,Low Loyalty,Low Risk,Adult,High,No
1443,53,Male,Hoodie,Clothing,92,Idaho,S,Violet,Spring,2.8,No,2-Day Shipping,Yes,Yes,42,Credit Card,Annually,2,High Value,0.6560204081632653,Unsatisfied,Medium Loyalty,Low Risk,Mature,High,No
1444,58,Male,Sandals,Footwear,47,Idaho,L,Teal,Fall,4.2,No,Next Day Air,Yes,Yes,2,Cash,Monthly,2,Low Value,0.23299744897959185,Satisfied,Low Loyalty,Low Risk,Mature,High,No
1445,32,Male,Sweater,Clothing,36,Vermont,L,Pink,Fall,3.8,No,Express,Yes,Yes,26,Cash,Quarterly,2,Low Value,0.2680612244897959,Unsatisfied,Low Loyalty,Low Risk,Adult,High,No
1446,64,Male,Belt,Accessories,51,Arkansas,M,Gold,Fall,3.1,No,2-Day Shipping,Yes,Yes,24,Credit Card,Annually,2,Low Value,0.31519132653061227,Unsatisfied,Low Loyalty,Low Risk,Mature,High,No
1447,63,Male,Jeans,Clothing,35,Wyoming,XL,Red,Summer,3.2,No,Express,Yes,Yes,6,Credit Card,Quarterly,2,Low Value,0.1399872448979592,Unsatisfied,Low Loyalty,Low Risk,Mature,High,No
1448,23,Male,Hoodie,Clothing,57,New Mexico,S,Beige,Summer,3.0,No,Next Day Air,Yes,Yes,25,PayPal,Monthly,2,Medium Value,0.4300637755102041,Unsatisfied,Low Loyalty,Low Risk,Young Adult,High,No
1449,64,Male,Boots,Footwear,95,West Virginia,M,Black,Summer,3.6,No,Free Shipping,Yes,Yes,11,Credit Card,Every 3 Months,2,Medium Value,0.5330994897959184,Unsatisfied,Low Loyalty,Low Risk,Mature,High,No
1450,18,Male,Socks,Clothing,41,New York,L,Lavender,Winter,2.5,No,Store Pickup,Yes,Yes,20,Cash,Every 3 Months,2,Low Value,0.28445153061224493,Unsatisfied,Low Loyalty,Low Risk,Young Adult,High,No
1451,25,Male,Dress,Clothing,44,Illinois,S,Teal,Winter,3.4,No,Free Shipping,Yes,Yes,25,Cash,Quarterly,2,Low Value,0.3069387755102041,Unsatisfied,Low Loyalty,Low Risk,Young Adult,High,No
1452,54,Male,Jacket,Outerwear,34,Utah,M,Maroon,Fall,2.5,No,Next Day Air,Yes,Yes,35,PayPal,Quarterly,2,Low Value,0.31191326530612246,Unsatisfied,Medium Loyalty,Low Risk,Mature,High,No
1453,60,Male,Jacket,Outerwear,25,Colorado,L,Blue,Spring,4.7,No,2-Day Shipping,Yes,Yes,11,Bank Transfer,Quarterly,2,Low Value,0.11434948979591836,Satisfied,Low Loyalty,Low Risk,Mature,High,No
1454,36,Male,Boots,Footwear,93,Virginia,S,Teal,Winter,3.2,No,2-Day Shipping,Yes,Yes,41,Bank Transfer,Fortnightly,2,High Value,0.7555229591836735,Unsatisfied,Medium Loyalty,Low Risk,Adult,High,No
1455,66,Male,Sneakers,Footwear,50,Georgia,L,Maroon,Winter,2.9,No,Free Shipping,Yes,Yes,17,Credit Card,Annually,2,Low Value,0.2667091836734694,Unsatisfied,Low Loyalty,Low Risk,Mature,High,No
1456,60,Male,Pants,Clothing,79,Alabama,L,Silver,Fall,4.9,No,Express,Yes,Yes,1,PayPal,Every 3 Months,2,Low Value,0.381875,Satisfied,Low Loyalty,Low Risk,Mature,High,No
1457,59,Male,Coat,Outerwear,100,Montana,S,Olive,Spring,2.7,No,Store Pickup,Yes,Yes,30,PayPal,Every 3 Months,2,High Value,0.6775510204081633,Unsatisfied,Medium Loyalty,Low Risk,Mature,High,No
1458,58,Male,Shirt,Clothing,57,Pennsylvania,S,Gray,Spring,4.7,No,Express,Yes,Yes,47,Venmo,Fortnightly,2,High Value,0.5897576530612245,Satisfied,High Loyalty,Low Risk,Mature,High,Yes
1459,35,Male,Sweater,Clothing,28,Missouri,M,Peach,Spring,2.9,No,2-Day Shipping,Yes,Yes,34,Venmo,Weekly,2,Medium Value,0.39704081632653054,Unsatisfied,Medium Loyalty,Low Risk,Adult,High,No
1460,20,Male,Shoes,Footwear,35,Maine,L,Yellow,Winter,4.8,No,Express,Yes,Yes,18,Venmo,Fortnightly,2,Low Value,0.2884566326530612,Satisfied,Low Loyalty,Low Risk,Young Adult,High,No
1461,70,Male,Boots,Footwear,85,Pennsylvania,L,Violet,Fall,4.6,No,Standard,Yes,Yes,33,Venmo,Bi-Weekly,2,High Value,0.6865433673469388,Satisfied,Medium Loyalty,Low Risk,Mature,High,No
1462,54,Male,Sunglasses,Accessories,95,Oregon,S,Red,Summer,5.0,No,2-Day Shipping,Yes,Yes,42,Venmo,Quarterly,2,High Value,0.6978954081632652,Satisfied,Medium Loyalty,Low Risk,Mature,High,No
1463,38,Male,Sneakers,Footwear,90,Utah,S,Charcoal,Summer,4.8,No,2-Day Shipping,Yes,Yes,2,Venmo,Quarterly,2,Medium Value,0.42487244897959187,Satisfied,Low Loyalty,Low Risk,Adult,High,No
1464,54,Male,Jewelry,Accessories,49,Oklahoma,M,Beige,Summer,4.9,No,Store Pickup,Yes,Yes,1,Bank Transfer,Monthly,2,Low Value,0.23812500000000003,Satisfied,Low Loyalty,Low Risk,Mature,High,No
1465,33,Male,Belt,Accessories,92,Montana,M,Peach,Winter,4.6,No,2-Day Shipping,Yes,Yes,23,Bank Transfer,Quarterly,2,High Value,0.5646938775510205,Satisfied,Low Loyalty,Low Risk,Adult,High,No
1466,46,Male,Gloves,Accessories,72,Nebraska,XL,Violet,Winter,3.9,No,Store Pickup,Yes,Yes,42,Cash,Bi-Weekly,2,High Value,0.6685204081632653,Unsatisfied,Medium Loyalty,Low Risk,Mature,High,No
1467,58,Male,Shorts,Clothing,71,Alabama,M,Green,Summer,4.5,No,Store Pickup,Yes,Yes,3,PayPal,Annually,2,Low Value,0.2991198979591837,Satisfied,Low Loyalty,Low Risk,Mature,High,No
1468,30,Male,Jewelry,Accessories,27,Ohio,XL,Olive,Winter,4.7,No,Store Pickup,Yes,Yes,16,Debit Card,Fortnightly,2,Low Value,0.2312117346938775,Satisfied,Low Loyalty,Low Risk,Adult,High,No
1469,42,Male,Gloves,Accessories,39,Arkansas,S,Silver,Fall,3.9,No,Express,Yes,Yes,46,Cash,Fortnightly,2,Medium Value,0.48238520408163266,Unsatisfied,Medium Loyalty,Low Risk,Mature,High,No
1470,28,Male,Jewelry,Accessories,98,Mississippi,M,Purple,Winter,4.4,No,Standard,Yes,Yes,31,PayPal,Every 3 Months,2,High Value,0.6724234693877551,Satisfied,Medium Loyalty,Low Risk,Adult,High,No
1471,43,Male,Sandals,Footwear,27,California,M,Silver,Spring,3.9,No,Next Day Air,Yes,Yes,15,Cash,Every 3 Months,2,Low Value,0.17508928571428573,Unsatisfied,Low Loyalty,Low Risk,Mature,High,No
1472,31,Male,Jewelry,Accessories,71,Alaska,S,Gray,Spring,2.8,No,2-Day Shipping,Yes,Yes,48,Venmo,Every 3 Months,2,High Value,0.6246301020408164,Unsatisfied,High Loyalty,Low Risk,Adult,High,Yes
1473,39,Male,Hat,Accessories,24,Indiana,L,Turquoise,Spring,3.5,No,Store Pickup,Yes,Yes,11,Cash,Weekly,2,Low Value,0.23372448979591834,Unsatisfied,Low Loyalty,Low Risk,Adult,High,No
1474,69,Male,Shorts,Clothing,63,Wisconsin,M,Violet,Fall,4.3,No,Express,Yes,Yes,20,Credit Card,Every 3 Months,2,Medium Value,0.4082015306122449,Satisfied,Low Loyalty,Low Risk,Mature,High,No
1475,31,Male,Sweater,Clothing,72,New Jersey,S,Pink,Fall,3.9,No,Next Day Air,Yes,Yes,6,Credit Card,Monthly,2,Medium Value,0.3981122448979592,Unsatisfied,Low Loyalty,Low Risk,Adult,High,No
1476,44,Male,Blouse,Clothing,61,Rhode Island,M,Teal,Spring,4.0,No,Express,Yes,Yes,24,Cash,Monthly,2,Medium Value,0.44644132653061225,Satisfied,Low Loyalty,Low Risk,Mature,High,No
1477,39,Male,Hat,Accessories,56,Wyoming,M,Magenta,Fall,4.1,No,Next Day Air,Yes,Yes,18,Credit Card,Monthly,2,Low Value,0.3815816326530613,Satisfied,Low Loyalty,Low Risk,Adult,High,No
1478,24,Male,Belt,Accessories,32,Oregon,XL,Silver,Summer,4.3,No,Standard,Yes,Yes,1,PayPal,Every 3 Months,2,Low Value,0.11750000000000002,Satisfied,Low Loyalty,Low Risk,Young Adult,High,No
1479,28,Male,Gloves,Accessories,23,Washington,M,Blue,Summer,4.2,No,Free Shipping,Yes,Yes,13,Venmo,Bi-Weekly,2,Low Value,0.21534438775510206,Satisfied,Low Loyalty,Low Risk,Adult,High,No
1480,48,Male,Coat,Outerwear,100,Washington,L,Black,Spring,4.0,No,Standard,Yes,Yes,2,Bank Transfer,Weekly,2,High Value,0.6061224489795918,Satisfied,Low Loyalty,Low Risk,Mature,High,No
1481,39,Male,Jewelry,Accessories,74,New Hampshire,M,Gold,Fall,3.6,No,Express,Yes,Yes,26,Cash,Quarterly,2,Medium Value,0.48181122448979596,Unsatisfied,Low Loyalty,Low Risk,Adult,High,No
1482,64,Male,Skirt,Clothing,33,Maryland,S,Gray,Spring,3.3,No,Standard,Yes,Yes,31,PayPal,Quarterly,2,Low Value,0.2817984693877551,Unsatisfied,Medium Loyalty,Low Risk,Mature,High,No
1483,28,Male,Gloves,Accessories,67,Wisconsin,S,Magenta,Spring,4.1,No,2-Day Shipping,Yes,Yes,43,Bank Transfer,Weekly,2,High Value,0.671517857142857,Satisfied,Medium Loyalty,Low Risk,Adult,High,No
1484,39,Male,Jewelry,Accessories,61,Massachusetts,S,Yellow,Summer,4.7,No,Next Day Air,Yes,Yes,12,Debit Card,Bi-Weekly,2,Medium Value,0.4229719387755102,Satisfied,Low Loyalty,Low Risk,Adult,High,No
1485,49,Male,Shorts,Clothing,46,Nebraska,M,Teal,Summer,4.4,No,Store Pickup,Yes,Yes,22,Venmo,Every 3 Months,2,Low Value,0.32482142857142854,Satisfied,Low Loyalty,Low Risk,Mature,High,No
1486,22,Male,Gloves,Accessories,56,Nebraska,L,Red,Spring,3.4,No,Standard,Yes,Yes,3,Cash,Fortnightly,2,Low Value,0.3147448979591837,Unsatisfied,Low Loyalty,Low Risk,Young Adult,High,No
1487,25,Male,Sneakers,Footwear,73,Idaho,S,Yellow,Spring,5.0,No,Free Shipping,Yes,Yes,23,Venmo,Every 3 Months,2,Medium Value,0.48281887755102043,Satisfied,Low Loyalty,Low Risk,Young Adult,High,No
1488,40,Male,Skirt,Clothing,44,Arizona,L,Black,Summer,4.6,No,Store Pickup,Yes,Yes,26,PayPal,Annually,2,Low Value,0.28806122448979593,Satisfied,Low Loyalty,Low Risk,Adult,High,No
1489,23,Male,Hat,Accessories,44,Hawaii,L,Pink,Winter,4.0,No,Standard,Yes,Yes,37,Credit Card,Weekly,2,Medium Value,0.505408163265306,Satisfied,Medium Loyalty,Low Risk,Young Adult,High,No
1490,24,Male,Jewelry,Accessories,26,Missouri,XL,Magenta,Summer,4.1,No,Next Day Air,Yes,Yes,42,Venmo,Quarterly,2,Low Value,0.3097704081632653,Satisfied,Medium Loyalty,Low Risk,Young Adult,High,No
1491,66,Male,Sneakers,Footwear,52,Louisiana,L,Olive,Spring,4.9,No,Express,Yes,Yes,15,Venmo,Bi-Weekly,2,Low Value,0.3907142857142857,Satisfied,Low Loyalty,Low Risk,Mature,High,No
1492,27,Male,Shirt,Clothing,54,Arkansas,S,Black,Summer,2.7,No,Free Shipping,Yes,Yes,10,Bank Transfer,Quarterly,2,Low Value,0.2713520408163266,Unsatisfied,Low Loyalty,Low Risk,Adult,High,No
1493,62,Male,Jacket,Outerwear,38,North Carolina,M,Maroon,Summer,4.5,No,Free Shipping,Yes,Yes,3,Venmo,Quarterly,2,Low Value,0.13849489795918368,Satisfied,Low Loyalty,Low Risk,Mature,High,No
1494,70,Male,Belt,Accessories,44,North Dakota,S,Gold,Fall,2.7,No,Standard,Yes,Yes,44,Credit Card,Quarterly,2,Medium Value,0.42326530612244895,Unsatisfied,Medium Loyalty,Low Risk,Mature,High,No
1495,43,Male,T-shirt,Clothing,76,Montana,M,Gray,Spring,3.0,No,Next Day Air,Yes,Yes,23,Bank Transfer,Fortnightly,2,Medium Value,0.5496938775510204,Unsatisfied,Low Loyalty,Low Risk,Mature,High,No
1496,45,Male,Jewelry,Accessories,23,Rhode Island,M,Brown,Winter,4.5,No,Next Day Air,Yes,Yes,6,PayPal,Weekly,2,Low Value,0.19748724489795916,Satisfied,Low Loyalty,Low Risk,Mature,High,No
1497,63,Male,T-shirt,Clothing,98,Idaho,M,Purple,Winter,5.0,No,Standard,Yes,Yes,9,Venmo,Bi-Weekly,2,High Value,0.6127295918367347,Satisfied,Low Loyalty,Low Risk,Mature,High,No
1498,69,Male,Jacket,Outerwear,33,Michigan,S,Magenta,Spring,3.8,No,2-Day Shipping,Yes,Yes,16,Debit Card,Every 3 Months,2,Low Value,0.21496173469387753,Unsatisfied,Low Loyalty,Low Risk,Mature,High,No
1499,59,Male,Sweater,Clothing,32,Illinois,M,Teal,Summer,3.1,No,Standard,Yes,Yes,46,Venmo,Fortnightly,2,Medium Value,0.4430102040816326,Unsatisfied,Medium Loyalty,Low Risk,Mature,High,No
1500,19,Male,Boots,Footwear,85,Georgia,S,Olive,Fall,3.4,No,Free Shipping,Yes,Yes,24,Credit Card,Every 3 Months,2,High Value,0.5564413265306123,Unsatisfied,Low Loyalty,Low Risk,Young Adult,High,No
1501,63,Male,Jeans,Clothing,69,Alabama,L,Maroon,Summer,4.8,No,Next Day Air,Yes,Yes,22,Debit Card,Monthly,2,Medium Value,0.4791964285714286,Satisfied,Low Loyalty,Low Risk,Mature,High,No
1502,37,Male,Jeans,Clothing,55,Alaska,XL,Silver,Spring,2.7,No,Standard,Yes,Yes,13,Debit Card,Every 3 Months,2,Low Value,0.32034438775510204,Unsatisfied,Low Loyalty,Low Risk,Adult,High,No
1503,37,Male,Pants,Clothing,66,Massachusetts,M,Black,Summer,3.2,No,Store Pickup,Yes,Yes,20,Cash,Fortnightly,2,Medium Value,0.47507653061224486,Unsatisfied,Low Loyalty,Low Risk,Adult,High,No
1504,50,Male,Jacket,Outerwear,30,Michigan,M,Maroon,Fall,3.9,No,2-Day Shipping,Yes,Yes,46,Cash,Quarterly,2,Low Value,0.35676020408163267,Unsatisfied,Medium Loyalty,Low Risk,Mature,High,No
1505,60,Male,Jacket,Outerwear,80,Alaska,M,Teal,Winter,4.2,No,Next Day Air,Yes,Yes,10,Bank Transfer,Monthly,2,Medium Value,0.46760204081632656,Satisfied,Low Loyalty,Low Risk,Mature,High,No
1506,46,Male,Belt,Accessories,20,North Dakota,M,Teal,Summer,3.0,No,Express,Yes,Yes,39,Cash,Monthly,2,Low Value,0.30765306122448977,Unsatisfied,Medium Loyalty,Low Risk,Mature,High,No
1507,35,Male,Shirt,Clothing,30,South Carolina,L,Beige,Fall,3.0,No,2-Day Shipping,Yes,Yes,44,PayPal,Quarterly,2,Low Value,0.34451530612244896,Unsatisfied,Medium Loyalty,Low Risk,Adult,High,No
1508,66,Male,Dress,Clothing,86,Pennsylvania,S,Maroon,Winter,3.7,No,2-Day Shipping,Yes,Yes,7,Venmo,Annually,2,Medium Value,0.407984693877551,Unsatisfied,Low Loyalty,Low Risk,Mature,High,No
1509,35,Male,Blouse,Clothing,84,Colorado,L,Beige,Spring,4.4,No,Store Pickup,Yes,Yes,3,Cash,Every 3 Months,2,Medium Value,0.4222448979591837,Satisfied,Low Loyalty,Low Risk,Adult,High,No
1510,20,Male,Dress,Clothing,54,New Hampshire,XL,White,Summer,4.6,No,Free Shipping,Yes,Yes,44,Debit Card,Annually,2,Medium Value,0.45451530612244895,Satisfied,Medium Loyalty,Low Risk,Young Adult,High,No
1511,55,Male,Blouse,Clothing,30,Maryland,XL,Gray,Fall,3.0,No,Free Shipping,Yes,Yes,31,Venmo,Annually,2,Low Value,0.23992346938775505,Unsatisfied,Medium Loyalty,Low Risk,Mature,High,No
1512,34,Male,Dress,Clothing,91,Georgia,M,Violet,Winter,3.6,No,Express,Yes,Yes,48,Credit Card,Weekly,2,High Value,0.8371301020408162,Unsatisfied,High Loyalty,Low Risk,Adult,High,Yes
1513,60,Male,Sneakers,Footwear,23,Wisconsin,L,Silver,Winter,3.9,No,Standard,Yes,Yes,18,PayPal,Bi-Weekly,2,Low Value,0.24595663265306122,Unsatisfied,Low Loyalty,Low Risk,Mature,High,No
1514,22,Male,Socks,Clothing,35,Texas,M,Red,Spring,4.1,No,Free Shipping,Yes,Yes,27,Cash,Monthly,2,Low Value,0.3185586734693877,Satisfied,Low Loyalty,Low Risk,Young Adult,High,No
1515,26,Male,Shoes,Footwear,90,Utah,L,Brown,Winter,3.9,No,2-Day Shipping,Yes,Yes,1,Venmo,Weekly,2,Medium Value,0.54375,Unsatisfied,Low Loyalty,Low Risk,Adult,High,No
1516,39,Male,Jeans,Clothing,93,Indiana,S,Turquoise,Fall,3.9,No,2-Day Shipping,Yes,Yes,34,Cash,Weekly,2,High Value,0.7626658163265305,Unsatisfied,Medium Loyalty,Low Risk,Adult,High,No
1517,20,Male,Jeans,Clothing,68,Nevada,L,Indigo,Winter,4.5,No,Express,Yes,Yes,5,Bank Transfer,Bi-Weekly,2,Medium Value,0.41948979591836744,Satisfied,Low Loyalty,Low Risk,Young Adult,High,No
1518,57,Male,Gloves,Accessories,41,New Hampshire,M,Violet,Spring,3.4,No,Standard,Yes,Yes,12,Cash,Quarterly,2,Low Value,0.21047193877551024,Unsatisfied,Low Loyalty,Low Risk,Mature,High,No
1519,68,Male,Belt,Accessories,73,New York,M,Yellow,Winter,4.1,No,Next Day Air,Yes,Yes,14,Venmo,Fortnightly,2,Medium Value,0.4777168367346939,Satisfied,Low Loyalty,Low Risk,Mature,High,No
1520,50,Male,Sunglasses,Accessories,73,Texas,L,Cyan,Fall,4.9,No,Next Day Air,Yes,Yes,40,PayPal,Weekly,2,High Value,0.6869005102040815,Satisfied,Medium Loyalty,Low Risk,Mature,High,No
1521,21,Male,Hat,Accessories,66,Iowa,M,Brown,Summer,4.4,No,2-Day Shipping,Yes,Yes,39,Cash,Quarterly,2,Medium Value,0.5164030612244898,Satisfied,Medium Loyalty,Low Risk,Young Adult,High,No
1522,29,Male,Backpack,Accessories,59,Washington,M,White,Summer,2.7,No,2-Day Shipping,Yes,Yes,50,Bank Transfer,Weekly,2,High Value,0.669375,Unsatisfied,High Loyalty,Low Risk,Adult,High,Yes
1523,38,Male,Shorts,Clothing,72,Tennessee,L,Yellow,Spring,4.8,No,Free Shipping,Yes,Yes,5,Debit Card,Monthly,2,Low Value,0.3919897959183674,Satisfied,Low Loyalty,Low Risk,Adult,High,No
1524,54,Male,Socks,Clothing,88,Georgia,M,White,Summer,3.3,No,2-Day Shipping,Yes,Yes,35,Debit Card,Annually,2,High Value,0.5906632653061225,Unsatisfied,Medium Loyalty,Low Risk,Mature,High,No
1525,22,Male,Socks,Clothing,76,Massachusetts,L,Pink,Summer,4.4,No,Free Shipping,Yes,Yes,6,Cash,Bi-Weekly,2,Medium Value,0.4706122448979592,Satisfied,Low Loyalty,Low Risk,Young Adult,High,No
1526,29,Male,Belt,Accessories,31,Oregon,M,Indigo,Winter,4.6,No,2-Day Shipping,Yes,Yes,22,Cash,Fortnightly,2,Low Value,0.29044642857142855,Satisfied,Low Loyalty,Low Risk,Adult,High,No
1527,41,Male,Jacket,Outerwear,22,Oklahoma,L,White,Summer,3.1,No,Next Day Air,Yes,Yes,27,PayPal,Monthly,2,Low Value,0.24543367346938771,Unsatisfied,Low Loyalty,Low Risk,Mature,High,No
1528,26,Male,Hat,Accessories,75,Wisconsin,L,Red,Fall,4.5,No,2-Day Shipping,Yes,Yes,33,Debit Card,Fortnightly,2,High Value,0.6052933673469387,Satisfied,Medium Loyalty,Low Risk,Adult,High,No
1529,69,Male,T-shirt,Clothing,75,Oregon,S,Red,Spring,4.0,No,Store Pickup,Yes,Yes,47,Venmo,Bi-Weekly,2,High Value,0.7160076530612245,Satisfied,High Loyalty,Low Risk,Mature,High,Yes
1530,20,Male,Backpack,Accessories,63,Georgia,M,Lavender,Winter,3.1,No,Free Shipping,Yes,Yes,48,Credit Card,Bi-Weekly,2,High Value,0.6546301020408163,Unsatisfied,High Loyalty,Low Risk,Young Adult,High,Yes
1531,59,Male,Coat,Outerwear,21,New Mexico,M,Teal,Spring,3.9,No,Next Day Air,Yes,Yes,22,Bank Transfer,Quarterly,2,Low Value,0.15919642857142854,Unsatisfied,Low Loyalty,Low Risk,Mature,High,No
1532,63,Male,Backpack,Accessories,83,Mississippi,S,Violet,Spring,4.5,No,Next Day Air,Yes,Yes,8,PayPal,Bi-Weekly,2,Medium Value,0.5222321428571429,Satisfied,Low Loyalty,Low Risk,Mature,High,No
1533,68,Male,Jacket,Outerwear,46,Wisconsin,S,Silver,Winter,4.4,No,Next Day Air,Yes,Yes,5,PayPal,Every 3 Months,2,Low Value,0.2207397959183674,Satisfied,Low Loyalty,Low Risk,Mature,High,No
1534,50,Male,Shoes,Footwear,59,New Hampshire,M,Gold,Summer,3.6,No,2-Day Shipping,Yes,Yes,16,Bank Transfer,Quarterly,2,Low Value,0.33621173469387755,Unsatisfied,Low Loyalty,Low Risk,Mature,High,No
1535,55,Male,Blouse,Clothing,66,Wyoming,M,Green,Summer,3.4,No,Free Shipping,Yes,Yes,26,Venmo,Fortnightly,2,Medium Value,0.5118112244897959,Unsatisfied,Low Loyalty,Low Risk,Mature,High,No
1536,36,Male,Sandals,Footwear,74,West Virginia,S,Turquoise,Fall,4.0,No,2-Day Shipping,Yes,Yes,8,Venmo,Monthly,2,Medium Value,0.4216071428571429,Satisfied,Low Loyalty,Low Risk,Adult,High,No
1537,18,Male,Sunglasses,Accessories,82,Michigan,M,Indigo,Summer,2.6,No,Store Pickup,Yes,Yes,17,Cash,Quarterly,2,Medium Value,0.4717091836734695,Unsatisfied,Low Loyalty,Low Risk,Young Adult,High,No
1538,68,Male,Shoes,Footwear,89,Alaska,L,Black,Spring,3.2,No,Next Day Air,Yes,Yes,50,Venmo,Annually,2,High Value,0.6881250000000001,Unsatisfied,High Loyalty,Low Risk,Mature,High,Yes
1539,56,Male,Dress,Clothing,65,Illinois,L,Charcoal,Fall,3.2,No,Standard,Yes,Yes,22,Venmo,Bi-Weekly,2,Medium Value,0.5066964285714285,Unsatisfied,Low Loyalty,Low Risk,Mature,High,No
1540,32,Male,Belt,Accessories,55,Hawaii,M,Turquoise,Spring,5.0,No,2-Day Shipping,Yes,Yes,19,Cash,Every 3 Months,2,Low Value,0.35707908163265306,Satisfied,Low Loyalty,Low Risk,Adult,High,No
1541,28,Male,Shorts,Clothing,95,Colorado,M,Red,Winter,2.9,No,Next Day Air,Yes,Yes,14,Bank Transfer,Monthly,2,High Value,0.5764668367346938,Unsatisfied,Low Loyalty,Low Risk,Adult,High,No
1542,24,Male,Handbag,Accessories,77,Illinois,S,Indigo,Winter,2.9,No,Store Pickup,Yes,Yes,35,Cash,Bi-Weekly,2,High Value,0.6537882653061224,Unsatisfied,Medium Loyalty,Low Risk,Young Adult,High,No
1543,59,Male,Blouse,Clothing,44,Hawaii,M,Maroon,Winter,3.5,No,Next Day Air,Yes,Yes,43,PayPal,Weekly,2,Medium Value,0.542142857142857,Unsatisfied,Medium Loyalty,Low Risk,Mature,High,No
1544,56,Male,Jeans,Clothing,89,Wisconsin,M,Indigo,Fall,4.0,No,Standard,Yes,Yes,24,Venmo,Annually,2,Medium Value,0.5289413265306123,Satisfied,Low Loyalty,Low Risk,Mature,High,No
1545,30,Male,Jewelry,Accessories,24,Arkansas,M,Maroon,Spring,3.9,No,Standard,Yes,Yes,17,Debit Card,Bi-Weekly,2,Low Value,0.24545918367346942,Unsatisfied,Low Loyalty,Low Risk,Adult,High,No
1546,48,Male,Belt,Accessories,43,Delaware,M,Black,Winter,4.9,No,Store Pickup,Yes,Yes,49,Bank Transfer,Annually,2,Medium Value,0.42325255102040815,Satisfied,High Loyalty,Low Risk,Mature,High,No
1547,60,Male,Sneakers,Footwear,51,Oregon,XL,Purple,Summer,3.8,No,Express,Yes,Yes,17,Bank Transfer,Annually,2,Low Value,0.2723341836734694,Unsatisfied,Low Loyalty,Low Risk,Mature,High,No
1548,46,Male,Hat,Accessories,46,South Carolina,L,Teal,Summer,3.5,No,Standard,Yes,Yes,40,Cash,Quarterly,2,Medium Value,0.4100255102040816,Unsatisfied,Medium Loyalty,Low Risk,Mature,High,No
1549,69,Male,Dress,Clothing,32,Maryland,M,Silver,Summer,3.7,No,Store Pickup,Yes,Yes,43,Bank Transfer,Weekly,2,Medium Value,0.4746428571428571,Unsatisfied,Medium Loyalty,Low Risk,Mature,High,No
1550,19,Male,Sneakers,Footwear,55,Kansas,M,Black,Spring,2.9,No,2-Day Shipping,Yes,Yes,19,Debit Card,Every 3 Months,2,Low Value,0.35707908163265306,Unsatisfied,Low Loyalty,Low Risk,Young Adult,High,No
1551,66,Male,Sunglasses,Accessories,26,Arkansas,S,Black,Summer,2.8,No,Free Shipping,Yes,Yes,40,Bank Transfer,Quarterly,2,Low Value,0.29752551020408163,Unsatisfied,Medium Loyalty,Low Risk,Mature,High,No
1552,64,Male,Handbag,Accessories,29,Minnesota,M,Olive,Summer,3.7,No,2-Day Shipping,Yes,Yes,13,Credit Card,Monthly,2,Low Value,0.19909438775510208,Unsatisfied,Low Loyalty,Low Risk,Mature,High,No
1553,54,Male,Blouse,Clothing,49,New Mexico,L,Purple,Spring,3.0,No,Express,Yes,Yes,20,Credit Card,Monthly,2,Low Value,0.35445153061224494,Unsatisfied,Low Loyalty,Low Risk,Mature,High,No
1554,27,Male,Blouse,Clothing,45,Delaware,M,Indigo,Spring,4.8,No,Free Shipping,Yes,Yes,21,Debit Card,Quarterly,2,Low Value,0.2880739795918367,Satisfied,Low Loyalty,Low Risk,Adult,High,No
1555,64,Male,Shorts,Clothing,48,Utah,S,Lavender,Winter,2.7,No,Standard,Yes,Yes,18,Cash,Bi-Weekly,2,Low Value,0.3865816326530613,Unsatisfied,Low Loyalty,Low Risk,Mature,High,No
1556,43,Male,Shorts,Clothing,47,Ohio,S,Cyan,Winter,4.5,No,Free Shipping,Yes,Yes,44,Cash,Quarterly,2,Medium Value,0.4401403061224489,Satisfied,Medium Loyalty,Low Risk,Mature,High,No
1557,43,Male,Hoodie,Clothing,57,Alabama,M,Gold,Fall,2.7,No,Standard,Yes,Yes,26,Credit Card,Quarterly,2,Low Value,0.3861862244897959,Unsatisfied,Low Loyalty,Low Risk,Mature,High,No
1558,27,Male,Backpack,Accessories,34,South Dakota,L,Magenta,Fall,3.5,No,Next Day Air,Yes,Yes,34,PayPal,Quarterly,2,Low Value,0.30579081632653066,Unsatisfied,Medium Loyalty,Low Risk,Adult,High,No
1559,35,Male,Sunglasses,Accessories,75,New Mexico,XL,Teal,Fall,3.5,No,Express,Yes,Yes,24,Credit Card,Every 3 Months,2,Medium Value,0.5001913265306123,Unsatisfied,Low Loyalty,Low Risk,Adult,High,No
1560,43,Male,Scarf,Accessories,94,Oregon,L,Beige,Fall,4.5,No,Store Pickup,Yes,Yes,23,PayPal,Fortnightly,2,High Value,0.6509438775510203,Satisfied,Low Loyalty,Low Risk,Mature,High,No
1561,57,Male,Hat,Accessories,84,Oregon,M,Teal,Winter,3.8,No,Free Shipping,Yes,Yes,3,Debit Card,Weekly,2,Medium Value,0.5222448979591836,Unsatisfied,Low Loyalty,Low Risk,Mature,High,No
1562,50,Male,Scarf,Accessories,38,Mississippi,M,Indigo,Summer,3.8,No,Standard,Yes,Yes,2,Bank Transfer,Quarterly,2,Low Value,0.13237244897959186,Unsatisfied,Low Loyalty,Low Risk,Mature,High,No
1563,37,Male,Scarf,Accessories,75,Alabama,M,Purple,Winter,3.2,No,Next Day Air,Yes,Yes,23,Venmo,Bi-Weekly,2,High Value,0.5690688775510204,Unsatisfied,Low Loyalty,Low Risk,Adult,High,No
1564,68,Male,Pants,Clothing,44,Kansas,M,Teal,Fall,4.3,No,Next Day Air,Yes,Yes,8,Cash,Weekly,2,Low Value,0.32785714285714285,Satisfied,Low Loyalty,Low Risk,Mature,High,No
1565,22,Male,Backpack,Accessories,33,California,XL,Turquoise,Summer,4.5,No,Next Day Air,Yes,Yes,30,Debit Card,Every 3 Months,2,Low Value,0.30067602040816327,Satisfied,Medium Loyalty,Low Risk,Young Adult,High,No
1566,58,Male,Sunglasses,Accessories,93,Idaho,L,Peach,Fall,4.2,No,Free Shipping,Yes,Yes,48,PayPal,Annually,2,High Value,0.6983801020408164,Satisfied,High Loyalty,Low Risk,Mature,High,Yes
1567,48,Male,Sneakers,Footwear,99,Wyoming,S,Green,Winter,3.0,No,Free Shipping,Yes,Yes,21,Cash,Bi-Weekly,2,High Value,0.6918239795918367,Unsatisfied,Low Loyalty,Low Risk,Mature,High,No
1568,30,Male,Backpack,Accessories,33,Minnesota,M,Turquoise,Spring,4.1,No,Standard,Yes,Yes,9,Cash,Monthly,2,Low Value,0.19710459183673473,Satisfied,Low Loyalty,Low Risk,Adult,High,No
1569,51,Male,Sneakers,Footwear,76,Washington,L,Yellow,Spring,4.6,No,Store Pickup,Yes,Yes,8,Debit Card,Monthly,2,Medium Value,0.43285714285714294,Satisfied,Low Loyalty,Low Risk,Mature,High,No
1570,20,Male,Skirt,Clothing,63,Hawaii,M,Orange,Summer,2.9,No,Standard,Yes,Yes,29,Debit Card,Weekly,2,High Value,0.5633035714285715,Unsatisfied,Low Loyalty,Low Risk,Young Adult,High,No
1571,30,Male,Pants,Clothing,41,Missouri,L,Brown,Winter,4.8,No,Next Day Air,Yes,Yes,3,Bank Transfer,Every 3 Months,2,Low Value,0.18036989795918373,Satisfied,Low Loyalty,Low Risk,Adult,High,No
1572,28,Male,Jewelry,Accessories,88,Colorado,L,Silver,Winter,4.5,No,Next Day Air,Yes,Yes,11,Bank Transfer,Fortnightly,2,Medium Value,0.5437244897959185,Satisfied,Low Loyalty,Low Risk,Adult,High,No
1573,37,Male,Skirt,Clothing,92,Washington,L,White,Summer,3.4,No,2-Day Shipping,Yes,Yes,16,Debit Card,Monthly,2,High Value,0.5718367346938776,Unsatisfied,Low Loyalty,Low Risk,Adult,High,No
1574,36,Male,T-shirt,Clothing,31,North Dakota,L,Indigo,Summer,4.3,No,2-Day Shipping,Yes,Yes,25,Debit Card,Weekly,2,Low Value,0.35881377551020405,Satisfied,Low Loyalty,Low Risk,Adult,High,No
1575,18,Male,Skirt,Clothing,25,Minnesota,S,Magenta,Spring,4.2,No,Free Shipping,Yes,Yes,32,PayPal,Bi-Weekly,2,Low Value,0.34292091836734695,Satisfied,Medium Loyalty,Low Risk,Young Adult,High,No
1576,52,Male,Shirt,Clothing,28,California,M,Turquoise,Spring,3.6,No,Next Day Air,Yes,Yes,28,Cash,Fortnightly,2,Low Value,0.3103061224489796,Unsatisfied,Low Loyalty,Low Risk,Mature,High,No
1577,56,Male,Dress,Clothing,75,Michigan,M,White,Spring,3.7,No,2-Day Shipping,Yes,Yes,36,PayPal,Monthly,2,High Value,0.5986607142857142,Unsatisfied,Medium Loyalty,Low Risk,Mature,High,No
1578,68,Male,Boots,Footwear,34,Delaware,S,Olive,Spring,4.0,No,Standard,Yes,Yes,7,Venmo,Fortnightly,2,Low Value,0.21548469387755104,Satisfied,Low Loyalty,Low Risk,Mature,High,No
1579,62,Male,Pants,Clothing,97,California,S,Maroon,Winter,4.9,No,2-Day Shipping,Yes,Yes,2,PayPal,Quarterly,2,Medium Value,0.46424744897959197,Satisfied,Low Loyalty,Low Risk,Mature,High,No
1580,35,Male,Jacket,Outerwear,80,Oklahoma,M,Violet,Summer,3.1,No,Free Shipping,Yes,Yes,6,Bank Transfer,Monthly,2,Medium Value,0.4431122448979592,Unsatisfied,Low Loyalty,Low Risk,Adult,High,No
1581,65,Male,Sneakers,Footwear,71,North Dakota,L,Cyan,Summer,3.7,No,Standard,Yes,Yes,30,Cash,Annually,2,Medium Value,0.4644260204081633,Unsatisfied,Medium Loyalty,Low Risk,Mature,High,No
1582,69,Male,Jewelry,Accessories,77,Ohio,L,Teal,Fall,4.2,No,Free Shipping,Yes,Yes,46,Cash,Quarterly,2,High Value,0.6211352040816326,Satisfied,Medium Loyalty,Low Risk,Mature,High,No
1583,28,Male,Belt,Accessories,41,Hawaii,L,Red,Spring,2.5,No,Next Day Air,Yes,Yes,39,Cash,Monthly,2,Medium Value,0.4257780612244898,Unsatisfied,Medium Loyalty,Low Risk,Adult,High,No
1584,37,Male,Scarf,Accessories,92,Maryland,XL,Yellow,Summer,4.3,No,Next Day Air,Yes,Yes,8,Venmo,Annually,2,Medium Value,0.44785714285714295,Satisfied,Low Loyalty,Low Risk,Adult,High,No
1585,41,Male,Blouse,Clothing,95,Hawaii,S,Silver,Spring,3.1,No,Store Pickup,Yes,Yes,46,Credit Card,Quarterly,2,High Value,0.7223852040816326,Unsatisfied,Medium Loyalty,Low Risk,Mature,High,No
1586,37,Male,Sweater,Clothing,25,Alabama,M,Charcoal,Fall,3.0,No,Next Day Air,Yes,Yes,40,Debit Card,Fortnightly,2,Low Value,0.36690051020408154,Unsatisfied,Medium Loyalty,Low Risk,Adult,High,No
1587,25,Male,Boots,Footwear,77,Oklahoma,M,Purple,Fall,4.0,No,Express,Yes,Yes,21,Bank Transfer,Weekly,2,High Value,0.5930739795918367,Satisfied,Low Loyalty,Low Risk,Young Adult,High,No
1588,41,Male,Socks,Clothing,99,Alabama,M,Beige,Summer,3.5,No,Free Shipping,Yes,Yes,33,Credit Card,Fortnightly,2,High Value,0.7402933673469387,Unsatisfied,Medium Loyalty,Low Risk,Mature,High,No
1589,48,Male,Belt,Accessories,24,Vermont,L,Cyan,Winter,3.2,No,Next Day Air,Yes,Yes,3,Venmo,Monthly,2,Low Value,0.10974489795918368,Unsatisfied,Low Loyalty,Low Risk,Mature,High,No
1590,42,Male,Sneakers,Footwear,72,Ohio,M,Silver,Summer,2.7,No,Store Pickup,Yes,Yes,48,Cash,Weekly,2,High Value,0.7302551020408163,Unsatisfied,High Loyalty,Low Risk,Mature,High,Yes
1591,54,Male,Jeans,Clothing,80,Wisconsin,S,Pink,Winter,3.0,No,Free Shipping,Yes,Yes,8,PayPal,Annually,2,Low Value,0.3803571428571429,Unsatisfied,Low Loyalty,Low Risk,Mature,High,No
1592,18,Male,Skirt,Clothing,100,South Dakota,L,Gold,Winter,2.9,No,Next Day Air,Yes,Yes,24,PayPal,Annually,2,High Value,0.5908163265306122,Unsatisfied,Low Loyalty,Low Risk,Young Adult,High,No
1593,56,Male,Shoes,Footwear,83,Iowa,M,Cyan,Summer,3.3,No,Free Shipping,Yes,Yes,10,Bank Transfer,Every 3 Months,2,Medium Value,0.45947704081632657,Unsatisfied,Low Loyalty,Low Risk,Mature,High,No
1594,61,Male,Dress,Clothing,95,Maryland,M,Black,Spring,4.9,No,2-Day Shipping,Yes,Yes,25,Bank Transfer,Monthly,2,High Value,0.643813775510204,Satisfied,Low Loyalty,Low Risk,Mature,High,No
1595,40,Male,Handbag,Accessories,41,Colorado,XL,Charcoal,Summer,3.7,No,Store Pickup,Yes,Yes,3,Cash,Fortnightly,2,Low Value,0.23036989795918372,Unsatisfied,Low Loyalty,Low Risk,Adult,High,No
1596,34,Male,Backpack,Accessories,35,Wisconsin,S,Magenta,Spring,3.5,No,Standard,Yes,Yes,45,Debit Card,Fortnightly,2,Medium Value,0.4537627551020408,Unsatisfied,Medium Loyalty,Low Risk,Adult,High,No
1597,42,Male,Jewelry,Accessories,30,Mississippi,S,Pink,Fall,4.7,No,Store Pickup,Yes,Yes,15,Debit Card,Monthly,2,Low Value,0.21696428571428567,Satisfied,Low Loyalty,Low Risk,Mature,High,No
1598,43,Male,Hat,Accessories,21,Mississippi,XL,Maroon,Winter,2.6,No,Store Pickup,Yes,Yes,34,Bank Transfer,Quarterly,2,Low Value,0.23266581632653058,Unsatisfied,Medium Loyalty,Low Risk,Mature,High,No
1599,47,Male,Jewelry,Accessories,85,California,M,Teal,Fall,4.1,No,Express,Yes,Yes,21,Venmo,Bi-Weekly,2,High Value,0.6130739795918367,Satisfied,Low Loyalty,Low Risk,Mature,High,No
1600,48,Male,Shirt,Clothing,54,Delaware,M,Orange,Winter,2.8,No,2-Day Shipping,Yes,Yes,22,Debit Card,Bi-Weekly,2,Medium Value,0.4448214285714286,Unsatisfied,Low Loyalty,Low Risk,Mature,High,No
1601,20,Male,Boots,Footwear,26,Montana,S,Yellow,Spring,4.7,No,Next Day Air,Yes,Yes,24,PayPal,Weekly,2,Low Value,0.32456632653061224,Satisfied,Low Loyalty,Low Risk,Young Adult,High,No
1602,65,Male,Shirt,Clothing,59,Indiana,XL,Red,Spring,2.9,No,Store Pickup,Yes,Yes,33,Credit Card,Monthly,2,Medium Value,0.4902933673469388,Unsatisfied,Medium Loyalty,Low Risk,Mature,High,No
1603,54,Male,Sunglasses,Accessories,48,West Virginia,S,Charcoal,Winter,2.8,No,Free Shipping,Yes,Yes,13,Venmo,Fortnightly,2,Low Value,0.3309693877551021,Unsatisfied,Low Loyalty,Low Risk,Mature,High,No
1604,23,Male,Shorts,Clothing,98,Iowa,L,Black,Summer,4.3,No,Next Day Air,Yes,Yes,17,Debit Card,Bi-Weekly,2,High Value,0.6617091836734694,Satisfied,Low Loyalty,Low Risk,Young Adult,High,No
1605,18,Male,Sweater,Clothing,92,Maine,M,White,Summer,4.8,No,2-Day Shipping,Yes,Yes,25,Credit Card,Every 3 Months,2,High Value,0.6019387755102041,Satisfied,Low Loyalty,Low Risk,Young Adult,High,No
1606,70,Male,Belt,Accessories,46,Connecticut,M,Lavender,Winter,3.4,No,Next Day Air,Yes,Yes,15,Credit Card,Bi-Weekly,2,Low Value,0.35696428571428573,Unsatisfied,Low Loyalty,Low Risk,Mature,High,No
1607,55,Male,T-shirt,Clothing,21,Kansas,S,White,Spring,4.3,No,Standard,Yes,Yes,4,PayPal,Fortnightly,2,Low Value,0.1239923469387755,Satisfied,Low Loyalty,Low Risk,Mature,High,No
1608,49,Male,Shorts,Clothing,72,Vermont,S,Gray,Fall,2.7,No,Free Shipping,Yes,Yes,43,Debit Card,Quarterly,2,High Value,0.5746428571428571,Unsatisfied,Medium Loyalty,Low Risk,Mature,High,No
1609,26,Male,Sandals,Footwear,58,Nebraska,XL,Cyan,Fall,4.6,No,Next Day Air,Yes,Yes,12,Bank Transfer,Bi-Weekly,2,Medium Value,0.40609693877551023,Satisfied,Low Loyalty,Low Risk,Adult,High,No
1610,33,Male,Shirt,Clothing,93,Nevada,S,Brown,Fall,4.1,No,Standard,Yes,Yes,3,Venmo,Monthly,2,Medium Value,0.49786989795918374,Satisfied,Low Loyalty,Low Risk,Adult,High,No
1611,20,Male,Socks,Clothing,31,Tennessee,L,Purple,Spring,3.4,No,2-Day Shipping,Yes,Yes,1,PayPal,Annually,2,Low Value,0.061875000000000006,Unsatisfied,Low Loyalty,Low Risk,Young Adult,High,No
1612,41,Male,Pants,Clothing,26,Arkansas,L,Yellow,Winter,4.5,No,Next Day Air,Yes,Yes,6,Debit Card,Monthly,2,Low Value,0.13936224489795918,Satisfied,Low Loyalty,Low Risk,Mature,High,No
1613,18,Male,Skirt,Clothing,68,Wisconsin,M,Indigo,Summer,4.4,No,Standard,Yes,Yes,26,Venmo,Monthly,2,Medium Value,0.498061224489796,Satisfied,Low Loyalty,Low Risk,Young Adult,High,No
1614,26,Male,Jewelry,Accessories,31,Illinois,S,Black,Summer,4.0,No,Next Day Air,Yes,Yes,6,Credit Card,Fortnightly,2,Low Value,0.19248724489795918,Satisfied,Low Loyalty,Low Risk,Adult,High,No
1615,30,Male,T-shirt,Clothing,41,Kansas,S,Gray,Summer,3.4,No,Free Shipping,Yes,Yes,22,Cash,Bi-Weekly,2,Low Value,0.3716964285714286,Unsatisfied,Low Loyalty,Low Risk,Adult,High,No
1616,64,Male,Jewelry,Accessories,62,New York,M,Indigo,Fall,3.2,No,Standard,Yes,Yes,45,Cash,Bi-Weekly,2,High Value,0.6306377551020408,Unsatisfied,Medium Loyalty,Low Risk,Mature,High,No
1617,26,Male,Hat,Accessories,41,Colorado,M,Green,Spring,3.4,No,Standard,Yes,Yes,50,Cash,Quarterly,2,Medium Value,0.44312500000000005,Unsatisfied,High Loyalty,Low Risk,Adult,High,No
1618,43,Male,Blouse,Clothing,64,Wisconsin,M,Peach,Winter,4.3,No,Standard,Yes,Yes,50,Credit Card,Fortnightly,2,High Value,0.6475,Satisfied,High Loyalty,Low Risk,Mature,High,Yes
1619,63,Male,Sandals,Footwear,72,Michigan,L,Purple,Summer,5.0,No,Standard,Yes,Yes,39,Debit Card,Quarterly,2,Medium Value,0.5501530612244898,Satisfied,Medium Loyalty,Low Risk,Mature,High,No
1620,57,Male,Handbag,Accessories,78,Hawaii,L,Beige,Winter,3.5,No,Store Pickup,Yes,Yes,50,Venmo,Bi-Weekly,2,High Value,0.75125,Unsatisfied,High Loyalty,Low Risk,Mature,High,Yes
1621,25,Male,Hat,Accessories,47,Virginia,M,Charcoal,Winter,3.1,No,2-Day Shipping,Yes,Yes,27,PayPal,Every 3 Months,2,Low Value,0.36105867346938775,Unsatisfied,Low Loyalty,Low Risk,Young Adult,High,No
1622,68,Male,Scarf,Accessories,46,Ohio,L,Gray,Summer,3.9,No,2-Day Shipping,Yes,Yes,38,Debit Card,Fortnightly,2,Medium Value,0.472780612244898,Unsatisfied,Medium Loyalty,Low Risk,Mature,High,No
1623,31,Male,Shorts,Clothing,43,Missouri,S,Brown,Winter,4.0,No,Store Pickup,Yes,Yes,37,Bank Transfer,Every 3 Months,2,Medium Value,0.3997831632653061,Satisfied,Medium Loyalty,Low Risk,Adult,High,No
1624,64,Male,Backpack,Accessories,58,Indiana,M,Cyan,Summer,3.5,No,Next Day Air,Yes,Yes,50,Debit Card,Annually,2,Medium Value,0.51375,Unsatisfied,High Loyalty,Low Risk,Mature,High,No
1625,38,Male,Sweater,Clothing,32,Florida,M,White,Winter,3.6,No,Free Shipping,Yes,Yes,40,PayPal,Every 3 Months,2,Low Value,0.3562755102040816,Unsatisfied,Medium Loyalty,Low Risk,Adult,High,No
1626,34,Male,Skirt,Clothing,45,Minnesota,L,Beige,Winter,3.0,No,Next Day Air,Yes,Yes,3,PayPal,Bi-Weekly,2,Low Value,0.2778698979591837,Unsatisfied,Low Loyalty,Low Risk,Adult,High,No
1627,32,Male,Sneakers,Footwear,35,Nevada,L,Orange,Summer,2.6,No,Next Day Air,Yes,Yes,45,Credit Card,Bi-Weekly,2,Medium Value,0.4787627551020408,Unsatisfied,Medium Loyalty,Low Risk,Adult,High,No
1628,69,Male,Sunglasses,Accessories,21,Maine,M,Olive,Winter,2.9,No,Next Day Air,Yes,Yes,8,Credit Card,Annually,2,Low Value,0.048482142857142856,Unsatisfied,Low Loyalty,High Risk,Mature,High,No
1629,45,Male,Dress,Clothing,64,Massachusetts,S,Teal,Winter,3.1,No,Next Day Air,Yes,Yes,7,Cash,Monthly,2,Low Value,0.3592346938775511,Unsatisfied,Low Loyalty,Low Risk,Mature,High,No
1630,35,Male,Blouse,Clothing,88,North Dakota,S,Silver,Spring,3.3,No,Next Day Air,Yes,Yes,13,Venmo,Quarterly,2,Medium Value,0.4809693877551021,Unsatisfied,Low Loyalty,Low Risk,Adult,High,No
1631,63,Male,Shoes,Footwear,48,New Jersey,M,Gold,Summer,2.9,No,Store Pickup,Yes,Yes,29,Venmo,Every 3 Months,2,Low Value,0.37892857142857145,Unsatisfied,Low Loyalty,Low Risk,Mature,High,No
1632,65,Male,Sweater,Clothing,36,Indiana,L,Violet,Summer,3.9,No,2-Day Shipping,Yes,Yes,7,Bank Transfer,Fortnightly,2,Low Value,0.22673469387755102,Unsatisfied,Low Loyalty,Low Risk,Mature,High,No
1633,35,Male,Gloves,Accessories,28,Oregon,S,White,Summer,4.7,No,2-Day Shipping,Yes,Yes,50,Debit Card,Every 3 Months,2,Medium Value,0.395,Satisfied,High Loyalty,Low Risk,Adult,High,No
1634,54,Male,Socks,Clothing,80,North Dakota,M,Peach,Spring,4.4,No,2-Day Shipping,Yes,Yes,33,Debit Card,Bi-Weekly,2,High Value,0.6584183673469388,Satisfied,Medium Loyalty,Low Risk,Mature,High,No
1635,28,Male,Coat,Outerwear,23,South Carolina,S,Orange,Summer,3.6,No,Store Pickup,Yes,Yes,30,Cash,Every 3 Months,2,Low Value,0.24442602040816325,Unsatisfied,Medium Loyalty,Low Risk,Adult,High,No
1636,68,Male,Sunglasses,Accessories,24,North Carolina,L,Violet,Summer,3.2,No,Standard,Yes,Yes,40,Cash,Annually,2,Low Value,0.2612755102040816,Unsatisfied,Medium Loyalty,Low Risk,Mature,High,No
1637,58,Male,Boots,Footwear,22,North Dakota,L,Green,Fall,4.0,No,Free Shipping,Yes,Yes,49,Cash,Fortnightly,2,Medium Value,0.4051275510204081,Satisfied,High Loyalty,Low Risk,Mature,High,No
1638,35,Male,Dress,Clothing,21,Massachusetts,M,Peach,Spring,3.5,No,Next Day Air,Yes,Yes,32,Venmo,Fortnightly,2,Low Value,0.2954209183673469,Unsatisfied,Medium Loyalty,Low Risk,Adult,High,No
1639,68,Male,Jacket,Outerwear,51,Tennessee,M,Black,Spring,4.6,No,Free Shipping,Yes,Yes,18,Venmo,Weekly,2,Medium Value,0.4284566326530612,Satisfied,Low Loyalty,Low Risk,Mature,High,No
1640,41,Male,Gloves,Accessories,65,Missouri,L,Blue,Summer,3.3,No,Free Shipping,Yes,Yes,50,PayPal,Annually,2,Medium Value,0.553125,Unsatisfied,High Loyalty,Low Risk,Mature,High,No
1641,65,Male,Scarf,Accessories,51,Tennessee,S,Magenta,Spring,4.0,No,2-Day Shipping,Yes,Yes,13,PayPal,Weekly,2,Medium Value,0.397844387755102,Satisfied,Low Loyalty,Low Risk,Mature,High,No
1642,50,Male,Hoodie,Clothing,32,Colorado,L,Violet,Summer,3.4,No,Free Shipping,Yes,Yes,1,Bank Transfer,Every 3 Months,2,Low Value,0.11750000000000002,Unsatisfied,Low Loyalty,Low Risk,Mature,High,No
1643,18,Male,Coat,Outerwear,70,Mississippi,M,Beige,Spring,4.2,No,Store Pickup,Yes,Yes,16,PayPal,Fortnightly,2,Medium Value,0.4730867346938775,Satisfied,Low Loyalty,Low Risk,Young Adult,High,No
1644,38,Male,Scarf,Accessories,77,Ohio,L,Pink,Summer,3.9,No,2-Day Shipping,Yes,Yes,6,PayPal,Monthly,2,Medium Value,0.42623724489795917,Unsatisfied,Low Loyalty,Low Risk,Adult,High,No
1645,68,Male,Coat,Outerwear,90,North Carolina,S,Beige,Summer,3.9,No,Next Day Air,Yes,Yes,21,Debit Card,Monthly,2,High Value,0.5911989795918366,Unsatisfied,Low Loyalty,Low Risk,Mature,High,No
1646,53,Male,Scarf,Accessories,36,Ohio,L,Green,Summer,2.8,No,Standard,Yes,Yes,36,Venmo,Every 3 Months,2,Low Value,0.35428571428571426,Unsatisfied,Medium Loyalty,Low Risk,Mature,High,No
1647,58,Male,Handbag,Accessories,77,Nebraska,S,Silver,Summer,3.7,No,Standard,Yes,Yes,20,Bank Transfer,Every 3 Months,2,Medium Value,0.4869515306122449,Unsatisfied,Low Loyalty,Low Risk,Mature,High,No
1648,34,Male,Boots,Footwear,78,Hawaii,M,Purple,Summer,4.9,No,Store Pickup,Yes,Yes,8,Debit Card,Quarterly,2,Low Value,0.39410714285714293,Satisfied,Low Loyalty,Low Risk,Adult,High,No
1649,36,Male,Pants,Clothing,69,Oklahoma,M,Gray,Summer,2.6,No,Express,Yes,Yes,22,Credit Card,Monthly,2,Medium Value,0.4791964285714286,Unsatisfied,Low Loyalty,Low Risk,Adult,High,No
1650,58,Male,T-shirt,Clothing,63,Wisconsin,M,White,Summer,4.9,No,Free Shipping,Yes,Yes,3,Credit Card,Quarterly,2,Low Value,0.27911989795918374,Satisfied,Low Loyalty,Low Risk,Mature,High,No
1651,60,Male,Scarf,Accessories,36,Arkansas,M,Silver,Winter,3.4,No,Next Day Air,Yes,Yes,46,Credit Card,Fortnightly,2,Medium Value,0.46551020408163263,Unsatisfied,Medium Loyalty,Low Risk,Mature,High,No
1652,59,Male,Coat,Outerwear,80,Texas,M,Blue,Winter,3.9,No,Standard,Yes,Yes,42,Debit Card,Monthly,2,High Value,0.6635204081632653,Unsatisfied,Medium Loyalty,Low Risk,Mature,High,No
1653,65,Male,Sweater,Clothing,35,New Mexico,M,Orange,Summer,4.0,No,Next Day Air,Yes,Yes,1,Bank Transfer,Fortnightly,2,Low Value,0.184375,Satisfied,Low Loyalty,Low Risk,Mature,High,No
1654,31,Male,Belt,Accessories,93,Colorado,L,Silver,Winter,3.0,No,2-Day Shipping,Yes,Yes,29,Debit Card,Bi-Weekly,2,High Value,0.7070535714285715,Unsatisfied,Low Loyalty,Low Risk,Adult,High,No
1655,43,Male,Belt,Accessories,25,Indiana,L,Gray,Spring,2.6,No,Store Pickup,Yes,Yes,14,Credit Card,Quarterly,2,Low Value,0.13271683673469387,Unsatisfied,Low Loyalty,Low Risk,Mature,High,No
1656,37,Male,Sweater,Clothing,81,Arizona,L,Gold,Spring,3.2,No,Next Day Air,Yes,Yes,4,PayPal,Monthly,2,Medium Value,0.43649234693877553,Unsatisfied,Low Loyalty,Low Risk,Adult,High,No
1657,21,Male,Blouse,Clothing,42,Indiana,L,Brown,Spring,2.6,No,2-Day Shipping,Yes,Yes,41,PayPal,Every 3 Months,2,Medium Value,0.4186479591836734,Unsatisfied,Medium Loyalty,Low Risk,Young Adult,High,No
1658,69,Male,Skirt,Clothing,36,Indiana,L,Turquoise,Spring,3.2,No,Store Pickup,Yes,Yes,4,Debit Card,Bi-Weekly,2,Low Value,0.23336734693877553,Unsatisfied,Low Loyalty,Low Risk,Mature,High,No
1659,32,Male,Jewelry,Accessories,66,Alaska,S,Pink,Spring,4.1,No,Store Pickup,Yes,Yes,47,Cash,Weekly,2,High Value,0.6903826530612245,Satisfied,High Loyalty,Low Risk,Adult,High,Yes
1660,53,Male,Gloves,Accessories,37,Utah,M,Black,Fall,3.9,No,Next Day Air,Yes,Yes,44,Venmo,Annually,2,Low Value,0.35889030612244893,Unsatisfied,Medium Loyalty,Low Risk,Mature,High,No
1661,59,Male,T-shirt,Clothing,45,Louisiana,L,Yellow,Winter,4.1,No,Standard,Yes,Yes,37,Venmo,Monthly,2,Medium Value,0.4360331632653061,Satisfied,Medium Loyalty,Low Risk,Mature,High,No
1662,64,Male,Gloves,Accessories,86,Iowa,S,Beige,Summer,2.7,No,2-Day Shipping,Yes,Yes,21,Debit Card,Quarterly,2,Medium Value,0.5186989795918366,Unsatisfied,Low Loyalty,Low Risk,Mature,High,No
1663,63,Male,Sunglasses,Accessories,24,New Mexico,M,Olive,Winter,4.6,No,Free Shipping,Yes,Yes,46,Debit Card,Fortnightly,2,Medium Value,0.3980102040816326,Satisfied,Medium Loyalty,Low Risk,Mature,High,No
1664,43,Male,Shirt,Clothing,22,Maine,XL,Gold,Summer,3.5,No,Standard,Yes,Yes,1,Cash,Bi-Weekly,2,Low Value,0.13625,Unsatisfied,Low Loyalty,Low Risk,Mature,High,No
1665,19,Male,Handbag,Accessories,53,Minnesota,M,Purple,Spring,5.0,No,Next Day Air,Yes,Yes,35,PayPal,Weekly,2,Medium Value,0.5437882653061223,Satisfied,Medium Loyalty,Low Risk,Young Adult,High,No
1666,40,Male,Jacket,Outerwear,41,New Mexico,L,Pink,Fall,3.4,No,Next Day Air,Yes,Yes,49,Venmo,Monthly,2,Medium Value,0.4870025510204082,Unsatisfied,High Loyalty,Low Risk,Adult,High,No
1667,51,Male,Skirt,Clothing,64,Arkansas,M,Blue,Summer,3.1,No,Store Pickup,Yes,Yes,47,PayPal,Annually,2,Medium Value,0.5291326530612245,Unsatisfied,High Loyalty,Low Risk,Mature,High,No
1668,51,Male,Handbag,Accessories,40,Oklahoma,L,Brown,Winter,3.4,No,2-Day Shipping,Yes,Yes,24,Bank Transfer,Every 3 Months,2,Low Value,0.30331632653061225,Unsatisfied,Low Loyalty,Low Risk,Mature,High,No
1669,66,Male,Blouse,Clothing,33,Utah,L,Charcoal,Summer,4.0,No,Standard,Yes,Yes,28,Debit Card,Fortnightly,2,Low Value,0.3384311224489796,Satisfied,Low Loyalty,Low Risk,Mature,High,No
1670,42,Male,T-shirt,Clothing,59,Wisconsin,L,Maroon,Winter,2.7,No,Store Pickup,Yes,Yes,22,Bank Transfer,Quarterly,2,Low Value,0.37294642857142857,Unsatisfied,Low Loyalty,Low Risk,Mature,High,No
1671,22,Male,Pants,Clothing,73,Utah,L,Cyan,Fall,3.6,No,Free Shipping,Yes,Yes,20,Cash,Weekly,2,High Value,0.5644515306122448,Unsatisfied,Low Loyalty,Low Risk,Young Adult,High,No
1672,31,Male,Hoodie,Clothing,22,Utah,M,Olive,Winter,4.0,No,Free Shipping,Yes,Yes,25,Bank Transfer,Weekly,2,Low Value,0.30818877551020407,Satisfied,Low Loyalty,Low Risk,Adult,High,No
1673,18,Male,Boots,Footwear,73,South Carolina,L,Gold,Fall,3.8,No,Free Shipping,Yes,Yes,15,Venmo,Quarterly,2,Medium Value,0.40883928571428574,Unsatisfied,Low Loyalty,Low Risk,Young Adult,High,No
1674,21,Male,Blouse,Clothing,62,Hawaii,M,Violet,Fall,3.4,No,Next Day Air,Yes,Yes,49,Venmo,Bi-Weekly,2,High Value,0.6551275510204082,Unsatisfied,High Loyalty,Low Risk,Young Adult,High,Yes
1675,35,Male,Coat,Outerwear,56,Alaska,M,Peach,Winter,3.2,No,Free Shipping,Yes,Yes,10,Debit Card,Fortnightly,2,Low Value,0.3576020408163265,Unsatisfied,Low Loyalty,Low Risk,Adult,High,No
1676,35,Male,Pants,Clothing,90,Colorado,M,Beige,Spring,4.7,No,Next Day Air,Yes,Yes,21,Credit Card,Annually,2,Medium Value,0.5161989795918367,Satisfied,Low Loyalty,Low Risk,Adult,High,No
1677,27,Male,Sunglasses,Accessories,44,West Virginia,M,Cyan,Winter,3.1,No,Next Day Air,Yes,Yes,34,Bank Transfer,Weekly,2,Medium Value,0.48704081632653057,Unsatisfied,Medium Loyalty,Low Risk,Adult,High,No
1678,65,Male,Jeans,Clothing,35,Oregon,L,Silver,Summer,3.3,No,Next Day Air,No,No,41,Debit Card,Weekly,0,Medium Value,0.4792729591836734,Unsatisfied,High Loyalty,Low Risk,Mature,Low,No
1679,41,Male,Pants,Clothing,71,Ohio,S,Magenta,Summer,4.8,No,2-Day Shipping,No,No,30,Venmo,Fortnightly,0,High Value,0.5644260204081633,Satisfied,High Loyalty,Low Risk,Mature,Low,Yes
1680,60,Male,Dress,Clothing,52,Massachusetts,S,Black,Fall,4.5,No,Next Day Air,No,No,24,Debit Card,Bi-Weekly,0,Medium Value,0.44581632653061226,Satisfied,Medium Loyalty,Low Risk,Mature,Low,No
1681,61,Male,Shoes,Footwear,37,Louisiana,M,Olive,Summer,3.4,No,Store Pickup,No,No,6,Credit Card,Annually,0,Low Value,0.1262372448979592,Unsatisfied,Low Loyalty,Low Risk,Mature,Low,No
1682,24,Male,Sneakers,Footwear,95,Virginia,L,Green,Winter,3.7,No,2-Day Shipping,No,No,14,Credit Card,Bi-Weekly,0,High Value,0.6264668367346938,Unsatisfied,Medium Loyalty,Low Risk,Young Adult,Low,No
1683,65,Male,Socks,Clothing,97,New York,M,Yellow,Fall,4.9,No,2-Day Shipping,No,No,37,Credit Card,Bi-Weekly,0,High Value,0.7785331632653062,Satisfied,High Loyalty,Low Risk,Mature,Low,Yes
1684,23,Male,Coat,Outerwear,57,Arkansas,S,Lavender,Spring,3.5,No,Next Day Air,No,No,37,Venmo,Quarterly,0,Medium Value,0.4535331632653061,Unsatisfied,High Loyalty,Low Risk,Young Adult,Low,No
1685,30,Male,Shirt,Clothing,93,New Mexico,M,Indigo,Spring,4.6,No,Standard,No,No,28,PayPal,Weekly,0,High Value,0.7259311224489795,Satisfied,High Loyalty,Low Risk,Adult,Low,Yes
1686,33,Male,Blouse,Clothing,48,Minnesota,M,Pink,Winter,4.6,No,Standard,No,No,43,PayPal,Bi-Weekly,0,Medium Value,0.5396428571428572,Satisfied,High Loyalty,Low Risk,Adult,Low,No
1687,22,Male,Gloves,Accessories,75,Illinois,L,Red,Fall,4.2,No,Store Pickup,No,No,25,Cash,Annually,0,Medium Value,0.4563137755102041,Satisfied,Medium Loyalty,Low Risk,Young Adult,Low,No
1688,67,Male,Skirt,Clothing,70,Georgia,S,Magenta,Winter,3.7,No,Free Shipping,No,No,4,PayPal,Annually,0,Low Value,0.2996173469387755,Unsatisfied,Low Loyalty,Low Risk,Mature,Low,No
1689,28,Male,Handbag,Accessories,26,Mississippi,S,Peach,Winter,3.0,No,Next Day Air,No,No,13,Venmo,Fortnightly,0,Low Value,0.207219387755102,Unsatisfied,Medium Loyalty,Low Risk,Adult,Low,No
1690,32,Male,Shirt,Clothing,73,North Carolina,L,Turquoise,Winter,4.6,No,Store Pickup,No,No,32,Bank Transfer,Monthly,0,High Value,0.5629209183673469,Satisfied,High Loyalty,Low Risk,Adult,Low,Yes
1691,40,Male,Coat,Outerwear,30,Nevada,M,Black,Summer,3.2,No,Free Shipping,No,No,1,Cash,Annually,0,Low Value,0.05625,Unsatisfied,Low Loyalty,Low Risk,Adult,Low,No
1692,64,Male,Shoes,Footwear,61,Connecticut,L,Blue,Summer,3.5,No,Next Day Air,No,No,4,Cash,Annually,0,Low Value,0.24899234693877553,Unsatisfied,Low Loyalty,Low Risk,Mature,Low,No
1693,56,Male,Handbag,Accessories,75,Utah,M,Beige,Winter,2.6,No,Standard,No,No,33,Cash,Bi-Weekly,0,High Value,0.6302933673469387,Unsatisfied,High Loyalty,Low Risk,Mature,Low,Yes
1694,63,Male,Jacket,Outerwear,88,Tennessee,XL,Olive,Fall,4.9,No,Standard,No,No,45,Bank Transfer,Fortnightly,0,High Value,0.7518877551020408,Satisfied,High Loyalty,Low Risk,Mature,Low,Yes
1695,20,Male,Shirt,Clothing,67,Mississippi,M,Turquoise,Summer,2.7,No,Express,No,No,20,Debit Card,Fortnightly,0,Medium Value,0.48070153061224485,Unsatisfied,Medium Loyalty,Low Risk,Young Adult,Low,No
1696,54,Male,Hat,Accessories,95,Nebraska,S,Yellow,Fall,4.7,No,2-Day Shipping,No,No,1,PayPal,Fortnightly,0,Medium Value,0.521875,Satisfied,Low Loyalty,Low Risk,Mature,Low,No
1697,31,Male,Sunglasses,Accessories,69,West Virginia,S,Turquoise,Spring,4.0,No,Free Shipping,No,No,7,Credit Card,Bi-Weekly,0,Medium Value,0.437359693877551,Satisfied,Low Loyalty,Low Risk,Adult,Low,No
1698,36,Male,Shirt,Clothing,87,South Carolina,L,Lavender,Fall,3.5,No,Next Day Air,No,No,48,Credit Card,Every 3 Months,0,High Value,0.7146301020408163,Unsatisfied,High Loyalty,Low Risk,Adult,Low,Yes
1699,25,Male,Belt,Accessories,41,Iowa,XL,Turquoise,Winter,4.8,No,Standard,No,No,46,Bank Transfer,Quarterly,0,Medium Value,0.4186352040816327,Satisfied,High Loyalty,Low Risk,Young Adult,Low,No
1700,20,Male,Sweater,Clothing,67,North Dakota,L,Teal,Spring,4.0,No,Free Shipping,No,No,34,Debit Card,Annually,0,Medium Value,0.4664158163265306,Satisfied,High Loyalty,Low Risk,Young Adult,Low,No
1701,62,Male,Hoodie,Clothing,70,West Virginia,L,Black,Fall,4.1,No,Express,No,No,36,Bank Transfer,Monthly,0,High Value,0.5705357142857143,Satisfied,High Loyalty,Low Risk,Mature,Low,Yes
1702,69,Male,Handbag,Accessories,41,Mississippi,XL,Blue,Winter,3.8,No,Next Day Air,No,No,44,Debit Card,Every 3 Months,0,Medium Value,0.43139030612244894,Unsatisfied,High Loyalty,Low Risk,Mature,Low,No
1703,54,Male,Jeans,Clothing,83,Alabama,XL,Yellow,Summer,5.0,No,Express,No,No,48,Bank Transfer,Weekly,0,High Value,0.7921301020408162,Satisfied,High Loyalty,Low Risk,Mature,Low,Yes
1704,39,Male,Backpack,Accessories,22,California,M,Black,Spring,4.0,No,Next Day Air,No,No,12,Bank Transfer,Annually,0,Low Value,0.07859693877551022,Satisfied,Medium Loyalty,Low Risk,Adult,Low,No
1705,56,Male,Sneakers,Footwear,20,Idaho,M,Lavender,Summer,3.9,No,Store Pickup,No,No,19,Cash,Every 3 Months,0,Low Value,0.16020408163265304,Unsatisfied,Medium Loyalty,Low Risk,Mature,Low,No
1706,39,Male,Jewelry,Accessories,29,South Dakota,L,Cyan,Summer,3.4,No,2-Day Shipping,No,No,49,Venmo,Bi-Weekly,0,Medium Value,0.46950255102040817,Unsatisfied,High Loyalty,Low Risk,Adult,Low,No
1707,37,Male,Sunglasses,Accessories,87,North Dakota,M,Brown,Spring,3.0,No,Standard,No,No,25,Venmo,Fortnightly,0,High Value,0.6238137755102041,Unsatisfied,Medium Loyalty,Low Risk,Adult,Low,No
1708,25,Male,Shorts,Clothing,81,Nevada,L,Maroon,Fall,4.9,No,2-Day Shipping,No,No,25,Cash,Bi-Weekly,0,High Value,0.6150637755102041,Satisfied,Medium Loyalty,Low Risk,Young Adult,Low,No
1709,35,Male,Boots,Footwear,58,Florida,L,Cyan,Spring,3.2,No,Express,No,No,1,Credit Card,Quarterly,0,Low Value,0.23875000000000005,Unsatisfied,Low Loyalty,Low Risk,Adult,Low,No
1710,45,Male,Skirt,Clothing,83,Indiana,M,Pink,Winter,3.8,No,Standard,No,No,19,Bank Transfer,Annually,0,Medium Value,0.4645790816326531,Unsatisfied,Medium Loyalty,Low Risk,Mature,Low,No
1711,19,Male,Pants,Clothing,59,Arkansas,XL,Orange,Fall,3.8,No,Store Pickup,No,No,7,Credit Card,Quarterly,0,Low Value,0.281109693877551,Unsatisfied,Low Loyalty,Low Risk,Young Adult,Low,No
1712,21,Male,T-shirt,Clothing,93,North Carolina,M,Lavender,Spring,4.7,No,Express,No,No,19,Credit Card,Monthly,0,High Value,0.595829081632653,Satisfied,Medium Loyalty,Low Risk,Young Adult,Low,No
1713,65,Male,T-shirt,Clothing,87,Illinois,S,Beige,Fall,3.8,No,2-Day Shipping,No,No,9,Cash,Fortnightly,0,Medium Value,0.5258545918367348,Unsatisfied,Medium Loyalty,Low Risk,Mature,Low,No
1714,49,Male,Jacket,Outerwear,22,Missouri,M,Pink,Winter,4.6,No,Free Shipping,No,No,37,PayPal,Quarterly,0,Low Value,0.2566581632653061,Satisfied,High Loyalty,Low Risk,Mature,Low,No
1715,30,Male,Jeans,Clothing,71,South Dakota,S,Charcoal,Summer,4.4,No,Standard,No,No,15,Cash,Monthly,0,Medium Value,0.44758928571428575,Satisfied,Medium Loyalty,Low Risk,Adult,Low,No
1716,23,Male,Dress,Clothing,69,Idaho,XL,Gray,Spring,3.4,No,2-Day Shipping,No,No,30,PayPal,Bi-Weekly,0,High Value,0.5781760204081632,Unsatisfied,High Loyalty,Low Risk,Young Adult,Low,Yes
1717,69,Male,Blouse,Clothing,47,Connecticut,M,Cyan,Winter,4.7,No,Standard,No,No,30,Cash,Every 3 Months,0,Low Value,0.37942602040816326,Satisfied,High Loyalty,Low Risk,Mature,Low,No
1718,29,Male,Hoodie,Clothing,50,Hawaii,L,Orange,Summer,2.9,No,Express,No,No,16,Debit Card,Bi-Weekly,0,Low Value,0.38558673469387755,Unsatisfied,Medium Loyalty,Low Risk,Adult,Low,No
1719,54,Male,T-shirt,Clothing,96,Maryland,L,Pink,Winter,3.4,No,2-Day Shipping,No,No,14,PayPal,Every 3 Months,0,High Value,0.557091836734694,Unsatisfied,Medium Loyalty,Low Risk,Mature,Low,No
1720,45,Male,Sweater,Clothing,39,Maryland,M,White,Winter,3.2,No,Free Shipping,No,No,8,Venmo,Quarterly,0,Low Value,0.17473214285714286,Unsatisfied,Medium Loyalty,Low Risk,Mature,Low,No
1721,25,Male,Shorts,Clothing,84,Massachusetts,S,Beige,Winter,2.8,No,Express,No,No,40,Debit Card,Bi-Weekly,0,High Value,0.7237755102040816,Unsatisfied,High Loyalty,Low Risk,Young Adult,Low,Yes
1722,34,Male,Jewelry,Accessories,28,Delaware,S,Magenta,Spring,4.3,No,Free Shipping,No,No,24,Credit Card,Monthly,0,Low Value,0.26081632653061226,Satisfied,Medium Loyalty,Low Risk,Adult,Low,No
1723,46,Male,T-shirt,Clothing,51,Massachusetts,L,Violet,Summer,3.3,No,Standard,No,No,14,Cash,Fortnightly,0,Low Value,0.35396683673469387,Unsatisfied,Medium Loyalty,Low Risk,Mature,Low,No
1724,70,Male,Scarf,Accessories,20,New York,XL,Gold,Spring,3.3,No,Standard,No,No,39,PayPal,Annually,0,Low Value,0.23265306122448975,Unsatisfied,High Loyalty,Low Risk,Mature,Low,No
1725,42,Male,Shoes,Footwear,72,Delaware,S,Teal,Winter,3.3,No,Free Shipping,No,No,21,PayPal,Weekly,0,High Value,0.5649489795918368,Unsatisfied,Medium Loyalty,Low Risk,Mature,Low,No
1726,45,Male,Sunglasses,Accessories,33,Massachusetts,M,Indigo,Spring,3.0,No,Next Day Air,No,No,32,Venmo,Quarterly,0,Low Value,0.28792091836734696,Unsatisfied,High Loyalty,Low Risk,Mature,Low,No
1727,57,Male,Coat,Outerwear,28,Indiana,S,Olive,Summer,2.8,No,Express,No,No,45,Debit Card,Weekly,0,Medium Value,0.4643877551020408,Unsatisfied,High Loyalty,Low Risk,Mature,Low,No
1728,49,Male,Blouse,Clothing,53,Virginia,S,Violet,Spring,4.0,No,Express,No,No,19,PayPal,Monthly,0,Low Value,0.3708290816326531,Satisfied,Medium Loyalty,Low Risk,Mature,Low,No
1729,23,Male,Jeans,Clothing,48,Wyoming,L,Black,Fall,4.3,No,Express,No,No,1,Debit Card,Every 3 Months,0,Low Value,0.20750000000000007,Satisfied,Low Loyalty,Low Risk,Young Adult,Low,No
1730,47,Male,Shorts,Clothing,21,Illinois,M,Brown,Winter,3.8,No,Store Pickup,No,No,12,Venmo,Fortnightly,0,Low Value,0.1729719387755102,Unsatisfied,Medium Loyalty,Low Risk,Mature,Low,No
1731,23,Male,Shirt,Clothing,22,Alabama,S,Silver,Fall,4.2,No,Free Shipping,No,No,26,Credit Card,Weekly,0,Low Value,0.31431122448979587,Satisfied,High Loyalty,Low Risk,Young Adult,Low,No
1732,21,Male,Backpack,Accessories,87,Idaho,M,Gray,Fall,3.1,No,Next Day Air,No,No,12,Cash,Monthly,0,Medium Value,0.5192219387755103,Unsatisfied,Medium Loyalty,Low Risk,Young Adult,Low,No
1733,45,Male,Belt,Accessories,50,Rhode Island,S,Charcoal,Winter,2.6,No,Free Shipping,No,No,36,Cash,Every 3 Months,0,Medium Value,0.43303571428571425,Unsatisfied,High Loyalty,Low Risk,Mature,Low,No
1734,67,Male,Blouse,Clothing,85,New York,L,Black,Summer,3.4,No,Express,No,No,22,Credit Card,Annually,0,Medium Value,0.49419642857142854,Unsatisfied,Medium Loyalty,Low Risk,Mature,Low,No
1735,31,Male,Jeans,Clothing,98,Missouri,L,Brown,Spring,3.1,No,Next Day Air,No,No,16,PayPal,Quarterly,0,High Value,0.5555867346938775,Unsatisfied,Medium Loyalty,Low Risk,Adult,Low,No
1736,58,Male,Dress,Clothing,34,Texas,M,Purple,Winter,3.6,No,Express,No,No,31,Venmo,Annually,0,Low Value,0.26242346938775507,Unsatisfied,High Loyalty,Low Risk,Mature,Low,No
1737,57,Male,Shorts,Clothing,61,Tennessee,M,Purple,Summer,2.6,No,2-Day Shipping,No,No,43,Cash,Quarterly,0,Medium Value,0.5127678571428571,Unsatisfied,High Loyalty,Low Risk,Mature,Low,No
1738,42,Male,Jewelry,Accessories,98,Ohio,L,Gray,Summer,4.2,No,Store Pickup,No,No,50,Venmo,Bi-Weekly,0,High Value,0.86375,Satisfied,High Loyalty,Low Risk,Mature,Low,Yes
1739,60,Male,Handbag,Accessories,61,Tennessee,M,Green,Spring,2.9,No,2-Day Shipping,No,No,37,Credit Card,Weekly,0,High Value,0.6010331632653061,Unsatisfied,High Loyalty,Low Risk,Mature,Low,Yes
1740,21,Male,Jewelry,Accessories,98,Minnesota,L,Silver,Winter,4.2,No,Express,No,No,23,Cash,Weekly,0,High Value,0.7234438775510204,Satisfied,Medium Loyalty,Low Risk,Young Adult,Low,No
1741,69,Male,Pants,Clothing,21,Wisconsin,L,Charcoal,Fall,3.3,No,Next Day Air,No,No,10,Bank Transfer,Every 3 Months,0,Low Value,0.11072704081632653,Unsatisfied,Medium Loyalty,Low Risk,Mature,Low,No
1742,41,Male,Pants,Clothing,51,Delaware,XL,Teal,Winter,3.6,No,Next Day Air,No,No,20,Bank Transfer,Monthly,0,Low Value,0.3657015306122449,Unsatisfied,Medium Loyalty,Low Risk,Mature,Low,No
1743,51,Male,Sandals,Footwear,80,Kansas,XL,White,Spring,4.3,No,Express,No,No,18,Venmo,Every 3 Months,0,Medium Value,0.4915816326530612,Satisfied,Medium Loyalty,Low Risk,Mature,Low,No
1744,23,Male,Skirt,Clothing,72,Missouri,XL,Brown,Winter,3.3,No,Standard,No,No,3,Bank Transfer,Weekly,0,Medium Value,0.45474489795918366,Unsatisfied,Low Loyalty,Low Risk,Young Adult,Low,No
1745,57,Male,Sunglasses,Accessories,63,Michigan,L,Teal,Winter,3.0,No,Standard,No,No,23,PayPal,Weekly,0,Medium Value,0.5265688775510204,Unsatisfied,Medium Loyalty,Low Risk,Mature,Low,No
1746,40,Male,Skirt,Clothing,27,West Virginia,L,Red,Winter,3.6,No,Store Pickup,No,No,27,Cash,Weekly,0,Low Value,0.34855867346938774,Unsatisfied,High Loyalty,Low Risk,Adult,Low,No
1747,65,Male,Handbag,Accessories,44,Alabama,L,Brown,Summer,3.1,No,Store Pickup,No,No,44,Bank Transfer,Fortnightly,0,Medium Value,0.4982653061224489,Unsatisfied,High Loyalty,Low Risk,Mature,Low,No
1748,61,Male,Coat,Outerwear,23,New Hampshire,M,Yellow,Winter,2.9,No,Express,No,No,41,Venmo,Quarterly,0,Low Value,0.28677295918367346,Unsatisfied,High Loyalty,Low Risk,Mature,Low,No
1749,34,Male,Skirt,Clothing,93,Montana,L,Teal,Winter,3.9,No,2-Day Shipping,No,No,41,Bank Transfer,Annually,0,High Value,0.6555229591836735,Unsatisfied,High Loyalty,Low Risk,Adult,Low,Yes
1750,43,Male,Hoodie,Clothing,70,Wyoming,L,Pink,Fall,3.2,No,2-Day Shipping,No,No,36,Debit Card,Every 3 Months,0,Medium Value,0.5455357142857142,Unsatisfied,High Loyalty,Low Risk,Mature,Low,No
1751,31,Male,Sunglasses,Accessories,85,Missouri,M,White,Fall,3.1,No,Express,No,No,38,Venmo,Every 3 Months,0,High Value,0.642155612244898,Unsatisfied,High Loyalty,Low Risk,Adult,Low,Yes
1752,57,Male,Sweater,Clothing,40,Ohio,M,Silver,Winter,3.2,No,2-Day Shipping,No,No,34,Cash,Annually,0,Low Value,0.3145408163265306,Unsatisfied,High Loyalty,Low Risk,Mature,Low,No
1753,34,Male,Boots,Footwear,29,South Dakota,L,Blue,Winter,3.3,No,Store Pickup,No,No,14,Venmo,Quarterly,0,Low Value,0.15521683673469389,Unsatisfied,Medium Loyalty,Low Risk,Adult,Low,No
1754,25,Male,Skirt,Clothing,27,Colorado,L,Black,Fall,4.8,No,Next Day Air,No,No,23,Credit Card,Fortnightly,0,Low Value,0.2740688775510204,Satisfied,Medium Loyalty,Low Risk,Young Adult,Low,No
1755,66,Male,Dress,Clothing,93,Massachusetts,S,Beige,Fall,3.8,No,2-Day Shipping,No,No,18,Credit Card,Fortnightly,0,High Value,0.6147066326530612,Unsatisfied,Medium Loyalty,Low Risk,Mature,Low,No
1756,56,Male,Belt,Accessories,20,Delaware,XL,Charcoal,Spring,4.6,No,Next Day Air,No,No,45,Cash,Monthly,0,Low Value,0.3443877551020408,Satisfied,High Loyalty,Low Risk,Mature,Low,No
1757,49,Male,Jewelry,Accessories,55,New Hampshire,S,Cyan,Fall,2.8,No,Free Shipping,No,No,14,Bank Transfer,Weekly,0,Medium Value,0.4264668367346938,Unsatisfied,Medium Loyalty,Low Risk,Mature,Low,No
1758,19,Male,Dress,Clothing,94,Michigan,L,Yellow,Fall,3.6,No,Standard,No,No,48,Debit Card,Annually,0,High Value,0.7040051020408162,Unsatisfied,High Loyalty,Low Risk,Young Adult,Low,Yes
1759,27,Male,Hat,Accessories,56,Pennsylvania,M,Silver,Winter,4.3,No,Free Shipping,No,No,17,Venmo,Bi-Weekly,0,Medium Value,0.4254591836734694,Satisfied,Medium Loyalty,Low Risk,Adult,Low,No
1760,68,Male,Sweater,Clothing,58,Louisiana,L,Green,Spring,4.0,No,Next Day Air,No,No,1,PayPal,Weekly,0,Low Value,0.36375,Satisfied,Low Loyalty,Low Risk,Mature,Low,No
1761,20,Male,Skirt,Clothing,44,Minnesota,XL,Peach,Spring,3.5,No,Standard,No,No,39,PayPal,Weekly,0,Medium Value,0.5176530612244898,Unsatisfied,High Loyalty,Low Risk,Young Adult,Low,No
1762,21,Male,Hoodie,Clothing,95,Hawaii,S,Green,Fall,4.9,No,2-Day Shipping,No,No,24,Cash,Weekly,0,High Value,0.7126913265306123,Satisfied,Medium Loyalty,Low Risk,Young Adult,Low,No
1763,36,Male,Sandals,Footwear,42,Idaho,M,Brown,Summer,3.1,No,Express,No,No,41,Bank Transfer,Fortnightly,0,Medium Value,0.4686479591836734,Unsatisfied,High Loyalty,Low Risk,Adult,Low,No
1764,37,Male,Jewelry,Accessories,93,Vermont,M,Lavender,Winter,3.9,No,Store Pickup,No,No,28,PayPal,Annually,0,High Value,0.5759311224489796,Unsatisfied,High Loyalty,Low Risk,Adult,Low,Yes
1765,61,Male,Dress,Clothing,56,Delaware,M,Charcoal,Summer,3.0,No,Store Pickup,No,No,34,Venmo,Quarterly,0,Medium Value,0.42954081632653063,Unsatisfied,High Loyalty,Low Risk,Mature,Low,No
1766,68,Male,Hoodie,Clothing,88,New Mexico,M,Orange,Spring,4.1,No,2-Day Shipping,No,No,41,Venmo,Quarterly,0,High Value,0.6523979591836735,Satisfied,High Loyalty,Low Risk,Mature,Low,Yes
1767,60,Male,Sweater,Clothing,54,Alaska,S,Cyan,Winter,4.3,No,2-Day Shipping,No,No,27,Cash,Bi-Weekly,0,Medium Value,0.47543367346938775,Satisfied,High Loyalty,Low Risk,Mature,Low,No
1768,69,Male,Jewelry,Accessories,89,Minnesota,L,Lavender,Fall,3.8,No,2-Day Shipping,No,No,46,Debit Card,Fortnightly,0,High Value,0.7636352040816327,Unsatisfied,High Loyalty,Low Risk,Mature,Low,Yes
1769,25,Male,Sandals,Footwear,45,Nebraska,M,Indigo,Summer,3.9,No,2-Day Shipping,No,No,2,PayPal,Every 3 Months,0,Low Value,0.19674744897959184,Unsatisfied,Low Loyalty,Low Risk,Young Adult,Low,No
1770,32,Male,Socks,Clothing,75,Alaska,L,Brown,Winter,4.3,No,Free Shipping,No,No,45,Cash,Monthly,0,High Value,0.6537627551020407,Satisfied,High Loyalty,Low Risk,Adult,Low,Yes
1771,53,Male,Backpack,Accessories,22,Michigan,M,Pink,Fall,4.3,No,Express,No,No,34,Bank Transfer,Weekly,0,Low Value,0.3632908163265306,Satisfied,High Loyalty,Low Risk,Mature,Low,No
1772,46,Male,Shirt,Clothing,82,Indiana,XL,Turquoise,Fall,4.7,No,Store Pickup,No,No,9,Credit Card,Annually,0,Medium Value,0.39772959183673473,Satisfied,Medium Loyalty,Low Risk,Mature,Low,No
1773,58,Male,Shoes,Footwear,34,Hawaii,M,Gold,Summer,3.1,No,2-Day Shipping,No,No,1,Bank Transfer,Annually,0,Low Value,0.07875000000000003,Unsatisfied,Low Loyalty,Low Risk,Mature,Low,No
1774,21,Male,Coat,Outerwear,92,West Virginia,M,Blue,Summer,2.7,No,Free Shipping,No,No,17,PayPal,Annually,0,Medium Value,0.5029591836734695,Unsatisfied,Medium Loyalty,Low Risk,Young Adult,Low,No
1775,46,Male,Sweater,Clothing,78,New York,M,Lavender,Spring,3.7,No,Express,No,No,6,PayPal,Weekly,0,Medium Value,0.5068622448979592,Unsatisfied,Low Loyalty,Low Risk,Mature,Low,No
1776,18,Male,Jacket,Outerwear,47,Iowa,M,Violet,Spring,3.3,No,2-Day Shipping,No,No,12,Cash,Bi-Weekly,0,Low Value,0.3442219387755102,Unsatisfied,Medium Loyalty,Low Risk,Young Adult,Low,No
1777,56,Male,Jacket,Outerwear,64,Arizona,L,Cyan,Summer,3.4,No,Free Shipping,No,No,10,Venmo,Every 3 Months,0,Low Value,0.35260204081632657,Unsatisfied,Medium Loyalty,Low Risk,Mature,Low,No
1778,18,Male,Sneakers,Footwear,44,Minnesota,L,Purple,Winter,4.7,No,Free Shipping,No,No,4,Cash,Fortnightly,0,Low Value,0.25336734693877555,Satisfied,Low Loyalty,Low Risk,Young Adult,Low,No
1779,49,Male,Belt,Accessories,94,Texas,M,Red,Winter,4.9,No,Store Pickup,No,No,8,Debit Card,Bi-Weekly,0,High Value,0.5841071428571429,Satisfied,Medium Loyalty,Low Risk,Mature,Low,No
1780,29,Male,Scarf,Accessories,62,Virginia,M,Charcoal,Winter,4.3,No,Free Shipping,No,No,41,Venmo,Weekly,0,High Value,0.6311479591836735,Satisfied,High Loyalty,Low Risk,Adult,Low,Yes
1781,67,Male,Jewelry,Accessories,81,North Dakota,S,Gray,Summer,4.2,No,Next Day Air,No,No,49,Credit Card,Weekly,0,High Value,0.7870025510204082,Satisfied,High Loyalty,Low Risk,Mature,Low,Yes
1782,31,Male,T-shirt,Clothing,33,Iowa,M,Pink,Fall,3.7,No,Express,No,No,49,Bank Transfer,Quarterly,0,Low Value,0.39200255102040815,Unsatisfied,High Loyalty,Low Risk,Adult,Low,No
1783,52,Male,Pants,Clothing,88,Utah,M,Lavender,Fall,2.7,No,Next Day Air,No,No,40,Bank Transfer,Fortnightly,0,High Value,0.7212755102040816,Unsatisfied,High Loyalty,Low Risk,Mature,Low,Yes
1784,42,Male,Handbag,Accessories,49,Ohio,L,Lavender,Winter,3.3,No,Free Shipping,No,No,30,Credit Card,Monthly,0,Medium Value,0.41567602040816326,Unsatisfied,High Loyalty,Low Risk,Mature,Low,No
1785,32,Male,Backpack,Accessories,31,Louisiana,L,Yellow,Summer,4.8,No,Standard,No,No,4,Debit Card,Quarterly,0,Low Value,0.10524234693877552,Satisfied,Low Loyalty,Low Risk,Adult,Low,No
1786,47,Male,Gloves,Accessories,29,Iowa,S,Peach,Fall,4.1,No,Next Day Air,No,No,22,Venmo,Monthly,0,Low Value,0.25419642857142855,Satisfied,Medium Loyalty,Low Risk,Mature,Low,No
1787,45,Male,Jacket,Outerwear,34,Maryland,M,Brown,Spring,4.6,No,2-Day Shipping,No,No,22,Venmo,Monthly,0,Low Value,0.28232142857142856,Satisfied,Medium Loyalty,Low Risk,Mature,Low,No
1788,20,Male,Sweater,Clothing,38,Montana,L,Gold,Fall,4.9,No,2-Day Shipping,No,No,10,Bank Transfer,Quarterly,0,Low Value,0.18135204081632653,Satisfied,Medium Loyalty,Low Risk,Young Adult,Low,No
1789,66,Male,Blouse,Clothing,41,Illinois,L,Pink,Summer,3.1,No,Store Pickup,No,No,23,Cash,Bi-Weekly,0,Low Value,0.3778188775510204,Unsatisfied,Medium Loyalty,Low Risk,Mature,Low,No
1790,52,Male,Blouse,Clothing,34,Arizona,L,Peach,Spring,3.0,No,2-Day Shipping,No,No,43,Debit Card,Quarterly,0,Low Value,0.3608928571428572,Unsatisfied,High Loyalty,Low Risk,Mature,Low,No
1791,50,Male,Gloves,Accessories,26,North Carolina,S,Violet,Summer,3.7,No,Store Pickup,No,No,31,PayPal,Bi-Weekly,0,Low Value,0.34242346938775503,Unsatisfied,High Loyalty,Low Risk,Mature,Low,No
1792,62,Male,Jeans,Clothing,98,Montana,S,Purple,Winter,4.0,No,Store Pickup,No,No,38,Cash,Annually,0,High Value,0.665280612244898,Satisfied,High Loyalty,Low Risk,Mature,Low,Yes
1793,38,Male,Sneakers,Footwear,59,Iowa,M,Peach,Fall,3.0,No,Express,No,No,22,Debit Card,Every 3 Months,0,Medium Value,0.39794642857142853,Unsatisfied,Medium Loyalty,Low Risk,Adult,Low,No
1794,65,Male,Hat,Accessories,92,Iowa,S,White,Fall,3.8,No,Store Pickup,No,No,45,Cash,Every 3 Months,0,High Value,0.7243877551020409,Unsatisfied,High Loyalty,Low Risk,Mature,Low,Yes
1795,60,Male,Backpack,Accessories,40,Ohio,L,Indigo,Spring,3.7,No,Express,No,No,21,Debit Card,Fortnightly,0,Low Value,0.3349489795918367,Unsatisfied,Medium Loyalty,Low Risk,Mature,Low,No
1796,68,Male,Jeans,Clothing,20,Wisconsin,S,Violet,Fall,4.0,No,2-Day Shipping,No,No,9,Debit Card,Fortnightly,0,Low Value,0.14897959183673468,Satisfied,Medium Loyalty,Low Risk,Mature,Low,No
1797,62,Male,Skirt,Clothing,35,South Carolina,S,Brown,Spring,3.1,No,Store Pickup,No,No,34,Venmo,Weekly,0,Medium Value,0.43641581632653054,Unsatisfied,High Loyalty,Low Risk,Mature,Low,No
1798,62,Male,Belt,Accessories,35,Oregon,L,Maroon,Spring,3.9,No,2-Day Shipping,No,No,26,Venmo,Weekly,0,Low Value,0.38743622448979587,Unsatisfied,High Loyalty,Low Risk,Mature,Low,No
1799,40,Male,Dress,Clothing,82,North Dakota,L,Magenta,Winter,3.7,No,Express,No,No,1,Cash,Weekly,0,Medium Value,0.49875,Unsatisfied,Low Loyalty,Low Risk,Adult,Low,No
1800,32,Male,Hoodie,Clothing,48,California,M,Charcoal,Fall,3.9,No,Express,No,No,47,Venmo,Weekly,0,High Value,0.5891326530612244,Unsatisfied,High Loyalty,Low Risk,Adult,Low,Yes
1801,22,Male,Coat,Outerwear,58,Mississippi,XL,Indigo,Winter,2.7,No,Express,No,No,30,Credit Card,Weekly,0,Medium Value,0.5413010204081632,Unsatisfied,High Loyalty,Low Risk,Young Adult,Low,No
1802,33,Male,Sweater,Clothing,57,New Jersey,M,Turquoise,Spring,3.9,No,Express,No,No,48,Debit Card,Fortnightly,0,High Value,0.5958801020408163,Unsatisfied,High Loyalty,Low Risk,Adult,Low,Yes
1803,57,Male,Shorts,Clothing,96,Rhode Island,L,Turquoise,Winter,2.6,No,Store Pickup,No,No,31,Venmo,Bi-Weekly,0,High Value,0.7361734693877552,Unsatisfied,High Loyalty,Low Risk,Mature,Low,Yes
1804,60,Male,Sneakers,Footwear,97,New Hampshire,S,Gray,Summer,3.5,No,Free Shipping,No,No,33,Venmo,Fortnightly,0,High Value,0.7290433673469389,Unsatisfied,High Loyalty,Low Risk,Mature,Low,Yes
1805,30,Male,Sweater,Clothing,42,Louisiana,L,Peach,Winter,4.4,No,Next Day Air,No,No,39,Credit Card,Weekly,0,Medium Value,0.5064030612244897,Satisfied,High Loyalty,Low Risk,Adult,Low,No
1806,41,Male,T-shirt,Clothing,62,Arizona,L,Gold,Spring,4.9,No,Store Pickup,No,No,46,Debit Card,Weekly,0,High Value,0.6617602040816326,Satisfied,High Loyalty,Low Risk,Mature,Low,Yes
1807,58,Male,Handbag,Accessories,67,Rhode Island,M,Green,Fall,3.9,No,Standard,No,No,24,Venmo,Annually,0,Medium Value,0.4051913265306123,Unsatisfied,Medium Loyalty,Low Risk,Mature,Low,No
1808,34,Male,Sneakers,Footwear,46,Vermont,L,Gold,Summer,3.5,No,Standard,No,No,37,Venmo,Fortnightly,0,Medium Value,0.4666581632653061,Unsatisfied,High Loyalty,Low Risk,Adult,Low,No
1809,67,Male,Jacket,Outerwear,71,Tennessee,M,Lavender,Spring,4.3,No,Next Day Air,No,No,7,Debit Card,Monthly,0,Medium Value,0.3986096938775511,Satisfied,Low Loyalty,Low Risk,Mature,Low,No
1810,58,Male,Backpack,Accessories,99,Alaska,S,Blue,Fall,3.4,No,Free Shipping,No,No,6,Debit Card,Fortnightly,0,High Value,0.5749872448979592,Unsatisfied,Low Loyalty,Low Risk,Mature,Low,No
1811,41,Male,Jeans,Clothing,28,Maryland,M,Magenta,Fall,2.7,No,Standard,No,No,16,Cash,Bi-Weekly,0,Low Value,0.2618367346938776,Unsatisfied,Medium Loyalty,Low Risk,Mature,Low,No
1812,42,Male,Belt,Accessories,77,Wisconsin,L,Blue,Summer,3.6,No,Standard,No,No,33,Bank Transfer,Annually,0,Medium Value,0.5165433673469387,Unsatisfied,High Loyalty,Low Risk,Mature,Low,No
1813,50,Male,Boots,Footwear,63,Nevada,S,Blue,Summer,4.9,No,Express,No,No,18,PayPal,Bi-Weekly,0,Medium Value,0.47095663265306126,Satisfied,Medium Loyalty,Low Risk,Mature,Low,No
1814,40,Male,Shorts,Clothing,62,Illinois,M,Olive,Spring,3.5,No,Free Shipping,No,No,24,PayPal,Weekly,0,Medium Value,0.5270663265306121,Unsatisfied,Medium Loyalty,Low Risk,Adult,Low,No
1815,32,Male,Jeans,Clothing,92,Montana,M,White,Summer,3.8,No,Free Shipping,No,No,24,Cash,Quarterly,0,High Value,0.5708163265306123,Unsatisfied,Medium Loyalty,Low Risk,Adult,Low,No
1816,51,Male,Shoes,Footwear,72,New Mexico,L,White,Winter,4.5,No,2-Day Shipping,No,No,48,Credit Card,Every 3 Months,0,High Value,0.6302551020408164,Satisfied,High Loyalty,Low Risk,Mature,Low,Yes
1817,26,Male,Hat,Accessories,79,Virginia,M,Purple,Summer,4.0,No,Express,No,No,4,Cash,Weekly,0,Medium Value,0.5002423469387756,Satisfied,Low Loyalty,Low Risk,Adult,Low,No
1818,32,Male,T-shirt,Clothing,27,Delaware,M,White,Summer,4.7,No,Free Shipping,No,No,20,Cash,Weekly,0,Low Value,0.30570153061224487,Satisfied,Medium Loyalty,Low Risk,Adult,Low,No
1819,58,Male,Sunglasses,Accessories,39,North Carolina,M,White,Fall,3.8,No,Express,No,No,47,Debit Card,Every 3 Months,0,Medium Value,0.43850765306122447,Unsatisfied,High Loyalty,Low Risk,Mature,Low,No
1820,51,Male,Socks,Clothing,86,Nevada,S,Peach,Spring,4.5,No,Next Day Air,No,No,50,Cash,Quarterly,0,High Value,0.6962499999999999,Satisfied,High Loyalty,Low Risk,Mature,Low,Yes
1821,19,Male,Shirt,Clothing,94,Washington,XL,Gold,Fall,5.0,No,Express,No,No,31,PayPal,Monthly,0,High Value,0.674923469387755,Satisfied,High Loyalty,Low Risk,Young Adult,Low,Yes
1822,57,Male,Shorts,Clothing,53,Maine,M,Teal,Spring,2.8,No,Express,No,No,29,PayPal,Quarterly,0,Low Value,0.38205357142857144,Unsatisfied,High Loyalty,Low Risk,Mature,Low,No
1823,66,Male,Shirt,Clothing,85,Connecticut,S,Cyan,Summer,4.4,No,Standard,No,No,4,Cash,Annually,0,Low Value,0.38399234693877554,Satisfied,Low Loyalty,Low Risk,Mature,Low,No
1824,62,Male,Socks,Clothing,50,Louisiana,L,Pink,Fall,4.7,No,Free Shipping,No,No,40,Bank Transfer,Bi-Weekly,0,Medium Value,0.5325255102040816,Satisfied,High Loyalty,Low Risk,Mature,Low,No
1825,58,Male,Pants,Clothing,47,Illinois,XL,Magenta,Winter,3.8,No,Express,No,No,31,Cash,Monthly,0,Medium Value,0.4105484693877551,Unsatisfied,High Loyalty,Low Risk,Mature,Low,No
1826,23,Male,Boots,Footwear,75,South Dakota,M,Pink,Winter,4.9,No,Next Day Air,No,No,41,Credit Card,Weekly,0,High Value,0.7042729591836734,Satisfied,High Loyalty,Low Risk,Young Adult,Low,Yes
1827,45,Male,T-shirt,Clothing,60,Indiana,M,Turquoise,Winter,4.2,No,Express,No,No,44,Debit Card,Annually,0,Medium Value,0.4882653061224489,Satisfied,High Loyalty,Low Risk,Mature,Low,No
1828,20,Male,T-shirt,Clothing,36,Vermont,S,Pink,Spring,4.9,No,2-Day Shipping,No,No,31,Bank Transfer,Weekly,0,Medium Value,0.423673469387755,Satisfied,High Loyalty,Low Risk,Young Adult,Low,No
1829,33,Male,Coat,Outerwear,80,New Hampshire,L,Gray,Spring,3.9,No,Express,No,No,45,Cash,Every 3 Months,0,High Value,0.6568877551020409,Unsatisfied,High Loyalty,Low Risk,Adult,Low,Yes
1830,30,Male,Hat,Accessories,96,Oregon,M,White,Spring,4.9,No,2-Day Shipping,No,No,50,Credit Card,Quarterly,0,High Value,0.7525000000000001,Satisfied,High Loyalty,Low Risk,Adult,Low,Yes
1831,50,Male,Sunglasses,Accessories,80,Kansas,M,Blue,Winter,4.8,No,Express,No,No,7,Venmo,Annually,0,Low Value,0.37423469387755104,Satisfied,Low Loyalty,Low Risk,Mature,Low,No
1832,62,Male,Blouse,Clothing,71,Maine,M,Cyan,Summer,3.3,No,Free Shipping,No,No,5,Bank Transfer,Every 3 Months,0,Low Value,0.3613647959183674,Unsatisfied,Low Loyalty,Low Risk,Mature,Low,No
1833,69,Male,Jewelry,Accessories,29,Louisiana,M,Blue,Fall,4.6,No,Free Shipping,No,No,48,Cash,Monthly,0,Medium Value,0.4133801020408163,Satisfied,High Loyalty,Low Risk,Mature,Low,No
1834,34,Male,Jewelry,Accessories,53,Louisiana,M,Yellow,Spring,4.5,No,2-Day Shipping,No,No,19,PayPal,Fortnightly,0,Medium Value,0.39582908163265307,Satisfied,Medium Loyalty,Low Risk,Adult,Low,No
1835,49,Male,Skirt,Clothing,35,Indiana,M,Charcoal,Summer,4.1,No,2-Day Shipping,No,No,39,Venmo,Fortnightly,0,Medium Value,0.41702806122448977,Satisfied,High Loyalty,Low Risk,Mature,Low,No
1836,65,Male,Scarf,Accessories,75,Kentucky,M,Lavender,Fall,3.2,No,2-Day Shipping,No,No,45,Credit Card,Quarterly,0,High Value,0.6037627551020408,Unsatisfied,High Loyalty,Low Risk,Mature,Low,Yes
1837,66,Male,Pants,Clothing,52,South Carolina,M,Teal,Fall,4.2,No,2-Day Shipping,No,No,35,Credit Card,Monthly,0,Medium Value,0.46316326530612245,Satisfied,High Loyalty,Low Risk,Mature,Low,No
1838,41,Male,Hat,Accessories,77,Montana,M,Beige,Winter,4.8,No,Free Shipping,No,No,8,Venmo,Monthly,0,Medium Value,0.4384821428571429,Satisfied,Medium Loyalty,Low Risk,Mature,Low,No
1839,37,Male,Gloves,Accessories,24,Vermont,L,Blue,Fall,4.1,No,Next Day Air,No,No,11,Credit Card,Quarterly,0,Low Value,0.10872448979591837,Satisfied,Medium Loyalty,Low Risk,Adult,Low,No
1840,32,Male,Shirt,Clothing,78,Mississippi,XL,Purple,Winter,3.7,No,Store Pickup,No,No,32,Cash,Annually,0,Medium Value,0.5160459183673469,Unsatisfied,High Loyalty,Low Risk,Adult,Low,No
1841,42,Male,Sandals,Footwear,98,Wyoming,M,Gold,Winter,2.6,No,Store Pickup,No,No,46,Bank Transfer,Every 3 Months,0,High Value,0.7642602040816326,Unsatisfied,High Loyalty,Low Risk,Mature,Low,Yes
1842,31,Male,Socks,Clothing,57,Vermont,L,Blue,Winter,3.0,No,Standard,No,No,7,PayPal,Every 3 Months,0,Low Value,0.294859693877551,Unsatisfied,Low Loyalty,Low Risk,Adult,Low,No
1843,61,Male,Handbag,Accessories,78,Alabama,M,Black,Summer,4.4,No,Express,No,No,1,Debit Card,Annually,0,Low Value,0.32625000000000004,Satisfied,Low Loyalty,Low Risk,Mature,Low,No
1844,36,Male,Jacket,Outerwear,76,Kentucky,M,Charcoal,Fall,4.7,No,Next Day Air,No,No,32,Credit Card,Monthly,0,High Value,0.5797959183673469,Satisfied,High Loyalty,Low Risk,Adult,Low,Yes
1845,60,Male,Shorts,Clothing,26,South Dakota,M,Purple,Spring,2.7,No,2-Day Shipping,No,No,31,Credit Card,Annually,0,Low Value,0.21742346938775506,Unsatisfied,High Loyalty,Low Risk,Mature,Low,No
1846,51,Male,Sandals,Footwear,78,Delaware,M,Orange,Winter,2.8,No,2-Day Shipping,No,No,39,Bank Transfer,Quarterly,0,High Value,0.5839030612244899,Unsatisfied,High Loyalty,Low Risk,Mature,Low,Yes
1847,68,Male,Scarf,Accessories,53,Wisconsin,M,Yellow,Summer,2.9,No,Standard,No,No,9,Venmo,Quarterly,0,Low Value,0.25960459183673473,Unsatisfied,Medium Loyalty,Low Risk,Mature,Low,No
1848,46,Male,Sandals,Footwear,100,Arizona,XL,Cyan,Summer,4.4,No,Free Shipping,No,No,49,Credit Card,Weekly,0,High Value,0.893877551020408,Satisfied,High Loyalty,Low Risk,Mature,Low,Yes
1849,19,Male,Jeans,Clothing,73,Maine,XL,Yellow,Winter,2.7,No,Express,No,No,34,Cash,Every 3 Months,0,Medium Value,0.5501658163265306,Unsatisfied,High Loyalty,Low Risk,Young Adult,Low,No
1850,30,Male,Skirt,Clothing,40,New Mexico,M,Maroon,Winter,4.5,No,Store Pickup,No,No,35,Bank Transfer,Monthly,0,Medium Value,0.39566326530612245,Satisfied,High Loyalty,Low Risk,Adult,Low,No
1851,51,Male,Gloves,Accessories,76,Wyoming,S,Black,Winter,2.8,No,Store Pickup,No,No,50,Debit Card,Weekly,0,High Value,0.7649999999999999,Unsatisfied,High Loyalty,Low Risk,Mature,Low,Yes
1852,28,Male,Skirt,Clothing,80,Delaware,S,Lavender,Fall,3.1,No,Free Shipping,No,No,4,Bank Transfer,Fortnightly,0,Medium Value,0.4558673469387755,Unsatisfied,Low Loyalty,Low Risk,Adult,Low,No
1853,41,Male,Sweater,Clothing,80,Pennsylvania,XL,Violet,Winter,3.8,No,Store Pickup,No,No,32,Cash,Weekly,0,High Value,0.6772959183673468,Unsatisfied,High Loyalty,Low Risk,Mature,Low,Yes
1854,29,Male,Blouse,Clothing,67,North Dakota,XL,Olive,Spring,2.9,No,Express,No,No,11,PayPal,Fortnightly,0,Medium Value,0.4255994897959184,Unsatisfied,Medium Loyalty,Low Risk,Adult,Low,No
1855,25,Male,Sweater,Clothing,61,Kentucky,M,Teal,Spring,3.8,No,Express,No,No,49,Credit Card,Annually,0,Medium Value,0.5245025510204082,Unsatisfied,High Loyalty,Low Risk,Young Adult,Low,No
1856,60,Male,Shirt,Clothing,76,Rhode Island,XL,Teal,Spring,4.7,No,Standard,No,No,9,Cash,Annually,0,Low Value,0.36397959183673473,Satisfied,Medium Loyalty,Low Risk,Mature,Low,No
1857,63,Male,Jewelry,Accessories,55,Arizona,XL,Beige,Summer,3.2,No,Free Shipping,No,No,30,PayPal,Bi-Weekly,0,Medium Value,0.4994260204081632,Unsatisfied,High Loyalty,Low Risk,Mature,Low,No
1858,51,Male,T-shirt,Clothing,85,Colorado,L,Maroon,Summer,4.0,No,Next Day Air,No,No,33,Cash,Monthly,0,High Value,0.6365433673469387,Satisfied,High Loyalty,Low Risk,Mature,Low,Yes
1859,22,Male,Scarf,Accessories,69,Maine,S,Peach,Spring,4.9,No,2-Day Shipping,No,No,8,Debit Card,Annually,0,Low Value,0.3184821428571429,Satisfied,Medium Loyalty,Low Risk,Young Adult,Low,No
1860,54,Male,Belt,Accessories,26,New Jersey,L,Beige,Summer,3.7,No,Store Pickup,No,No,29,Debit Card,Fortnightly,0,Low Value,0.3051785714285714,Unsatisfied,High Loyalty,Low Risk,Mature,Low,No
1861,18,Male,T-shirt,Clothing,64,Kansas,M,Silver,Summer,4.8,No,Next Day Air,No,No,4,Credit Card,Monthly,0,Low Value,0.3408673469387756,Satisfied,Low Loyalty,Low Risk,Young Adult,Low,No
1862,29,Male,Sneakers,Footwear,60,South Dakota,S,Peach,Fall,3.6,No,Standard,No,No,19,Debit Card,Monthly,0,Medium Value,0.41020408163265304,Unsatisfied,Medium Loyalty,Low Risk,Adult,Low,No
1863,59,Male,Gloves,Accessories,36,New Hampshire,M,Turquoise,Winter,4.6,No,Express,No,No,10,PayPal,Fortnightly,0,Low Value,0.24510204081632653,Satisfied,Medium Loyalty,Low Risk,Mature,Low,No
1864,25,Male,Sandals,Footwear,21,Connecticut,L,Orange,Spring,4.3,No,2-Day Shipping,No,No,39,Debit Card,Monthly,0,Low Value,0.31327806122448976,Satisfied,High Loyalty,Low Risk,Young Adult,Low,No
1865,19,Male,Backpack,Accessories,72,Wyoming,S,Cyan,Fall,3.2,No,2-Day Shipping,No,No,21,Venmo,Quarterly,0,Medium Value,0.43994897959183676,Unsatisfied,Medium Loyalty,Low Risk,Young Adult,Low,No
1866,56,Male,Pants,Clothing,62,Missouri,S,Silver,Summer,3.8,No,Store Pickup,No,No,12,Bank Transfer,Monthly,0,Low Value,0.3785969387755102,Unsatisfied,Medium Loyalty,Low Risk,Mature,Low,No
1867,31,Male,T-shirt,Clothing,44,Alaska,XL,Gold,Winter,4.2,No,Standard,No,No,9,Credit Card,Fortnightly,0,Low Value,0.2839795918367347,Satisfied,Medium Loyalty,Low Risk,Adult,Low,No
1868,45,Male,Skirt,Clothing,52,Delaware,M,Brown,Fall,3.4,No,2-Day Shipping,No,No,20,Venmo,Quarterly,0,Low Value,0.3213265306122449,Unsatisfied,Medium Loyalty,Low Risk,Mature,Low,No
1869,23,Male,Gloves,Accessories,58,Indiana,M,Silver,Spring,4.7,No,Next Day Air,No,No,44,Cash,Fortnightly,0,High Value,0.577015306122449,Satisfied,High Loyalty,Low Risk,Young Adult,Low,Yes
1870,18,Male,Blouse,Clothing,77,West Virginia,S,Beige,Spring,3.9,No,2-Day Shipping,No,No,16,Debit Card,Every 3 Months,0,Medium Value,0.4624617346938775,Unsatisfied,Medium Loyalty,Low Risk,Young Adult,Low,No
1871,43,Male,Blouse,Clothing,99,Wyoming,L,Violet,Spring,4.3,No,Store Pickup,No,No,27,Debit Card,Fortnightly,0,High Value,0.7035586734693877,Satisfied,High Loyalty,Low Risk,Mature,Low,Yes
1872,56,Male,Jeans,Clothing,96,Illinois,XL,Violet,Fall,2.7,No,Standard,No,No,14,Cash,Every 3 Months,0,High Value,0.557091836734694,Unsatisfied,Medium Loyalty,Low Risk,Mature,Low,No
1873,43,Male,T-shirt,Clothing,64,Alaska,M,Lavender,Summer,4.6,No,Standard,No,No,24,Credit Card,Monthly,0,Medium Value,0.4633163265306123,Satisfied,Medium Loyalty,Low Risk,Mature,Low,No
1874,64,Male,Sweater,Clothing,44,Wisconsin,XL,Red,Fall,2.9,No,Express,No,No,49,Bank Transfer,Weekly,0,High Value,0.578877551020408,Unsatisfied,High Loyalty,Low Risk,Mature,Low,Yes
1875,67,Male,Pants,Clothing,33,Indiana,L,Purple,Fall,3.6,No,Free Shipping,No,No,14,Cash,Weekly,0,Low Value,0.30271683673469385,Unsatisfied,Medium Loyalty,Low Risk,Mature,Low,No
1876,63,Male,Boots,Footwear,71,Tennessee,M,Brown,Winter,3.9,No,Next Day Air,No,No,6,Credit Card,Quarterly,0,Low Value,0.34248724489795923,Unsatisfied,Low Loyalty,Low Risk,Mature,Low,No
1877,54,Male,Skirt,Clothing,36,Illinois,M,Gray,Fall,2.6,No,Standard,No,No,20,Venmo,Quarterly,0,Low Value,0.23132653061224487,Unsatisfied,Medium Loyalty,Low Risk,Mature,Low,No
1878,69,Male,Gloves,Accessories,62,Pennsylvania,L,Pink,Fall,3.6,No,Express,No,No,3,Credit Card,Annually,0,Low Value,0.2484948979591837,Unsatisfied,Low Loyalty,Low Risk,Mature,Low,No
1879,34,Male,Socks,Clothing,29,Oklahoma,L,Magenta,Summer,3.4,No,Store Pickup,No,No,5,Credit Card,Monthly,0,Low Value,0.15011479591836735,Unsatisfied,Low Loyalty,Low Risk,Adult,Low,No
1880,56,Male,T-shirt,Clothing,33,Tennessee,L,Charcoal,Spring,3.5,No,Express,No,No,46,Cash,Bi-Weekly,0,Medium Value,0.4736352040816326,Unsatisfied,High Loyalty,Low Risk,Mature,Low,No
1881,34,Male,Blouse,Clothing,33,New Jersey,L,Yellow,Fall,3.1,No,2-Day Shipping,No,No,8,Debit Card,Monthly,0,Low Value,0.19098214285714288,Unsatisfied,Medium Loyalty,Low Risk,Adult,Low,No
1882,58,Male,Blouse,Clothing,41,New Jersey,M,Red,Winter,4.3,No,Standard,No,No,13,Cash,Bi-Weekly,0,Low Value,0.31659438775510207,Satisfied,Medium Loyalty,Low Risk,Mature,Low,No
1883,44,Male,Scarf,Accessories,54,Tennessee,L,Blue,Winter,5.0,No,Store Pickup,No,No,25,Bank Transfer,Quarterly,0,Low Value,0.3631887755102041,Satisfied,Medium Loyalty,Low Risk,Mature,Low,No
1884,25,Male,Backpack,Accessories,58,Georgia,M,Cyan,Spring,4.9,No,Store Pickup,No,No,39,Debit Card,Fortnightly,0,Medium Value,0.5464030612244898,Satisfied,High Loyalty,Low Risk,Young Adult,Low,No
1885,27,Male,Shorts,Clothing,30,Arizona,S,Pink,Summer,4.3,No,Next Day Air,No,No,15,Bank Transfer,Bi-Weekly,0,Low Value,0.26696428571428565,Satisfied,Medium Loyalty,Low Risk,Adult,Low,No
1886,26,Male,Jewelry,Accessories,53,Nevada,S,Maroon,Winter,4.4,No,Standard,No,No,35,Cash,Monthly,0,Medium Value,0.46878826530612244,Satisfied,High Loyalty,Low Risk,Adult,Low,No
1887,18,Male,Gloves,Accessories,91,Arkansas,L,Beige,Spring,4.4,No,Next Day Air,No,No,46,Cash,Bi-Weekly,0,High Value,0.7998852040816327,Satisfied,High Loyalty,Low Risk,Young Adult,Low,Yes
1888,64,Male,Hoodie,Clothing,44,North Dakota,XL,Gold,Fall,3.5,No,Express,No,No,3,PayPal,Monthly,0,Low Value,0.22224489795918373,Unsatisfied,Low Loyalty,Low Risk,Mature,Low,No
1889,62,Male,Hoodie,Clothing,89,South Dakota,XL,Turquoise,Winter,3.4,No,Free Shipping,No,No,48,Credit Card,Weekly,0,High Value,0.8258801020408162,Unsatisfied,High Loyalty,Low Risk,Mature,Low,Yes
1890,59,Male,Skirt,Clothing,57,North Carolina,L,Peach,Spring,2.5,No,Next Day Air,No,No,27,Bank Transfer,Weekly,0,Medium Value,0.5173086734693877,Unsatisfied,High Loyalty,Low Risk,Mature,Low,No
1891,36,Male,Sunglasses,Accessories,57,Hawaii,M,Lavender,Spring,3.4,No,Store Pickup,No,No,5,Credit Card,Weekly,0,Low Value,0.38261479591836733,Unsatisfied,Low Loyalty,Low Risk,Adult,Low,No
1892,69,Male,Jewelry,Accessories,74,New Hampshire,M,Gray,Summer,2.6,No,Next Day Air,No,No,48,Debit Card,Quarterly,0,High Value,0.6165051020408163,Unsatisfied,High Loyalty,Low Risk,Mature,Low,Yes
1893,39,Male,Jacket,Outerwear,30,California,M,Blue,Fall,4.6,No,2-Day Shipping,No,No,12,Venmo,Weekly,0,Low Value,0.27359693877551017,Satisfied,Medium Loyalty,Low Risk,Adult,Low,No
1894,28,Male,Dress,Clothing,20,Delaware,L,Red,Summer,3.7,No,Express,No,No,10,PayPal,Fortnightly,0,Low Value,0.1551020408163265,Unsatisfied,Medium Loyalty,Low Risk,Adult,Low,No
1895,42,Male,Hoodie,Clothing,90,Arizona,M,Purple,Fall,2.5,No,Free Shipping,No,No,48,Debit Card,Bi-Weekly,0,High Value,0.8065051020408163,Unsatisfied,High Loyalty,Low Risk,Mature,Low,Yes
1896,31,Male,Jeans,Clothing,61,Washington,L,Indigo,Fall,4.5,No,Express,No,No,3,Debit Card,Monthly,0,Low Value,0.3178698979591837,Satisfied,Low Loyalty,Low Risk,Adult,Low,No
1897,57,Male,Sandals,Footwear,51,Nevada,M,Gold,Fall,2.9,No,Standard,No,No,19,Venmo,Monthly,0,Low Value,0.3595790816326531,Unsatisfied,Medium Loyalty,Low Risk,Mature,Low,No
1898,53,Male,Sunglasses,Accessories,97,Alaska,L,Teal,Winter,2.9,No,Free Shipping,No,No,11,Debit Card,Fortnightly,0,High Value,0.5943494897959185,Unsatisfied,Medium Loyalty,Low Risk,Mature,Low,No
1899,59,Male,Pants,Clothing,97,Texas,L,Magenta,Fall,3.5,No,Next Day Air,No,No,25,Venmo,Monthly,0,High Value,0.6550637755102041,Unsatisfied,Medium Loyalty,Low Risk,Mature,Low,No
1900,32,Male,Shorts,Clothing,40,New York,L,Maroon,Winter,4.2,No,Store Pickup,No,No,42,PayPal,Weekly,0,Medium Value,0.5135204081632652,Satisfied,High Loyalty,Low Risk,Adult,Low,No
1901,65,Male,Jewelry,Accessories,85,Iowa,S,Blue,Summer,3.3,No,Free Shipping,No,No,34,Cash,Quarterly,0,High Value,0.5926658163265307,Unsatisfied,High Loyalty,Low Risk,Mature,Low,Yes
1902,56,Male,Socks,Clothing,76,Arizona,S,Beige,Winter,3.9,No,Store Pickup,No,No,50,Cash,Quarterly,0,High Value,0.64,Unsatisfied,High Loyalty,Low Risk,Mature,Low,Yes
1903,31,Male,Sandals,Footwear,22,New Mexico,S,Olive,Spring,5.0,No,Store Pickup,No,No,21,Venmo,Monthly,0,Low Value,0.20869897959183675,Satisfied,Medium Loyalty,Low Risk,Adult,Low,No
1904,59,Male,Pants,Clothing,63,North Carolina,M,Gold,Summer,3.3,No,Standard,No,No,37,Bank Transfer,Weekly,0,High Value,0.6122831632653061,Unsatisfied,High Loyalty,Low Risk,Mature,Low,Yes
1905,22,Male,T-shirt,Clothing,71,Nevada,S,Silver,Spring,4.2,No,Free Shipping,No,No,46,Cash,Monthly,0,High Value,0.6373852040816326,Satisfied,High Loyalty,Low Risk,Young Adult,Low,Yes
1906,47,Male,Boots,Footwear,35,Idaho,M,Teal,Summer,4.9,No,2-Day Shipping,No,No,14,Bank Transfer,Fortnightly,0,Low Value,0.26396683673469384,Satisfied,Medium Loyalty,Low Risk,Mature,Low,No
1907,23,Male,Backpack,Accessories,30,Vermont,M,Green,Spring,4.6,No,2-Day Shipping,No,No,24,PayPal,Fortnightly,0,Low Value,0.2970663265306122,Satisfied,Medium Loyalty,Low Risk,Young Adult,Low,No
1908,69,Male,Skirt,Clothing,74,New Mexico,L,Orange,Fall,4.8,No,Store Pickup,No,No,36,Credit Card,Every 3 Months,0,High Value,0.5680357142857143,Satisfied,High Loyalty,Low Risk,Mature,Low,Yes
1909,18,Male,Scarf,Accessories,71,Georgia,XL,Charcoal,Winter,2.7,No,Next Day Air,No,No,19,Debit Card,Bi-Weekly,0,Medium Value,0.522079081632653,Unsatisfied,Medium Loyalty,Low Risk,Young Adult,Low,No
1910,50,Male,Sweater,Clothing,84,Kentucky,S,Black,Spring,4.3,No,Store Pickup,No,No,12,Credit Card,Monthly,0,Medium Value,0.5023469387755102,Satisfied,Medium Loyalty,Low Risk,Mature,Low,No
1911,29,Male,Sandals,Footwear,38,New York,S,Yellow,Fall,3.8,No,Express,No,No,13,Debit Card,Quarterly,0,Low Value,0.19971938775510203,Unsatisfied,Medium Loyalty,Low Risk,Adult,Low,No
1912,65,Male,Jewelry,Accessories,81,Arizona,M,Gray,Spring,4.9,No,Express,No,No,32,Debit Card,Bi-Weekly,0,High Value,0.6579209183673469,Satisfied,High Loyalty,Low Risk,Mature,Low,Yes
1913,29,Male,Sweater,Clothing,56,Colorado,S,Charcoal,Winter,3.4,No,2-Day Shipping,No,No,5,Credit Card,Bi-Weekly,0,Low Value,0.3519897959183674,Unsatisfied,Low Loyalty,Low Risk,Adult,Low,No
1914,49,Male,Skirt,Clothing,48,Kentucky,M,Peach,Winter,3.6,No,Express,No,No,29,Cash,Annually,0,Low Value,0.32892857142857146,Unsatisfied,High Loyalty,Low Risk,Mature,Low,No
1915,28,Male,Shorts,Clothing,97,Alaska,L,Green,Fall,3.4,No,Standard,No,No,40,Credit Card,Fortnightly,0,High Value,0.7719005102040817,Unsatisfied,High Loyalty,Low Risk,Adult,Low,Yes
1916,51,Male,Backpack,Accessories,74,Alabama,M,Magenta,Fall,4.7,No,2-Day Shipping,No,No,44,Cash,Weekly,0,High Value,0.7170153061224489,Satisfied,High Loyalty,Low Risk,Mature,Low,Yes
1917,26,Male,Hoodie,Clothing,50,Connecticut,S,Beige,Winter,3.0,No,Next Day Air,No,No,3,Debit Card,Bi-Weekly,0,Low Value,0.30599489795918366,Unsatisfied,Low Loyalty,Low Risk,Adult,Low,No
1918,38,Male,Skirt,Clothing,71,Hawaii,L,Black,Winter,3.4,No,Free Shipping,No,No,35,PayPal,Bi-Weekly,0,High Value,0.6200382653061225,Unsatisfied,High Loyalty,Low Risk,Adult,Low,Yes
1919,35,Male,Skirt,Clothing,33,Idaho,S,Purple,Summer,4.6,No,Standard,No,No,33,Debit Card,Monthly,0,Low Value,0.3440433673469388,Satisfied,High Loyalty,Low Risk,Adult,Low,No
1920,34,Male,Backpack,Accessories,56,Virginia,M,Olive,Summer,3.1,No,Express,No,No,20,PayPal,Bi-Weekly,0,Medium Value,0.4438265306122449,Unsatisfied,Medium Loyalty,Low Risk,Adult,Low,No
1921,51,Male,Blouse,Clothing,84,Connecticut,M,Purple,Spring,2.8,No,Standard,No,No,40,Cash,Every 3 Months,0,High Value,0.6487755102040816,Unsatisfied,High Loyalty,Low Risk,Mature,Low,Yes
1922,47,Male,Shirt,Clothing,36,Michigan,M,Green,Fall,3.5,No,Store Pickup,No,No,13,Venmo,Annually,0,Low Value,0.16346938775510206,Unsatisfied,Medium Loyalty,Low Risk,Mature,Low,No
1923,18,Male,Gloves,Accessories,63,Kentucky,S,Peach,Summer,4.6,No,Standard,No,No,9,PayPal,Monthly,0,Low Value,0.36585459183673474,Satisfied,Medium Loyalty,Low Risk,Young Adult,Low,No
1924,64,Male,Sandals,Footwear,36,Nebraska,XL,Blue,Summer,4.3,No,Standard,No,No,7,Cash,Annually,0,Low Value,0.12673469387755104,Satisfied,Low Loyalty,Low Risk,Mature,Low,No
1925,30,Male,Jacket,Outerwear,63,Michigan,M,Gray,Fall,4.8,No,Free Shipping,No,No,42,PayPal,Quarterly,0,Medium Value,0.5178954081632653,Satisfied,High Loyalty,Low Risk,Adult,Low,No
1926,59,Male,Sneakers,Footwear,32,Utah,L,Black,Winter,2.9,No,Express,No,No,44,Credit Card,Fortnightly,0,Medium Value,0.4307653061224489,Unsatisfied,High Loyalty,Low Risk,Mature,Low,No
1927,66,Male,Backpack,Accessories,93,New Mexico,M,Silver,Spring,3.0,No,Express,No,No,6,PayPal,Annually,0,Medium Value,0.44123724489795924,Unsatisfied,Low Loyalty,Low Risk,Mature,Low,No
1928,40,Male,Pants,Clothing,29,Florida,M,Pink,Summer,2.9,No,Standard,No,No,8,Cash,Every 3 Months,0,Low Value,0.1434821428571429,Unsatisfied,Medium Loyalty,Low Risk,Adult,Low,No
1929,25,Male,Sunglasses,Accessories,92,Mississippi,S,Lavender,Summer,3.7,No,Standard,No,No,10,PayPal,Weekly,0,High Value,0.6101020408163266,Unsatisfied,Medium Loyalty,Low Risk,Young Adult,Low,No
1930,59,Male,Jeans,Clothing,33,Hawaii,L,Brown,Fall,4.7,No,Standard,No,No,46,Venmo,Quarterly,0,Low Value,0.37363520408163264,Satisfied,High Loyalty,Low Risk,Mature,Low,No
1931,66,Male,Pants,Clothing,52,North Carolina,L,Turquoise,Spring,3.5,No,Store Pickup,No,No,26,Cash,Weekly,0,Medium Value,0.4830612244897959,Unsatisfied,High Loyalty,Low Risk,Mature,Low,No
1932,54,Male,Jewelry,Accessories,42,Illinois,S,Olive,Spring,2.7,No,Store Pickup,No,No,6,Debit Card,Every 3 Months,0,Low Value,0.20436224489795918,Unsatisfied,Low Loyalty,Low Risk,Mature,Low,No
1933,42,Male,Hoodie,Clothing,36,Maryland,M,White,Spring,5.0,No,Free Shipping,No,No,47,Credit Card,Every 3 Months,0,Medium Value,0.4216326530612245,Satisfied,High Loyalty,Low Risk,Mature,Low,No
1934,48,Male,Sandals,Footwear,67,Montana,L,Violet,Summer,4.1,No,Next Day Air,No,No,28,Venmo,Annually,0,Medium Value,0.4296811224489796,Satisfied,High Loyalty,Low Risk,Mature,Low,No
1935,34,Male,Jacket,Outerwear,43,Michigan,L,Gold,Winter,2.7,No,Free Shipping,No,No,23,Bank Transfer,Annually,0,Low Value,0.2640688775510204,Unsatisfied,Medium Loyalty,Low Risk,Adult,Low,No
1936,19,Male,Blouse,Clothing,68,North Carolina,XL,Violet,Spring,4.8,No,Free Shipping,No,No,45,Cash,Fortnightly,0,High Value,0.6393877551020408,Satisfied,High Loyalty,Low Risk,Young Adult,Low,Yes
1937,70,Male,Jewelry,Accessories,60,Minnesota,S,Teal,Summer,4.3,No,2-Day Shipping,No,No,44,PayPal,Every 3 Months,0,Medium Value,0.5382653061224489,Satisfied,High Loyalty,Low Risk,Mature,Low,No
1938,43,Male,Socks,Clothing,53,Delaware,M,Olive,Summer,4.5,No,2-Day Shipping,No,No,11,Bank Transfer,Monthly,0,Low Value,0.3218494897959184,Satisfied,Medium Loyalty,Low Risk,Mature,Low,No
1939,46,Male,Jeans,Clothing,23,Kentucky,L,Blue,Spring,3.8,No,Standard,No,No,39,Debit Card,Bi-Weekly,0,Low Value,0.3745280612244898,Unsatisfied,High Loyalty,Low Risk,Mature,Low,No
1940,66,Male,Gloves,Accessories,57,Ohio,L,Magenta,Winter,3.7,No,Store Pickup,No,No,20,PayPal,Every 3 Months,0,Low Value,0.37445153061224484,Unsatisfied,Medium Loyalty,Low Risk,Mature,Low,No
1941,50,Male,Hat,Accessories,89,Alaska,L,Gray,Fall,3.9,No,2-Day Shipping,No,No,48,PayPal,Fortnightly,0,High Value,0.7758801020408163,Unsatisfied,High Loyalty,Low Risk,Mature,Low,Yes
1942,55,Male,Shoes,Footwear,99,Vermont,XL,Peach,Winter,3.3,No,Standard,No,No,46,Credit Card,Quarterly,0,High Value,0.7448852040816326,Unsatisfied,High Loyalty,Low Risk,Mature,Low,Yes
1943,63,Male,Pants,Clothing,28,Alabama,M,Cyan,Fall,3.4,No,Express,No,No,22,PayPal,Monthly,0,Low Value,0.24857142857142855,Unsatisfied,Medium Loyalty,Low Risk,Mature,Low,No
1944,32,Male,Socks,Clothing,53,Wisconsin,L,Violet,Summer,3.8,No,Next Day Air,No,No,45,Cash,Annually,0,Medium Value,0.4550127551020408,Unsatisfied,High Loyalty,Low Risk,Adult,Low,No
1945,30,Male,Hoodie,Clothing,45,Arkansas,M,Gold,Winter,2.7,No,Free Shipping,No,No,49,Cash,Every 3 Months,0,Medium Value,0.4845025510204081,Unsatisfied,High Loyalty,Low Risk,Adult,Low,No
1946,35,Male,Hoodie,Clothing,38,Georgia,M,Gold,Winter,2.9,No,2-Day Shipping,No,No,9,Credit Card,Every 3 Months,0,Low Value,0.20022959183673472,Unsatisfied,Medium Loyalty,Low Risk,Adult,Low,No
1947,59,Male,Pants,Clothing,49,Louisiana,M,White,Summer,4.5,No,Standard,No,No,41,Credit Card,Quarterly,0,Medium Value,0.4330229591836735,Satisfied,High Loyalty,Low Risk,Mature,Low,No
1948,59,Male,Shirt,Clothing,32,New York,M,Gray,Summer,2.6,No,Store Pickup,No,No,2,PayPal,Monthly,0,Low Value,0.14862244897959187,Unsatisfied,Low Loyalty,Low Risk,Mature,Low,No
1949,54,Male,T-shirt,Clothing,37,Connecticut,L,Brown,Winter,3.1,No,Next Day Air,No,No,39,PayPal,Bi-Weekly,0,Medium Value,0.45327806122448977,Unsatisfied,High Loyalty,Low Risk,Mature,Low,No
1950,63,Male,Dress,Clothing,80,Nebraska,L,Gray,Winter,4.7,No,Store Pickup,No,No,12,PayPal,Quarterly,0,Medium Value,0.4298469387755103,Satisfied,Medium Loyalty,Low Risk,Mature,Low,No
1951,43,Male,Backpack,Accessories,78,Arkansas,L,Blue,Summer,4.6,No,Free Shipping,No,No,26,PayPal,Every 3 Months,0,Medium Value,0.529311224489796,Satisfied,High Loyalty,Low Risk,Mature,Low,No
1952,33,Male,Gloves,Accessories,53,Connecticut,L,Gold,Summer,2.7,No,Next Day Air,No,No,32,Bank Transfer,Bi-Weekly,0,Medium Value,0.5004209183673469,Unsatisfied,High Loyalty,Low Risk,Adult,Low,No
1953,57,Male,Shoes,Footwear,82,Maryland,L,Yellow,Summer,4.6,No,2-Day Shipping,No,No,50,Cash,Bi-Weekly,0,High Value,0.77375,Satisfied,High Loyalty,Low Risk,Mature,Low,Yes
1954,25,Male,Skirt,Clothing,33,Colorado,XL,Green,Spring,4.8,No,Standard,No,No,3,PayPal,Fortnightly,0,Low Value,0.18536989795918368,Satisfied,Low Loyalty,Low Risk,Young Adult,Low,No
1955,26,Male,Gloves,Accessories,77,Colorado,M,Pink,Winter,4.2,No,Free Shipping,No,No,3,Venmo,Quarterly,0,Low Value,0.35786989795918367,Satisfied,Low Loyalty,Low Risk,Adult,Low,No
1956,50,Male,Hoodie,Clothing,56,Maine,M,Pink,Winter,4.9,No,Express,No,No,37,Cash,Monthly,0,Medium Value,0.4979081632653061,Satisfied,High Loyalty,Low Risk,Mature,Low,No
1957,70,Male,Socks,Clothing,37,Oklahoma,M,Pink,Winter,4.9,No,Express,No,No,20,Credit Card,Fortnightly,0,Low Value,0.3119515306122449,Satisfied,Medium Loyalty,Low Risk,Mature,Low,No
1958,68,Male,Gloves,Accessories,54,South Carolina,M,Cyan,Spring,4.5,No,Store Pickup,No,No,26,Cash,Bi-Weekly,0,Medium Value,0.4693112244897959,Satisfied,High Loyalty,Low Risk,Mature,Low,No
1959,39,Male,Shorts,Clothing,67,Nevada,M,Gray,Winter,2.7,No,Store Pickup,No,No,47,Cash,Quarterly,0,High Value,0.5710076530612246,Unsatisfied,High Loyalty,Low Risk,Adult,Low,Yes
1960,46,Male,Shoes,Footwear,90,Colorado,M,White,Fall,3.1,No,Store Pickup,No,No,7,Credit Card,Every 3 Months,0,Medium Value,0.480484693877551,Unsatisfied,Low Loyalty,Low Risk,Mature,Low,No
1961,57,Male,Jeans,Clothing,72,Massachusetts,L,Red,Summer,3.3,No,2-Day Shipping,No,No,40,Credit Card,Annually,0,Medium Value,0.5312755102040816,Unsatisfied,High Loyalty,Low Risk,Mature,Low,No
1962,47,Male,Boots,Footwear,59,Nevada,L,Black,Summer,2.6,No,Free Shipping,No,No,45,Debit Card,Quarterly,0,Medium Value,0.5137627551020408,Unsatisfied,High Loyalty,Low Risk,Mature,Low,No
1963,40,Male,Hat,Accessories,45,Iowa,M,Silver,Fall,4.4,No,Standard,No,No,20,PayPal,Fortnightly,0,Low Value,0.3569515306122448,Satisfied,Medium Loyalty,Low Risk,Adult,Low,No
1964,52,Male,Shorts,Clothing,30,Michigan,L,Pink,Spring,3.9,No,Standard,No,No,11,Credit Card,Weekly,0,Low Value,0.2674744897959183,Unsatisfied,Medium Loyalty,Low Risk,Mature,Low,No
1965,40,Male,Pants,Clothing,51,West Virginia,S,Cyan,Summer,4.6,No,Express,No,No,50,Debit Card,Monthly,0,Medium Value,0.549375,Satisfied,High Loyalty,Low Risk,Adult,Low,No
1966,67,Male,Sweater,Clothing,90,Indiana,M,White,Fall,4.9,No,Express,No,No,25,Debit Card,Quarterly,0,High Value,0.5656887755102041,Satisfied,Medium Loyalty,Low Risk,Mature,Low,No
1967,67,Male,Jacket,Outerwear,95,Indiana,XL,Purple,Winter,3.7,No,Express,No,No,5,Credit Card,Fortnightly,0,Medium Value,0.5463647959183674,Unsatisfied,Low Loyalty,Low Risk,Mature,Low,No
1968,37,Male,Dress,Clothing,81,Georgia,L,Yellow,Fall,3.7,No,Standard,No,No,4,Venmo,Annually,0,Low Value,0.3614923469387755,Unsatisfied,Low Loyalty,Low Risk,Adult,Low,No
1969,67,Male,Shirt,Clothing,70,Minnesota,S,Blue,Spring,4.2,No,Standard,No,No,25,Credit Card,Weekly,0,High Value,0.578188775510204,Satisfied,Medium Loyalty,Low Risk,Mature,Low,No
1970,64,Male,Dress,Clothing,32,Louisiana,S,Cyan,Winter,3.5,No,Next Day Air,No,No,11,Bank Transfer,Fortnightly,0,Low Value,0.22872448979591836,Unsatisfied,Medium Loyalty,Low Risk,Mature,Low,No
1971,28,Male,Belt,Accessories,94,Maryland,M,Indigo,Spring,2.9,No,Next Day Air,No,No,4,Credit Card,Bi-Weekly,0,High Value,0.5596173469387755,Unsatisfied,Low Loyalty,Low Risk,Adult,Low,No
1972,54,Male,Hat,Accessories,29,Pennsylvania,XL,Indigo,Spring,3.4,No,Next Day Air,No,No,1,Venmo,Monthly,0,Low Value,0.12562500000000001,Unsatisfied,Low Loyalty,Low Risk,Mature,Low,No
1973,54,Male,Backpack,Accessories,31,Louisiana,M,Silver,Summer,3.3,No,Express,No,No,48,PayPal,Every 3 Months,0,Medium Value,0.3996301020408163,Unsatisfied,High Loyalty,Low Risk,Mature,Low,No
1974,24,Male,Skirt,Clothing,20,Maryland,XL,Red,Fall,4.5,No,Standard,No,No,9,Venmo,Every 3 Months,0,Low Value,0.09897959183673469,Satisfied,Medium Loyalty,Low Risk,Young Adult,Low,No
1975,27,Male,Gloves,Accessories,44,Tennessee,M,Peach,Winter,4.6,No,2-Day Shipping,No,No,2,PayPal,Fortnightly,0,Low Value,0.24112244897959184,Satisfied,Low Loyalty,Low Risk,Adult,Low,No
1976,53,Male,Jacket,Outerwear,77,Illinois,L,Turquoise,Fall,2.9,No,Express,No,No,4,Cash,Quarterly,0,Low Value,0.3639923469387755,Unsatisfied,Low Loyalty,Low Risk,Mature,Low,No
1977,32,Male,Handbag,Accessories,51,Wyoming,M,Pink,Spring,3.2,No,Next Day Air,No,No,43,PayPal,Fortnightly,0,Medium Value,0.5315178571428572,Unsatisfied,High Loyalty,Low Risk,Adult,Low,No
1978,24,Male,Sandals,Footwear,49,Florida,M,Teal,Summer,2.6,No,Free Shipping,No,No,32,Bank Transfer,Annually,0,Low Value,0.35292091836734696,Unsatisfied,High Loyalty,Low Risk,Young Adult,Low,No
1979,45,Male,Sunglasses,Accessories,78,Massachusetts,L,Magenta,Spring,3.8,No,Store Pickup,No,No,1,Cash,Quarterly,0,Low Value,0.35125000000000006,Unsatisfied,Low Loyalty,Low Risk,Mature,Low,No
1980,49,Male,Jeans,Clothing,98,Tennessee,L,Blue,Spring,2.8,No,Store Pickup,No,No,38,Debit Card,Fortnightly,0,High Value,0.765280612244898,Unsatisfied,High Loyalty,Low Risk,Mature,Low,Yes
1981,51,Male,Sandals,Footwear,94,Iowa,M,Green,Winter,4.4,No,Store Pickup,No,No,25,PayPal,Fortnightly,0,High Value,0.663188775510204,Satisfied,Medium Loyalty,Low Risk,Mature,Low,No
1982,69,Male,Shoes,Footwear,91,Michigan,L,Violet,Summer,4.7,No,Express,No,No,42,PayPal,Quarterly,0,High Value,0.6753954081632653,Satisfied,High Loyalty,Low Risk,Mature,Low,Yes
1983,41,Male,Sunglasses,Accessories,77,Kansas,M,Turquoise,Summer,2.7,No,2-Day Shipping,No,No,32,PayPal,Monthly,0,High Value,0.5854209183673469,Unsatisfied,High Loyalty,Low Risk,Mature,Low,Yes
1984,59,Male,Scarf,Accessories,97,Georgia,M,Pink,Summer,2.6,No,Next Day Air,No,No,21,Debit Card,Quarterly,0,High Value,0.5805739795918369,Unsatisfied,Medium Loyalty,Low Risk,Mature,Low,No
1985,26,Male,Skirt,Clothing,58,West Virginia,M,Black,Summer,3.4,No,2-Day Shipping,No,No,26,PayPal,Fortnightly,0,Medium Value,0.46681122448979595,Unsatisfied,High Loyalty,Low Risk,Adult,Low,No
1986,23,Male,Gloves,Accessories,97,Tennessee,M,Gold,Spring,3.9,No,2-Day Shipping,No,No,6,Credit Card,Fortnightly,0,High Value,0.5637372448979593,Unsatisfied,Low Loyalty,Low Risk,Young Adult,Low,No
1987,62,Male,Coat,Outerwear,48,Arkansas,L,Green,Summer,3.4,No,2-Day Shipping,No,No,14,Venmo,Quarterly,0,Low Value,0.26209183673469394,Unsatisfied,Medium Loyalty,Low Risk,Mature,Low,No
1988,69,Male,Belt,Accessories,23,Vermont,XL,White,Summer,3.4,No,Express,No,No,4,Cash,Quarterly,0,Low Value,0.06024234693877552,Unsatisfied,Low Loyalty,Low Risk,Mature,Low,No
1989,46,Male,Pants,Clothing,79,Virginia,M,Gold,Winter,3.9,No,Free Shipping,No,No,26,Bank Transfer,Weekly,0,High Value,0.6349362244897958,Unsatisfied,High Loyalty,Low Risk,Mature,Low,Yes
1990,35,Male,Jewelry,Accessories,42,Maryland,S,Charcoal,Spring,4.0,No,Express,No,No,39,PayPal,Bi-Weekly,0,Medium Value,0.4814030612244898,Satisfied,High Loyalty,Low Risk,Adult,Low,No
1991,32,Male,Backpack,Accessories,95,Connecticut,L,White,Spring,3.4,No,2-Day Shipping,No,No,15,PayPal,Annually,0,Medium Value,0.5075892857142856,Unsatisfied,Medium Loyalty,Low Risk,Adult,Low,No
1992,46,Male,Sneakers,Footwear,29,Missouri,M,Brown,Summer,3.7,No,Next Day Air,No,No,1,Venmo,Every 3 Months,0,Low Value,0.10062500000000002,Unsatisfied,Low Loyalty,Low Risk,Mature,Low,No
1993,33,Male,Hoodie,Clothing,98,New Jersey,L,Gold,Winter,4.9,No,2-Day Shipping,No,No,28,Venmo,Monthly,0,High Value,0.6790561224489795,Satisfied,High Loyalty,Low Risk,Adult,Low,Yes
1994,32,Male,Blouse,Clothing,96,Arkansas,S,Purple,Spring,5.0,No,Express,No,No,17,Cash,Weekly,0,High Value,0.6754591836734694,Satisfied,Medium Loyalty,Low Risk,Adult,Low,No
1995,33,Male,Sunglasses,Accessories,66,Nevada,M,Brown,Fall,2.9,No,Next Day Air,No,No,24,Credit Card,Weekly,0,Medium Value,0.5495663265306123,Unsatisfied,Medium Loyalty,Low Risk,Adult,Low,No
1996,67,Male,Boots,Footwear,80,Missouri,S,Teal,Spring,3.0,No,Standard,No,No,29,Debit Card,Quarterly,0,Medium Value,0.5339285714285714,Unsatisfied,High Loyalty,Low Risk,Mature,Low,No
1997,67,Male,Sneakers,Footwear,27,South Dakota,L,Indigo,Summer,3.3,No,Next Day Air,No,No,18,Cash,Every 3 Months,0,Low Value,0.19345663265306123,Unsatisfied,Medium Loyalty,Low Risk,Mature,Low,No
1998,42,Male,Backpack,Accessories,25,Connecticut,M,Purple,Fall,4.7,No,Express,No,No,10,Debit Card,Bi-Weekly,0,Low Value,0.20822704081632654,Satisfied,Medium Loyalty,Low Risk,Mature,Low,No
1999,20,Male,Pants,Clothing,45,Vermont,M,Orange,Fall,3.4,No,2-Day Shipping,No,No,19,Cash,Quarterly,0,Low Value,0.2758290816326531,Unsatisfied,Medium Loyalty,Low Risk,Young Adult,Low,No
2000,39,Male,Socks,Clothing,89,Tennessee,L,Indigo,Winter,4.6,No,2-Day Shipping,No,No,26,Debit Card,Monthly,0,High Value,0.6161862244897959,Satisfied,High Loyalty,Low Risk,Adult,Low,Yes
2001,26,Male,Belt,Accessories,27,California,M,Lavender,Winter,3.6,No,2-Day Shipping,No,No,25,Cash,Bi-Weekly,0,Low Value,0.3113137755102041,Unsatisfied,Medium Loyalty,Low Risk,Adult,Low,No
2002,51,Male,Sunglasses,Accessories,90,Wyoming,S,Purple,Winter,2.6,No,Free Shipping,No,No,2,Debit Card,Fortnightly,0,Medium Value,0.4998724489795918,Unsatisfied,Low Loyalty,Low Risk,Mature,Low,No
2003,31,Male,Shirt,Clothing,65,New York,M,Red,Summer,2.7,No,Express,No,No,19,PayPal,Every 3 Months,0,Medium Value,0.41332908163265303,Unsatisfied,Medium Loyalty,Low Risk,Adult,Low,No
2004,68,Male,Sneakers,Footwear,72,Maine,S,Blue,Spring,3.1,No,Express,No,No,32,Cash,Quarterly,0,Medium Value,0.507295918367347,Unsatisfied,High Loyalty,Low Risk,Mature,Low,No
2005,44,Male,Shoes,Footwear,70,Georgia,L,Blue,Fall,3.2,No,2-Day Shipping,No,No,13,Cash,Bi-Weekly,0,Medium Value,0.47971938775510203,Unsatisfied,Medium Loyalty,Low Risk,Mature,Low,No
2006,18,Male,Sandals,Footwear,82,Tennessee,M,Cyan,Winter,3.4,No,Store Pickup,No,No,30,PayPal,Fortnightly,0,High Value,0.6263010204081633,Unsatisfied,High Loyalty,Low Risk,Young Adult,Low,Yes
2007,58,Male,Scarf,Accessories,97,New Mexico,S,Pink,Fall,4.4,No,Express,No,No,2,Credit Card,Annually,0,Medium Value,0.43924744897959195,Satisfied,Low Loyalty,Low Risk,Mature,Low,No
2008,26,Male,Shirt,Clothing,25,Virginia,M,Silver,Summer,3.2,No,2-Day Shipping,No,No,8,PayPal,Quarterly,0,Low Value,0.09598214285714285,Unsatisfied,Medium Loyalty,Low Risk,Adult,Low,No
2009,57,Male,Skirt,Clothing,48,Florida,M,Gray,Spring,2.5,No,Free Shipping,No,No,27,PayPal,Every 3 Months,0,Low Value,0.36668367346938774,Unsatisfied,High Loyalty,Low Risk,Mature,Low,No
2010,37,Male,Boots,Footwear,99,Alabama,M,Indigo,Summer,3.8,No,Next Day Air,No,No,26,Venmo,Bi-Weekly,0,High Value,0.7224362244897959,Unsatisfied,High Loyalty,Low Risk,Adult,Low,Yes
2011,24,Male,Sweater,Clothing,21,Texas,M,Maroon,Summer,4.4,No,2-Day Shipping,No,No,3,Debit Card,Bi-Weekly,0,Low Value,0.14286989795918367,Satisfied,Low Loyalty,Low Risk,Young Adult,Low,No
2012,57,Male,Sandals,Footwear,94,West Virginia,M,Beige,Spring,3.7,No,Express,No,No,4,Bank Transfer,Monthly,0,Medium Value,0.5096173469387755,Unsatisfied,Low Loyalty,Low Risk,Mature,Low,No
2013,48,Male,Jeans,Clothing,53,Nevada,L,Green,Fall,3.2,No,Store Pickup,No,No,5,Cash,Fortnightly,0,Low Value,0.3101147959183674,Unsatisfied,Low Loyalty,Low Risk,Mature,Low,No
2014,39,Male,Backpack,Accessories,70,Virginia,M,Peach,Winter,4.9,No,Standard,No,No,25,Debit Card,Quarterly,0,Medium Value,0.4531887755102041,Satisfied,Medium Loyalty,Low Risk,Adult,Low,No
2015,51,Male,Skirt,Clothing,26,Wisconsin,L,Black,Summer,3.9,No,Standard,No,No,47,PayPal,Bi-Weekly,0,Medium Value,0.4403826530612245,Unsatisfied,High Loyalty,Low Risk,Mature,Low,No
2016,57,Male,Belt,Accessories,82,Virginia,S,Pink,Summer,4.5,No,Next Day Air,No,No,8,Credit Card,Fortnightly,0,Medium Value,0.4916071428571429,Satisfied,Medium Loyalty,Low Risk,Mature,Low,No
2017,53,Male,Shoes,Footwear,47,Maine,S,Violet,Winter,3.4,No,Standard,No,No,20,Debit Card,Fortnightly,0,Low Value,0.36820153061224487,Unsatisfied,Medium Loyalty,Low Risk,Mature,Low,No
2018,70,Male,Socks,Clothing,32,Massachusetts,S,Green,Winter,4.1,No,Next Day Air,No,No,42,Bank Transfer,Every 3 Months,0,Low Value,0.36852040816326526,Satisfied,High Loyalty,Low Risk,Mature,Low,No
2019,60,Male,Backpack,Accessories,97,Arkansas,S,Gold,Fall,4.5,No,Store Pickup,No,No,20,Bank Transfer,Weekly,0,High Value,0.6994515306122449,Satisfied,Medium Loyalty,Low Risk,Mature,Low,No
2020,31,Male,Shirt,Clothing,68,Idaho,S,Red,Winter,4.7,No,Store Pickup,No,No,23,Cash,Fortnightly,0,Medium Value,0.5046938775510205,Satisfied,Medium Loyalty,Low Risk,Adult,Low,No
2021,41,Male,Sweater,Clothing,23,Pennsylvania,M,Beige,Winter,4.8,No,Next Day Air,No,No,26,Cash,Quarterly,0,Low Value,0.1949362244897959,Satisfied,High Loyalty,Low Risk,Mature,Low,No
2022,62,Male,Handbag,Accessories,33,Maine,M,Green,Winter,4.4,No,Standard,No,No,48,Venmo,Quarterly,0,Low Value,0.38588010204081635,Satisfied,High Loyalty,Low Risk,Mature,Low,No
2023,59,Male,Jewelry,Accessories,38,Alabama,S,Black,Winter,4.0,No,Store Pickup,No,No,16,Cash,Bi-Weekly,0,Low Value,0.31808673469387755,Satisfied,Medium Loyalty,Low Risk,Mature,Low,No
2024,46,Male,Socks,Clothing,68,Idaho,S,Teal,Winter,4.1,No,Store Pickup,No,No,28,Cash,Bi-Weekly,0,High Value,0.5603061224489796,Satisfied,High Loyalty,Low Risk,Mature,Low,Yes
2025,62,Male,Socks,Clothing,23,Arkansas,L,Silver,Fall,3.7,No,Express,No,No,39,PayPal,Weekly,0,Medium Value,0.39952806122448975,Unsatisfied,High Loyalty,Low Risk,Mature,Low,No
2026,42,Male,Shirt,Clothing,29,Delaware,M,Turquoise,Summer,3.0,No,Express,No,No,43,Debit Card,Fortnightly,0,Medium Value,0.4077678571428571,Unsatisfied,High Loyalty,Low Risk,Mature,Low,No
2027,37,Male,Scarf,Accessories,35,Maine,M,Orange,Winter,3.6,No,Express,No,No,45,Bank Transfer,Every 3 Months,0,Medium Value,0.4037627551020408,Unsatisfied,High Loyalty,Low Risk,Adult,Low,No
2028,50,Male,Shoes,Footwear,73,Nebraska,S,Gold,Fall,4.8,No,Standard,No,No,50,Credit Card,Every 3 Months,0,High Value,0.6481250000000001,Satisfied,High Loyalty,Low Risk,Mature,Low,Yes
2029,29,Male,Shoes,Footwear,84,Ohio,XL,Purple,Fall,3.7,No,2-Day Shipping,No,No,10,Venmo,Bi-Weekly,0,Medium Value,0.5401020408163266,Unsatisfied,Medium Loyalty,Low Risk,Adult,Low,No
2030,25,Male,Scarf,Accessories,23,Montana,M,Pink,Spring,4.6,No,Next Day Air,No,No,40,PayPal,Quarterly,0,Low Value,0.2806505102040816,Satisfied,High Loyalty,Low Risk,Young Adult,Low,No
2031,66,Male,Sunglasses,Accessories,67,New Mexico,S,Green,Summer,2.8,No,Standard,No,No,38,Credit Card,Monthly,0,High Value,0.5659056122448979,Unsatisfied,High Loyalty,Low Risk,Mature,Low,Yes
2032,21,Male,Socks,Clothing,51,North Carolina,L,Charcoal,Spring,4.0,No,Standard,No,No,2,Credit Card,Monthly,0,Low Value,0.25549744897959187,Satisfied,Low Loyalty,Low Risk,Young Adult,Low,No
2033,46,Male,Blouse,Clothing,36,South Carolina,M,Maroon,Winter,4.2,No,Next Day Air,No,No,13,Cash,Annually,0,Low Value,0.16346938775510206,Satisfied,Medium Loyalty,Low Risk,Mature,Low,No
2034,57,Male,Jeans,Clothing,55,Illinois,L,Olive,Summer,3.6,No,Express,No,No,33,Venmo,Annually,0,Low Value,0.39279336734693876,Unsatisfied,High Loyalty,Low Risk,Mature,Low,No
2035,61,Male,Shorts,Clothing,30,Alabama,M,Peach,Spring,2.9,No,Store Pickup,No,No,27,PayPal,Monthly,0,Low Value,0.2904336734693877,Unsatisfied,High Loyalty,Low Risk,Mature,Low,No
2036,53,Male,T-shirt,Clothing,70,Oklahoma,S,Yellow,Summer,4.1,No,Express,No,No,43,Bank Transfer,Weekly,0,High Value,0.688392857142857,Satisfied,High Loyalty,Low Risk,Mature,Low,Yes
2037,37,Male,Blouse,Clothing,63,Minnesota,S,Lavender,Winter,3.1,No,Next Day Air,No,No,46,Cash,Weekly,0,High Value,0.6673852040816326,Unsatisfied,High Loyalty,Low Risk,Adult,Low,Yes
2038,39,Male,Belt,Accessories,87,Illinois,S,Green,Summer,4.3,No,Express,No,No,7,Venmo,Bi-Weekly,0,Medium Value,0.5386096938775511,Satisfied,Low Loyalty,Low Risk,Adult,Low,No
2039,53,Male,Blouse,Clothing,70,Arkansas,L,Orange,Spring,4.4,No,Next Day Air,No,No,35,Credit Card,Fortnightly,0,High Value,0.5894132653061224,Satisfied,High Loyalty,Low Risk,Mature,Low,Yes
2040,35,Male,T-shirt,Clothing,51,Minnesota,M,Olive,Spring,3.1,No,Next Day Air,No,No,31,Debit Card,Bi-Weekly,0,Medium Value,0.4830484693877551,Unsatisfied,High Loyalty,Low Risk,Adult,Low,No
2041,69,Male,Jewelry,Accessories,25,South Carolina,XL,Gray,Spring,2.9,No,Free Shipping,No,No,42,Venmo,Quarterly,0,Low Value,0.3041454081632653,Unsatisfied,High Loyalty,Low Risk,Mature,Low,No
2042,66,Male,Jacket,Outerwear,32,New York,S,Lavender,Winter,3.2,No,Next Day Air,No,No,14,PayPal,Bi-Weekly,0,Low Value,0.2720918367346939,Unsatisfied,Medium Loyalty,Low Risk,Mature,Low,No
2043,19,Male,Shoes,Footwear,52,Alabama,M,Red,Spring,4.0,No,2-Day Shipping,No,No,35,Venmo,Monthly,0,Medium Value,0.46316326530612245,Satisfied,High Loyalty,Low Risk,Young Adult,Low,No
2044,47,Male,Gloves,Accessories,33,New York,M,Charcoal,Summer,2.7,No,Standard,No,No,49,PayPal,Weekly,0,Medium Value,0.5170025510204082,Unsatisfied,High Loyalty,Low Risk,Mature,Low,No
2045,49,Male,Jeans,Clothing,68,Missouri,L,Orange,Spring,3.0,No,Free Shipping,No,No,17,PayPal,Fortnightly,0,Medium Value,0.46795918367346945,Unsatisfied,Medium Loyalty,Low Risk,Mature,Low,No
2046,31,Male,Jewelry,Accessories,20,Georgia,M,Red,Fall,4.4,No,Express,No,No,26,PayPal,Quarterly,0,Low Value,0.1780612244897959,Satisfied,High Loyalty,Low Risk,Adult,Low,No
2047,39,Male,Pants,Clothing,32,Oklahoma,M,Maroon,Winter,2.8,No,Free Shipping,No,No,30,Cash,Every 3 Months,0,Low Value,0.2950510204081632,Unsatisfied,High Loyalty,Low Risk,Adult,Low,No
2048,58,Male,Jewelry,Accessories,82,Connecticut,M,Silver,Summer,3.1,No,Store Pickup,No,No,32,Cash,Annually,0,Medium Value,0.538545918367347,Unsatisfied,High Loyalty,Low Risk,Mature,Low,No
2049,45,Male,Sneakers,Footwear,64,Michigan,XL,Pink,Winter,3.9,No,Express,No,No,35,Bank Transfer,Quarterly,0,Medium Value,0.48066326530612247,Unsatisfied,High Loyalty,Low Risk,Mature,Low,No
2050,68,Male,Boots,Footwear,24,Rhode Island,L,Blue,Fall,2.7,No,Standard,No,No,15,Venmo,Annually,0,Low Value,0.10821428571428571,Unsatisfied,Medium Loyalty,Low Risk,Mature,Low,No
2051,35,Male,Hat,Accessories,96,Mississippi,M,Teal,Summer,3.4,No,Store Pickup,No,No,10,Debit Card,Annually,0,Medium Value,0.4826020408163266,Unsatisfied,Medium Loyalty,Low Risk,Adult,Low,No
2052,65,Male,T-shirt,Clothing,94,Massachusetts,L,Black,Spring,3.8,No,Free Shipping,No,No,14,Credit Card,Monthly,0,High Value,0.5708418367346938,Unsatisfied,Medium Loyalty,Low Risk,Mature,Low,No
2053,45,Male,Backpack,Accessories,48,New Hampshire,M,Gray,Winter,3.7,No,2-Day Shipping,No,No,30,Bank Transfer,Annually,0,Low Value,0.33505102040816326,Unsatisfied,High Loyalty,Low Risk,Mature,Low,No
2054,19,Male,Sunglasses,Accessories,60,Wyoming,S,Purple,Spring,4.5,No,2-Day Shipping,No,No,16,Credit Card,Fortnightly,0,Medium Value,0.4168367346938775,Satisfied,Medium Loyalty,Low Risk,Young Adult,Low,No
2055,65,Male,Sweater,Clothing,56,New Jersey,XL,Gold,Spring,2.9,No,Express,No,No,14,PayPal,Annually,0,Low Value,0.2820918367346939,Unsatisfied,Medium Loyalty,Low Risk,Mature,Low,No
2056,28,Male,Handbag,Accessories,33,Texas,M,Silver,Fall,3.4,No,2-Day Shipping,No,No,28,Bank Transfer,Weekly,0,Low Value,0.3884311224489796,Unsatisfied,High Loyalty,Low Risk,Adult,Low,No
2057,55,Male,Backpack,Accessories,46,Minnesota,L,Blue,Spring,4.4,No,2-Day Shipping,No,No,29,PayPal,Monthly,0,Low Value,0.3926785714285715,Satisfied,High Loyalty,Low Risk,Mature,Low,No
2058,66,Male,Socks,Clothing,37,South Dakota,L,Yellow,Spring,4.2,No,Standard,No,No,5,PayPal,Every 3 Months,0,Low Value,0.17011479591836737,Satisfied,Low Loyalty,Low Risk,Mature,Low,No
2059,29,Male,Shirt,Clothing,98,Washington,M,Brown,Winter,3.3,No,Store Pickup,No,No,17,Bank Transfer,Quarterly,0,High Value,0.5617091836734694,Unsatisfied,Medium Loyalty,Low Risk,Adult,Low,No
2060,56,Male,Shorts,Clothing,50,California,XL,Beige,Spring,3.7,No,Express,No,No,50,PayPal,Weekly,0,High Value,0.6187499999999999,Unsatisfied,High Loyalty,Low Risk,Mature,Low,Yes
2061,21,Male,Belt,Accessories,63,Wisconsin,M,Blue,Fall,3.2,No,Next Day Air,No,No,23,Bank Transfer,Quarterly,0,Medium Value,0.40156887755102044,Unsatisfied,Medium Loyalty,Low Risk,Young Adult,Low,No
2062,32,Male,Sweater,Clothing,70,Michigan,S,Magenta,Summer,2.6,No,Store Pickup,No,No,22,Debit Card,Annually,0,Medium Value,0.40982142857142856,Unsatisfied,Medium Loyalty,Low Risk,Adult,Low,No
2063,54,Male,Coat,Outerwear,63,South Carolina,L,Silver,Fall,2.8,No,Standard,No,No,15,Cash,Quarterly,0,Low Value,0.3525892857142857,Unsatisfied,Medium Loyalty,Low Risk,Mature,Low,No
2064,61,Male,Shorts,Clothing,86,Indiana,M,Cyan,Fall,2.9,No,Standard,No,No,32,Cash,Monthly,0,High Value,0.6360459183673468,Unsatisfied,High Loyalty,Low Risk,Mature,Low,Yes
2065,31,Male,Shoes,Footwear,99,Arkansas,M,Green,Summer,4.0,No,2-Day Shipping,No,No,5,Bank Transfer,Monthly,0,Medium Value,0.5438647959183673,Satisfied,Low Loyalty,Low Risk,Adult,Low,No
2066,27,Male,Sneakers,Footwear,40,Oregon,M,Blue,Spring,2.9,No,Free Shipping,No,No,6,Bank Transfer,Bi-Weekly,0,Low Value,0.26811224489795915,Unsatisfied,Low Loyalty,Low Risk,Adult,Low,No
2067,64,Male,Sneakers,Footwear,92,Illinois,M,Olive,Fall,4.7,No,Store Pickup,No,No,44,Debit Card,Fortnightly,0,High Value,0.768265306122449,Satisfied,High Loyalty,Low Risk,Mature,Low,Yes
2068,60,Male,Pants,Clothing,21,Maryland,XL,Beige,Fall,3.1,No,2-Day Shipping,No,No,23,Cash,Fortnightly,0,Low Value,0.24031887755102038,Unsatisfied,Medium Loyalty,Low Risk,Mature,Low,No
2069,70,Male,Jewelry,Accessories,81,Vermont,XL,Black,Summer,3.9,No,Store Pickup,No,No,44,Venmo,Monthly,0,High Value,0.6813903061224489,Unsatisfied,High Loyalty,Low Risk,Mature,Low,Yes
2070,36,Male,T-shirt,Clothing,82,Texas,M,Indigo,Fall,3.4,No,Free Shipping,No,No,3,Debit Card,Quarterly,0,Low Value,0.38599489795918374,Unsatisfied,Low Loyalty,Low Risk,Adult,Low,No
2071,56,Male,Jewelry,Accessories,88,Nebraska,XL,Red,Spring,3.1,No,Express,No,No,14,Cash,Monthly,0,Medium Value,0.5370918367346939,Unsatisfied,Medium Loyalty,Low Risk,Mature,Low,No
2072,69,Male,Jacket,Outerwear,100,South Carolina,S,Yellow,Fall,4.8,No,Store Pickup,No,No,37,PayPal,Quarterly,0,High Value,0.6954081632653061,Satisfied,High Loyalty,Low Risk,Mature,Low,Yes
2073,39,Male,Backpack,Accessories,66,Massachusetts,M,Beige,Winter,3.9,No,Next Day Air,No,No,22,Bank Transfer,Weekly,0,Medium Value,0.5373214285714285,Unsatisfied,Medium Loyalty,Low Risk,Adult,Low,No
2074,38,Male,Belt,Accessories,25,Texas,S,Green,Winter,3.5,No,Next Day Air,No,No,2,PayPal,Every 3 Months,0,Low Value,0.08424744897959184,Unsatisfied,Low Loyalty,Low Risk,Adult,Low,No
2075,36,Male,Scarf,Accessories,53,Florida,M,White,Summer,3.1,No,Free Shipping,No,No,44,Debit Card,Fortnightly,0,Medium Value,0.5488903061224489,Unsatisfied,High Loyalty,Low Risk,Adult,Low,No
2076,46,Male,Sweater,Clothing,28,South Carolina,S,Turquoise,Fall,4.7,No,Express,No,No,49,Debit Card,Monthly,0,Medium Value,0.4138775510204082,Satisfied,High Loyalty,Low Risk,Mature,Low,No
2077,59,Male,Gloves,Accessories,23,Florida,S,Indigo,Fall,4.6,No,Free Shipping,No,No,22,Debit Card,Bi-Weekly,0,Low Value,0.27044642857142853,Satisfied,Medium Loyalty,Low Risk,Mature,Low,No
2078,64,Male,Scarf,Accessories,34,Nebraska,L,Orange,Fall,3.3,No,Free Shipping,No,No,26,Bank Transfer,Annually,0,Low Value,0.2318112244897959,Unsatisfied,High Loyalty,Low Risk,Mature,Low,No
2079,49,Male,Dress,Clothing,42,Hawaii,M,Blue,Spring,3.2,No,Next Day Air,No,No,40,Debit Card,Weekly,0,Medium Value,0.5125255102040815,Unsatisfied,High Loyalty,Low Risk,Mature,Low,No
2080,32,Male,Jeans,Clothing,24,Montana,L,Violet,Summer,3.1,No,Next Day Air,No,No,16,PayPal,Quarterly,0,Low Value,0.13933673469387756,Unsatisfied,Medium Loyalty,Low Risk,Adult,Low,No
2081,29,Male,Sunglasses,Accessories,47,South Dakota,S,Gray,Fall,3.5,No,Free Shipping,No,No,17,Debit Card,Bi-Weekly,0,Low Value,0.3748341836734694,Unsatisfied,Medium Loyalty,Low Risk,Adult,Low,No
2082,24,Male,Coat,Outerwear,78,Alabama,S,Cyan,Spring,4.3,No,Standard,No,No,48,Bank Transfer,Bi-Weekly,0,High Value,0.7390051020408164,Satisfied,High Loyalty,Low Risk,Young Adult,Low,Yes
2083,41,Male,Jeans,Clothing,89,Arkansas,M,Yellow,Summer,2.9,No,Free Shipping,No,No,28,Venmo,Every 3 Months,0,High Value,0.6034311224489797,Unsatisfied,High Loyalty,Low Risk,Mature,Low,Yes
2084,41,Male,Scarf,Accessories,59,Mississippi,L,Orange,Fall,2.7,No,Store Pickup,No,No,26,Credit Card,Fortnightly,0,Medium Value,0.4724362244897959,Unsatisfied,High Loyalty,Low Risk,Mature,Low,No
2085,32,Male,Blouse,Clothing,94,Vermont,S,Brown,Summer,4.0,No,Standard,No,No,43,Bank Transfer,Quarterly,0,High Value,0.6983928571428571,Satisfied,High Loyalty,Low Risk,Adult,Low,Yes
2086,69,Male,Jeans,Clothing,49,New York,M,Teal,Fall,4.6,No,Free Shipping,No,No,38,Debit Card,Weekly,0,Medium Value,0.5396556122448979,Satisfied,High Loyalty,Low Risk,Mature,Low,No
2087,65,Male,Dress,Clothing,89,North Dakota,L,Beige,Summer,4.7,No,2-Day Shipping,No,No,36,Cash,Every 3 Months,0,High Value,0.6524107142857143,Satisfied,High Loyalty,Low Risk,Mature,Low,Yes
2088,54,Male,Hat,Accessories,91,Wisconsin,M,Blue,Summer,4.7,No,Standard,No,No,1,Credit Card,Weekly,0,Medium Value,0.549375,Satisfied,Low Loyalty,Low Risk,Mature,Low,No
2089,39,Male,Sandals,Footwear,89,California,L,Orange,Spring,4.0,No,Standard,No,No,49,Debit Card,Annually,0,High Value,0.6820025510204082,Satisfied,High Loyalty,Low Risk,Adult,Low,Yes
2090,37,Male,Jacket,Outerwear,57,Maryland,L,Gold,Spring,3.6,No,Free Shipping,No,No,41,Credit Card,Every 3 Months,0,Medium Value,0.5030229591836735,Unsatisfied,High Loyalty,Low Risk,Adult,Low,No
2091,51,Male,Socks,Clothing,71,Massachusetts,S,Teal,Winter,3.4,No,Free Shipping,No,No,21,Debit Card,Monthly,0,Medium Value,0.48432397959183676,Unsatisfied,Medium Loyalty,Low Risk,Mature,Low,No
2092,26,Male,Jeans,Clothing,97,Washington,XL,Beige,Fall,3.0,No,Next Day Air,No,No,24,Bank Transfer,Quarterly,0,High Value,0.5989413265306124,Unsatisfied,Medium Loyalty,Low Risk,Adult,Low,No
2093,42,Male,Sandals,Footwear,45,Minnesota,M,Silver,Fall,2.6,No,Next Day Air,No,No,27,Bank Transfer,Weekly,0,Medium Value,0.4498086734693877,Unsatisfied,High Loyalty,Low Risk,Mature,Low,No
2094,21,Male,Dress,Clothing,91,Washington,M,Maroon,Spring,4.2,No,Store Pickup,No,No,4,Debit Card,Annually,0,Medium Value,0.4177423469387755,Satisfied,Low Loyalty,Low Risk,Young Adult,Low,No
2095,53,Male,Socks,Clothing,25,South Carolina,M,Indigo,Spring,3.4,No,Standard,No,No,19,Venmo,Annually,0,Low Value,0.13832908163265306,Unsatisfied,Medium Loyalty,Low Risk,Mature,Low,No
2096,36,Male,Hoodie,Clothing,63,New Mexico,M,Gray,Fall,4.0,No,Store Pickup,No,No,1,Bank Transfer,Fortnightly,0,Low Value,0.34187500000000004,Satisfied,Low Loyalty,Low Risk,Adult,Low,No
2097,21,Male,Dress,Clothing,52,North Carolina,L,Blue,Summer,4.7,No,Free Shipping,No,No,27,Debit Card,Annually,0,Low Value,0.3391836734693877,Satisfied,High Loyalty,Low Risk,Young Adult,Low,No
2098,33,Male,Sneakers,Footwear,43,Iowa,S,Cyan,Winter,3.9,No,Next Day Air,No,No,5,Credit Card,Weekly,0,Low Value,0.3038647959183673,Unsatisfied,Low Loyalty,Low Risk,Adult,Low,No
2099,49,Male,T-shirt,Clothing,28,Louisiana,M,White,Summer,3.3,No,2-Day Shipping,No,No,20,Venmo,Quarterly,0,Low Value,0.18632653061224488,Unsatisfied,Medium Loyalty,Low Risk,Mature,Low,No
2100,31,Male,T-shirt,Clothing,78,Oklahoma,L,Green,Summer,2.9,No,Express,No,No,50,PayPal,Annually,0,High Value,0.62625,Unsatisfied,High Loyalty,Low Risk,Adult,Low,Yes
2101,68,Male,Sweater,Clothing,31,Michigan,M,Silver,Spring,4.4,No,Free Shipping,No,No,36,Cash,Fortnightly,0,Low Value,0.37616071428571424,Satisfied,High Loyalty,Low Risk,Mature,Low,No
2102,49,Male,Shirt,Clothing,23,Oregon,M,Blue,Winter,3.6,No,Next Day Air,No,No,12,Bank Transfer,Bi-Weekly,0,Low Value,0.2092219387755102,Unsatisfied,Medium Loyalty,Low Risk,Mature,Low,No
2103,23,Male,Hat,Accessories,25,Idaho,M,Brown,Spring,4.5,No,Store Pickup,No,No,23,Cash,Monthly,0,Low Value,0.23781887755102038,Satisfied,Medium Loyalty,Low Risk,Young Adult,Low,No
2104,30,Male,Pants,Clothing,86,Indiana,S,Red,Summer,3.7,No,Store Pickup,No,No,21,Venmo,Weekly,0,High Value,0.6436989795918366,Unsatisfied,Medium Loyalty,Low Risk,Adult,Low,No
2105,53,Male,Shoes,Footwear,88,New Mexico,M,Gold,Spring,2.8,No,Free Shipping,No,No,47,Venmo,Weekly,0,High Value,0.8141326530612245,Unsatisfied,High Loyalty,Low Risk,Mature,Low,Yes
2106,65,Male,Gloves,Accessories,35,South Carolina,M,Silver,Spring,4.5,No,Free Shipping,No,No,38,Venmo,Bi-Weekly,0,Medium Value,0.43590561224489793,Satisfied,High Loyalty,Low Risk,Mature,Low,No
2107,60,Male,Jewelry,Accessories,34,Vermont,M,Gray,Fall,4.4,No,Standard,No,No,40,Credit Card,Every 3 Months,0,Low Value,0.3675255102040816,Satisfied,High Loyalty,Low Risk,Mature,Low,No
2108,46,Male,Pants,Clothing,75,Delaware,M,Black,Winter,3.3,No,Standard,No,No,35,PayPal,Quarterly,0,Medium Value,0.5425382653061225,Unsatisfied,High Loyalty,Low Risk,Mature,Low,No
2109,54,Male,Hoodie,Clothing,46,North Dakota,XL,Beige,Winter,4.2,No,Express,No,No,4,Credit Card,Quarterly,0,Low Value,0.18961734693877555,Satisfied,Low Loyalty,Low Risk,Mature,Low,No
2110,59,Male,Jewelry,Accessories,31,California,L,Peach,Fall,2.7,No,Free Shipping,No,No,28,Venmo,Every 3 Months,0,Low Value,0.2771811224489796,Unsatisfied,High Loyalty,Low Risk,Mature,Low,No
2111,52,Male,Socks,Clothing,93,Montana,L,Cyan,Spring,3.9,No,Store Pickup,No,No,36,Debit Card,Every 3 Months,0,High Value,0.6749107142857144,Unsatisfied,High Loyalty,Low Risk,Mature,Low,Yes
2112,41,Male,Sunglasses,Accessories,85,Missouri,XL,Pink,Spring,2.6,No,Free Shipping,No,No,15,Bank Transfer,Annually,0,Medium Value,0.4513392857142857,Unsatisfied,Medium Loyalty,Low Risk,Mature,Low,No
2113,43,Male,Belt,Accessories,68,Tennessee,M,Lavender,Fall,4.5,No,2-Day Shipping,No,No,7,Cash,Fortnightly,0,Medium Value,0.40673469387755107,Satisfied,Low Loyalty,Low Risk,Mature,Low,No
2114,63,Male,Dress,Clothing,40,Virginia,M,Brown,Spring,2.7,No,Store Pickup,No,No,29,PayPal,Every 3 Months,0,Low Value,0.3339285714285714,Unsatisfied,High Loyalty,Low Risk,Mature,Low,No
2115,37,Male,Shirt,Clothing,51,Vermont,M,Magenta,Winter,2.9,No,Standard,No,No,12,Debit Card,Annually,0,Low Value,0.24172193877551024,Unsatisfied,Medium Loyalty,Low Risk,Adult,Low,No
2116,44,Male,Scarf,Accessories,85,Rhode Island,M,Violet,Winter,3.4,No,Store Pickup,No,No,16,Bank Transfer,Bi-Weekly,0,High Value,0.5824617346938776,Unsatisfied,Medium Loyalty,Low Risk,Mature,Low,No
2117,67,Male,Jacket,Outerwear,23,Kansas,M,Teal,Summer,2.9,No,Express,No,No,50,Debit Card,Bi-Weekly,0,Medium Value,0.441875,Unsatisfied,High Loyalty,Low Risk,Mature,Low,No
2118,27,Male,Dress,Clothing,28,Colorado,L,Brown,Summer,3.8,No,Free Shipping,No,No,11,Debit Card,Annually,0,Low Value,0.10622448979591838,Unsatisfied,Medium Loyalty,Low Risk,Adult,Low,No
2119,60,Male,Socks,Clothing,44,Georgia,M,Olive,Fall,4.2,No,2-Day Shipping,No,No,28,Debit Card,Quarterly,0,Low Value,0.3253061224489796,Satisfied,High Loyalty,Low Risk,Mature,Low,No
2120,58,Male,Jewelry,Accessories,57,Nebraska,M,Indigo,Spring,3.5,No,Store Pickup,No,No,36,Venmo,Bi-Weekly,0,Medium Value,0.5474107142857143,Unsatisfied,High Loyalty,Low Risk,Mature,Low,No
2121,53,Male,Scarf,Accessories,98,Missouri,S,Red,Fall,3.1,No,Next Day Air,No,No,38,PayPal,Quarterly,0,High Value,0.690280612244898,Unsatisfied,High Loyalty,Low Risk,Mature,Low,Yes
2122,43,Male,Backpack,Accessories,68,Alaska,M,Olive,Winter,3.5,No,2-Day Shipping,No,No,32,Bank Transfer,Monthly,0,Medium Value,0.534795918367347,Unsatisfied,High Loyalty,Low Risk,Mature,Low,No
2123,32,Male,Jacket,Outerwear,36,Virginia,L,Teal,Fall,4.0,No,Express,No,No,42,Debit Card,Weekly,0,Medium Value,0.49102040816326525,Satisfied,High Loyalty,Low Risk,Adult,Low,No
2124,54,Male,Coat,Outerwear,71,Nebraska,L,Cyan,Spring,3.7,No,Express,No,No,22,Debit Card,Bi-Weekly,0,Medium Value,0.5404464285714285,Unsatisfied,Medium Loyalty,Low Risk,Mature,Low,No
2125,47,Male,Skirt,Clothing,60,Rhode Island,M,Teal,Fall,4.2,No,Next Day Air,No,No,22,Venmo,Quarterly,0,Low Value,0.37857142857142856,Satisfied,Medium Loyalty,Low Risk,Mature,Low,No
2126,57,Male,Coat,Outerwear,87,New Hampshire,M,Beige,Fall,4.8,No,Store Pickup,No,No,31,PayPal,Quarterly,0,High Value,0.5855484693877552,Satisfied,High Loyalty,Low Risk,Mature,Low,Yes
2127,63,Male,Shoes,Footwear,38,Alabama,XL,Magenta,Winter,4.1,No,Express,No,No,28,Credit Card,Monthly,0,Low Value,0.3415561224489796,Satisfied,High Loyalty,Low Risk,Mature,Low,No
2128,70,Male,Boots,Footwear,45,North Carolina,M,Indigo,Spring,4.5,No,2-Day Shipping,No,No,40,Debit Card,Weekly,0,Medium Value,0.5294005102040815,Satisfied,High Loyalty,Low Risk,Mature,Low,No
2129,62,Male,Coat,Outerwear,47,New Mexico,L,Cyan,Fall,2.7,No,2-Day Shipping,No,No,21,PayPal,Weekly,0,Medium Value,0.4243239795918367,Unsatisfied,Medium Loyalty,Low Risk,Mature,Low,No
2130,40,Male,Skirt,Clothing,57,Minnesota,L,Orange,Fall,2.8,No,Store Pickup,No,No,12,PayPal,Every 3 Months,0,Low Value,0.32547193877551023,Unsatisfied,Medium Loyalty,Low Risk,Adult,Low,No
2131,25,Male,Backpack,Accessories,68,Arizona,L,Violet,Summer,3.7,No,Free Shipping,No,No,33,Credit Card,Annually,0,Medium Value,0.4659183673469388,Unsatisfied,High Loyalty,Low Risk,Young Adult,Low,No
2132,19,Male,Shorts,Clothing,52,Montana,M,Red,Fall,3.6,No,Express,No,No,9,Bank Transfer,Fortnightly,0,Low Value,0.3289795918367347,Unsatisfied,Medium Loyalty,Low Risk,Young Adult,Low,No
2133,25,Male,Skirt,Clothing,87,Vermont,M,Magenta,Fall,4.7,No,2-Day Shipping,No,No,15,Debit Card,Weekly,0,High Value,0.6125892857142857,Satisfied,Medium Loyalty,Low Risk,Young Adult,Low,No
2134,21,Male,Hat,Accessories,34,Maine,M,Olive,Summer,3.8,No,Standard,No,No,13,Bank Transfer,Annually,0,Low Value,0.15221938775510208,Unsatisfied,Medium Loyalty,Low Risk,Young Adult,Low,No
2135,55,Male,Sandals,Footwear,41,Virginia,XL,Maroon,Winter,2.9,No,Standard,No,No,35,Credit Card,Fortnightly,0,Medium Value,0.4262882653061224,Unsatisfied,High Loyalty,Low Risk,Mature,Low,No
2136,34,Male,Sunglasses,Accessories,94,California,S,Yellow,Winter,4.6,No,Next Day Air,No,No,1,Debit Card,Every 3 Months,0,Medium Value,0.46625,Satisfied,Low Loyalty,Low Risk,Adult,Low,No
2137,47,Male,Sunglasses,Accessories,93,New York,M,Red,Summer,2.8,No,Standard,No,No,25,Bank Transfer,Fortnightly,0,High Value,0.6575637755102041,Unsatisfied,Medium Loyalty,Low Risk,Mature,Low,No
2138,27,Male,Socks,Clothing,51,Indiana,XL,Purple,Winter,4.6,No,2-Day Shipping,No,No,20,Credit Card,Every 3 Months,0,Low Value,0.3407015306122449,Satisfied,Medium Loyalty,Low Risk,Adult,Low,No
2139,67,Male,Sweater,Clothing,42,Mississippi,M,Teal,Fall,2.8,No,Next Day Air,No,No,36,Venmo,Quarterly,0,Low Value,0.3630357142857143,Unsatisfied,High Loyalty,Low Risk,Mature,Low,No
2140,40,Male,Boots,Footwear,95,New York,M,Red,Winter,3.0,No,Free Shipping,No,No,33,Cash,Weekly,0,High Value,0.7677933673469388,Unsatisfied,High Loyalty,Low Risk,Adult,Low,Yes
2141,53,Male,Handbag,Accessories,90,New Mexico,M,Brown,Fall,3.7,No,Standard,No,No,36,Cash,Fortnightly,0,High Value,0.7080357142857142,Unsatisfied,High Loyalty,Low Risk,Mature,Low,Yes
2142,24,Male,Dress,Clothing,98,Kentucky,M,Peach,Winter,4.1,No,2-Day Shipping,No,No,32,PayPal,Annually,0,High Value,0.628545918367347,Satisfied,High Loyalty,Low Risk,Young Adult,Low,Yes
2143,47,Male,Hat,Accessories,39,North Dakota,M,Maroon,Winter,4.3,No,Next Day Air,No,No,21,Venmo,Quarterly,0,Low Value,0.2543239795918368,Satisfied,Medium Loyalty,Low Risk,Mature,Low,No
2144,53,Male,Sandals,Footwear,66,Arkansas,L,Red,Fall,3.8,No,Next Day Air,No,No,48,Venmo,Bi-Weekly,0,High Value,0.6715051020408163,Unsatisfied,High Loyalty,Low Risk,Mature,Low,Yes
2145,47,Male,Shoes,Footwear,23,Maryland,L,Orange,Winter,3.7,No,Free Shipping,No,No,25,PayPal,Quarterly,0,Low Value,0.1888137755102041,Unsatisfied,Medium Loyalty,Low Risk,Mature,Low,No
2146,38,Male,Skirt,Clothing,73,Connecticut,S,White,Winter,4.8,No,Standard,No,No,32,PayPal,Annually,0,Medium Value,0.48792091836734697,Satisfied,High Loyalty,Low Risk,Adult,Low,No
2147,48,Male,Sunglasses,Accessories,23,Utah,XL,White,Summer,4.6,No,Standard,No,No,45,PayPal,Every 3 Months,0,Low Value,0.3362627551020408,Satisfied,High Loyalty,Low Risk,Mature,Low,No
2148,47,Male,Skirt,Clothing,43,Missouri,S,Charcoal,Fall,4.8,No,Standard,No,No,4,Cash,Fortnightly,0,Low Value,0.2477423469387755,Satisfied,Low Loyalty,Low Risk,Mature,Low,No
2149,19,Male,T-shirt,Clothing,45,Nebraska,XL,Turquoise,Winter,4.6,No,2-Day Shipping,No,No,19,PayPal,Bi-Weekly,0,Low Value,0.37582908163265305,Satisfied,Medium Loyalty,Low Risk,Young Adult,Low,No
2150,38,Male,Sandals,Footwear,21,Hawaii,L,Orange,Winter,4.0,No,Standard,No,No,1,Bank Transfer,Weekly,0,Low Value,0.15562499999999996,Satisfied,Low Loyalty,Low Risk,Adult,Low,No
2151,57,Male,Shirt,Clothing,40,Illinois,M,Orange,Spring,2.6,No,2-Day Shipping,No,No,12,Cash,Weekly,0,Low Value,0.3298469387755102,Unsatisfied,Medium Loyalty,Low Risk,Mature,Low,No
2152,70,Male,Jeans,Clothing,58,Vermont,L,Brown,Fall,2.6,No,2-Day Shipping,No,No,18,Venmo,Monthly,0,Low Value,0.39283163265306126,Unsatisfied,Medium Loyalty,Low Risk,Mature,Low,No
2153,38,Male,Shorts,Clothing,48,New Jersey,L,Magenta,Summer,4.5,No,Next Day Air,No,No,43,Bank Transfer,Bi-Weekly,0,Medium Value,0.5396428571428572,Satisfied,High Loyalty,Low Risk,Adult,Low,No
2154,35,Male,Shirt,Clothing,94,Kentucky,M,Violet,Fall,4.2,No,Free Shipping,No,No,31,PayPal,Annually,0,High Value,0.5999234693877551,Satisfied,High Loyalty,Low Risk,Adult,Low,Yes
2155,46,Male,Scarf,Accessories,74,Wyoming,M,Violet,Spring,3.4,No,Store Pickup,No,No,33,Cash,Every 3 Months,0,Medium Value,0.5496683673469388,Unsatisfied,High Loyalty,Low Risk,Mature,Low,No
2156,32,Male,Handbag,Accessories,51,Hawaii,L,Yellow,Fall,3.7,No,Store Pickup,No,No,46,PayPal,Monthly,0,Medium Value,0.5248852040816326,Unsatisfied,High Loyalty,Low Risk,Adult,Low,No
2157,38,Male,Skirt,Clothing,83,Missouri,M,Maroon,Winter,3.6,No,Next Day Air,No,No,41,Debit Card,Bi-Weekly,0,High Value,0.7242729591836735,Unsatisfied,High Loyalty,Low Risk,Adult,Low,Yes
2158,41,Male,Handbag,Accessories,68,Mississippi,L,Turquoise,Winter,4.0,No,Next Day Air,No,No,41,Venmo,Fortnightly,0,High Value,0.6148979591836735,Satisfied,High Loyalty,Low Risk,Mature,Low,Yes
2159,19,Male,Gloves,Accessories,84,Massachusetts,XL,Olive,Spring,4.6,No,Standard,No,No,9,Bank Transfer,Fortnightly,0,Medium Value,0.5089795918367347,Satisfied,Medium Loyalty,Low Risk,Young Adult,Low,No
2160,18,Male,Shirt,Clothing,58,Louisiana,M,Peach,Fall,3.0,No,Free Shipping,No,No,34,Cash,Annually,0,Medium Value,0.41579081632653064,Unsatisfied,High Loyalty,Low Risk,Young Adult,Low,No
2161,45,Male,Blouse,Clothing,92,West Virginia,L,Charcoal,Winter,3.3,No,Express,No,No,21,PayPal,Annually,0,Medium Value,0.5274489795918368,Unsatisfied,Medium Loyalty,Low Risk,Mature,Low,No
2162,23,Male,Dress,Clothing,69,Washington,S,Peach,Summer,3.8,No,Express,No,No,5,Debit Card,Fortnightly,0,Medium Value,0.40011479591836735,Unsatisfied,Low Loyalty,Low Risk,Young Adult,Low,No
2163,60,Male,Shorts,Clothing,48,Oregon,S,Black,Summer,2.7,No,Free Shipping,No,No,32,PayPal,Weekly,0,Medium Value,0.49729591836734693,Unsatisfied,High Loyalty,Low Risk,Mature,Low,No
2164,52,Male,Shoes,Footwear,60,New York,L,Gray,Spring,4.5,No,Express,No,No,44,Bank Transfer,Monthly,0,High Value,0.5632653061224488,Satisfied,High Loyalty,Low Risk,Mature,Low,Yes
2165,42,Male,Sandals,Footwear,20,Iowa,S,Olive,Winter,4.8,No,Next Day Air,No,No,46,PayPal,Bi-Weekly,0,Medium Value,0.4005102040816326,Satisfied,High Loyalty,Low Risk,Mature,Low,No
2166,29,Male,Pants,Clothing,55,Idaho,M,Turquoise,Summer,4.2,No,Express,No,No,42,Credit Card,Every 3 Months,0,Medium Value,0.4978954081632652,Satisfied,High Loyalty,Low Risk,Adult,Low,No
2167,31,Male,Jacket,Outerwear,88,New Jersey,S,Purple,Spring,3.5,No,Express,No,No,50,Credit Card,Bi-Weekly,0,High Value,0.8075000000000001,Unsatisfied,High Loyalty,Low Risk,Adult,Low,Yes
2168,30,Male,Skirt,Clothing,48,Ohio,L,Green,Winter,4.9,No,Standard,No,No,33,Venmo,Fortnightly,0,Medium Value,0.4534183673469388,Satisfied,High Loyalty,Low Risk,Adult,Low,No
2169,23,Male,Handbag,Accessories,74,Connecticut,M,Beige,Spring,4.1,No,Next Day Air,No,No,32,Cash,Quarterly,0,Medium Value,0.518545918367347,Satisfied,High Loyalty,Low Risk,Young Adult,Low,No
2170,31,Male,Coat,Outerwear,42,Florida,M,Brown,Fall,2.9,No,Next Day Air,No,No,32,Bank Transfer,Bi-Weekly,0,Medium Value,0.4385459183673469,Unsatisfied,High Loyalty,Low Risk,Adult,Low,No
2171,40,Male,Sweater,Clothing,32,South Carolina,M,Turquoise,Fall,4.0,No,Next Day Air,No,No,37,Venmo,Every 3 Months,0,Low Value,0.3379081632653061,Satisfied,High Loyalty,Low Risk,Adult,Low,No
2172,39,Male,Shorts,Clothing,98,Missouri,M,Yellow,Summer,4.6,No,Store Pickup,No,No,9,Cash,Fortnightly,0,High Value,0.5877295918367347,Satisfied,Medium Loyalty,Low Risk,Adult,Low,No
2173,28,Male,Skirt,Clothing,89,Rhode Island,S,Lavender,Fall,2.8,No,Store Pickup,No,No,6,PayPal,Fortnightly,0,Medium Value,0.5187372448979592,Unsatisfied,Low Loyalty,Low Risk,Adult,Low,No
2174,23,Male,Gloves,Accessories,97,Delaware,S,Cyan,Summer,5.0,No,2-Day Shipping,No,No,36,Venmo,Quarterly,0,High Value,0.6724107142857144,Satisfied,High Loyalty,Low Risk,Young Adult,Low,Yes
2175,42,Male,Backpack,Accessories,49,Colorado,S,Olive,Spring,2.9,No,Store Pickup,No,No,1,Cash,Annually,0,Low Value,0.16312500000000002,Unsatisfied,Low Loyalty,Low Risk,Mature,Low,No
2176,68,Male,Dress,Clothing,50,Nebraska,M,Silver,Spring,3.3,No,Free Shipping,No,No,48,Credit Card,Fortnightly,0,High Value,0.5565051020408163,Unsatisfied,High Loyalty,Low Risk,Mature,Low,Yes
2177,24,Male,Belt,Accessories,91,Vermont,S,Red,Winter,3.4,No,2-Day Shipping,No,No,44,Debit Card,Quarterly,0,High Value,0.6876403061224489,Unsatisfied,High Loyalty,Low Risk,Young Adult,Low,Yes
2178,24,Male,Gloves,Accessories,93,Montana,XL,Green,Winter,3.0,No,Express,No,No,9,PayPal,Bi-Weekly,0,High Value,0.5846045918367347,Unsatisfied,Medium Loyalty,Low Risk,Young Adult,Low,No
2179,21,Male,Jewelry,Accessories,98,Florida,M,Gold,Summer,4.7,No,Standard,No,No,32,Venmo,Annually,0,High Value,0.628545918367347,Satisfied,High Loyalty,Low Risk,Young Adult,Low,Yes
2180,49,Male,Socks,Clothing,82,Delaware,L,Lavender,Fall,2.9,No,Next Day Air,No,No,14,PayPal,Monthly,0,Medium Value,0.5033418367346939,Unsatisfied,Medium Loyalty,Low Risk,Mature,Low,No
2181,41,Male,Coat,Outerwear,37,Connecticut,M,Yellow,Summer,4.1,No,Store Pickup,No,No,43,Cash,Quarterly,0,Low Value,0.37776785714285716,Satisfied,High Loyalty,Low Risk,Mature,Low,No
2182,22,Male,Handbag,Accessories,63,Hawaii,M,Black,Fall,3.2,No,Free Shipping,No,No,32,Bank Transfer,Bi-Weekly,0,High Value,0.556670918367347,Unsatisfied,High Loyalty,Low Risk,Young Adult,Low,Yes
2183,42,Male,Blouse,Clothing,99,New Mexico,M,Maroon,Winter,2.7,No,Store Pickup,No,No,26,Venmo,Bi-Weekly,0,High Value,0.7224362244897959,Unsatisfied,High Loyalty,Low Risk,Mature,Low,Yes
2184,30,Male,Shorts,Clothing,37,Kansas,M,Maroon,Spring,4.7,No,Store Pickup,No,No,2,Cash,Monthly,0,Low Value,0.17674744897959185,Satisfied,Low Loyalty,Low Risk,Adult,Low,No
2185,38,Male,Shoes,Footwear,34,Nevada,S,Gold,Spring,3.2,No,Free Shipping,No,No,16,PayPal,Every 3 Months,0,Low Value,0.22058673469387757,Unsatisfied,Medium Loyalty,Low Risk,Adult,Low,No
2186,40,Male,Shorts,Clothing,32,North Carolina,M,Violet,Winter,2.5,No,Express,No,No,50,Debit Card,Every 3 Months,0,Medium Value,0.4175,Unsatisfied,High Loyalty,Low Risk,Adult,Low,No
2187,55,Male,Sandals,Footwear,23,New Mexico,XL,Teal,Winter,4.3,No,Next Day Air,No,No,6,PayPal,Every 3 Months,0,Low Value,0.09748724489795921,Satisfied,Low Loyalty,Low Risk,Mature,Low,No
2188,37,Male,Blouse,Clothing,78,Idaho,M,Violet,Spring,4.4,No,Free Shipping,No,No,20,PayPal,Annually,0,Medium Value,0.4425765306122449,Satisfied,Medium Loyalty,Low Risk,Adult,Low,No
2189,41,Male,Coat,Outerwear,54,California,M,Brown,Winter,4.7,No,Next Day Air,No,No,9,Credit Card,Weekly,0,Low Value,0.39022959183673467,Satisfied,Medium Loyalty,Low Risk,Mature,Low,No
2190,38,Male,Blouse,Clothing,94,Wisconsin,XL,Brown,Fall,4.0,No,Express,No,No,47,Credit Card,Bi-Weekly,0,High Value,0.8228826530612245,Satisfied,High Loyalty,Low Risk,Adult,Low,Yes
2191,42,Male,Belt,Accessories,75,Alaska,S,Maroon,Spring,4.6,No,Express,No,No,33,Credit Card,Annually,0,Medium Value,0.5052933673469387,Satisfied,High Loyalty,Low Risk,Mature,Low,No
2192,26,Male,Blouse,Clothing,69,Pennsylvania,S,Maroon,Summer,3.8,No,Next Day Air,No,No,46,Cash,Bi-Weekly,0,High Value,0.6761352040816326,Unsatisfied,High Loyalty,Low Risk,Adult,Low,Yes
2193,41,Male,Scarf,Accessories,35,Virginia,L,Yellow,Winter,3.2,No,Next Day Air,No,No,9,Credit Card,Monthly,0,Low Value,0.20835459183673471,Unsatisfied,Medium Loyalty,Low Risk,Mature,Low,No
2194,27,Male,Shirt,Clothing,78,California,L,Turquoise,Spring,5.0,No,Express,No,No,8,PayPal,Monthly,0,Medium Value,0.4441071428571429,Satisfied,Medium Loyalty,Low Risk,Adult,Low,No
2195,61,Male,Socks,Clothing,29,Kentucky,M,Silver,Summer,3.5,No,Standard,No,No,48,Bank Transfer,Quarterly,0,Low Value,0.36338010204081633,Unsatisfied,High Loyalty,Low Risk,Mature,Low,No
2196,58,Male,Jeans,Clothing,62,New York,M,Brown,Fall,3.7,No,Next Day Air,No,No,2,Cash,Monthly,0,Low Value,0.3173724489795918,Unsatisfied,Low Loyalty,Low Risk,Mature,Low,No
2197,25,Male,Dress,Clothing,58,Vermont,M,Gray,Spring,4.8,No,Next Day Air,No,No,31,PayPal,Weekly,0,Medium Value,0.5474234693877551,Satisfied,High Loyalty,Low Risk,Young Adult,Low,No
2198,33,Male,Boots,Footwear,88,Pennsylvania,M,Indigo,Summer,3.7,No,2-Day Shipping,No,No,40,Venmo,Monthly,0,High Value,0.6962755102040816,Unsatisfied,High Loyalty,Low Risk,Adult,Low,Yes
2199,57,Male,Scarf,Accessories,80,New York,L,Turquoise,Summer,3.5,No,Free Shipping,No,No,35,Venmo,Monthly,0,High Value,0.6206632653061224,Unsatisfied,High Loyalty,Low Risk,Mature,Low,Yes
2200,39,Male,Scarf,Accessories,47,North Carolina,M,Maroon,Summer,4.9,No,Store Pickup,No,No,40,Debit Card,Monthly,0,Medium Value,0.4656505102040816,Satisfied,High Loyalty,Low Risk,Adult,Low,No
2201,60,Male,Gloves,Accessories,51,Wyoming,L,Charcoal,Summer,4.7,No,Next Day Air,No,No,27,Debit Card,Every 3 Months,0,Low Value,0.3835586734693877,Satisfied,High Loyalty,Low Risk,Mature,Low,No
2202,39,Male,Pants,Clothing,25,Ohio,L,Peach,Spring,4.9,No,2-Day Shipping,No,No,10,Venmo,Annually,0,Low Value,0.08322704081632652,Satisfied,Medium Loyalty,Low Risk,Adult,Low,No
2203,42,Male,Dress,Clothing,36,Alabama,M,Red,Summer,4.3,No,Next Day Air,No,No,23,Credit Card,Weekly,0,Low Value,0.37469387755102035,Satisfied,Medium Loyalty,Low Risk,Mature,Low,No
2204,53,Male,Dress,Clothing,79,Rhode Island,M,Indigo,Winter,3.1,No,Free Shipping,No,No,32,Cash,Quarterly,0,Medium Value,0.5466709183673469,Unsatisfied,High Loyalty,Low Risk,Mature,Low,No
2205,20,Male,Jeans,Clothing,41,Oregon,S,Lavender,Winter,3.4,No,2-Day Shipping,No,No,6,Debit Card,Monthly,0,Low Value,0.2237372448979592,Unsatisfied,Low Loyalty,Low Risk,Young Adult,Low,No
2206,46,Male,Sweater,Clothing,68,North Dakota,XL,Red,Fall,2.7,No,Express,No,No,27,PayPal,Weekly,0,High Value,0.5791836734693878,Unsatisfied,High Loyalty,Low Risk,Mature,Low,Yes
2207,46,Male,Sandals,Footwear,51,Illinois,L,Green,Spring,2.6,No,Store Pickup,No,No,25,Bank Transfer,Fortnightly,0,Medium Value,0.4213137755102041,Unsatisfied,Medium Loyalty,Low Risk,Mature,Low,No
2208,69,Male,Handbag,Accessories,38,New Mexico,M,Gray,Fall,2.9,No,Next Day Air,No,No,11,Credit Card,Annually,0,Low Value,0.1624744897959184,Unsatisfied,Medium Loyalty,Low Risk,Mature,Low,No
2209,28,Male,Scarf,Accessories,46,Colorado,XL,Violet,Summer,2.7,No,2-Day Shipping,No,No,23,PayPal,Monthly,0,Low Value,0.35594387755102047,Unsatisfied,Medium Loyalty,Low Risk,Adult,Low,No
2210,42,Male,Sandals,Footwear,20,Utah,XL,Beige,Summer,4.5,No,2-Day Shipping,No,No,44,Bank Transfer,Quarterly,0,Low Value,0.28826530612244894,Satisfied,High Loyalty,Low Risk,Mature,Low,No
2211,30,Male,Sunglasses,Accessories,25,Virginia,M,Orange,Summer,3.1,No,Store Pickup,No,No,35,PayPal,Fortnightly,0,Low Value,0.33628826530612244,Unsatisfied,High Loyalty,Low Risk,Adult,Low,No
2212,50,Male,Sweater,Clothing,89,Maine,L,Purple,Winter,3.2,No,Free Shipping,No,No,45,Debit Card,Every 3 Months,0,High Value,0.7075127551020408,Unsatisfied,High Loyalty,Low Risk,Mature,Low,Yes
2213,59,Male,Pants,Clothing,77,Nebraska,M,Brown,Winter,3.3,No,Next Day Air,No,No,22,Bank Transfer,Quarterly,0,Medium Value,0.4741964285714285,Unsatisfied,Medium Loyalty,Low Risk,Mature,Low,No
2214,54,Male,Hat,Accessories,94,Hawaii,M,Maroon,Fall,2.9,No,Express,No,No,18,Debit Card,Quarterly,0,Medium Value,0.5453316326530613,Unsatisfied,Medium Loyalty,Low Risk,Mature,Low,No
2215,50,Male,Belt,Accessories,100,Idaho,L,Gold,Fall,4.1,No,Standard,No,No,20,Debit Card,Weekly,0,High Value,0.7163265306122448,Satisfied,Medium Loyalty,Low Risk,Mature,Low,No
2216,25,Male,Sandals,Footwear,96,West Virginia,M,Indigo,Winter,2.7,No,Express,No,No,28,Credit Card,Fortnightly,0,High Value,0.6928061224489797,Unsatisfied,High Loyalty,Low Risk,Young Adult,Low,Yes
2217,41,Male,Pants,Clothing,36,Vermont,XL,Silver,Winter,4.0,No,Store Pickup,No,No,15,Venmo,Bi-Weekly,0,Low Value,0.3007142857142857,Satisfied,Medium Loyalty,Low Risk,Mature,Low,No
2218,35,Male,Jewelry,Accessories,27,Indiana,XL,Red,Fall,2.6,No,Store Pickup,No,No,42,Bank Transfer,Fortnightly,0,Low Value,0.39039540816326523,Unsatisfied,High Loyalty,Low Risk,Adult,Low,No
2219,67,Male,Sunglasses,Accessories,67,Idaho,M,Magenta,Winter,3.5,No,Store Pickup,No,No,20,Debit Card,Quarterly,0,Medium Value,0.4057015306122449,Unsatisfied,Medium Loyalty,Low Risk,Mature,Low,No
2220,33,Male,Blouse,Clothing,91,Minnesota,S,Purple,Fall,2.8,No,Store Pickup,No,No,16,Bank Transfer,Fortnightly,0,High Value,0.5912117346938776,Unsatisfied,Medium Loyalty,Low Risk,Adult,Low,No
2221,19,Male,Belt,Accessories,62,Wyoming,XL,Beige,Fall,4.5,No,Store Pickup,No,No,47,Cash,Annually,0,Medium Value,0.5178826530612245,Satisfied,High Loyalty,Low Risk,Young Adult,Low,No
2222,25,Male,Shorts,Clothing,88,Kansas,XL,White,Fall,3.0,No,Free Shipping,No,No,34,Credit Card,Annually,0,High Value,0.5845408163265307,Unsatisfied,High Loyalty,Low Risk,Young Adult,Low,Yes
2223,32,Male,Pants,Clothing,66,Georgia,M,Teal,Summer,4.4,No,Store Pickup,No,No,30,Credit Card,Weekly,0,High Value,0.5863010204081632,Satisfied,High Loyalty,Low Risk,Adult,Low,Yes
2224,30,Male,Sandals,Footwear,65,Kansas,M,Gray,Fall,4.7,No,Next Day Air,No,No,5,PayPal,Quarterly,0,Low Value,0.3026147959183674,Satisfied,Low Loyalty,Low Risk,Adult,Low,No
2225,18,Male,Gloves,Accessories,25,Nebraska,L,Charcoal,Winter,4.3,No,Standard,No,No,38,Cash,Quarterly,0,Low Value,0.27965561224489793,Satisfied,High Loyalty,Low Risk,Young Adult,Low,No
2226,38,Male,Belt,Accessories,64,Washington,S,Olive,Spring,4.8,No,Free Shipping,No,No,18,Credit Card,Annually,0,Low Value,0.35158163265306125,Satisfied,Medium Loyalty,Low Risk,Adult,Low,No
2227,22,Male,Shirt,Clothing,72,Missouri,L,Blue,Spring,4.8,No,Store Pickup,No,No,28,Cash,Annually,0,Medium Value,0.4578061224489796,Satisfied,High Loyalty,Low Risk,Young Adult,Low,No
2228,40,Male,Scarf,Accessories,74,Washington,S,Gray,Summer,4.4,No,Next Day Air,No,No,42,Credit Card,Fortnightly,0,High Value,0.6547704081632653,Satisfied,High Loyalty,Low Risk,Adult,Low,Yes
2229,54,Male,Gloves,Accessories,50,Kansas,M,Green,Fall,3.7,No,Free Shipping,No,No,5,Credit Card,Weekly,0,Low Value,0.3432397959183673,Unsatisfied,Low Loyalty,Low Risk,Mature,Low,No
2230,70,Male,Pants,Clothing,97,Minnesota,M,Silver,Fall,3.9,No,Express,No,No,50,Venmo,Monthly,0,High Value,0.808125,Unsatisfied,High Loyalty,Low Risk,Mature,Low,Yes
2231,52,Male,Sneakers,Footwear,36,Colorado,S,Teal,Spring,3.8,No,Express,No,No,33,Venmo,Fortnightly,0,Low Value,0.38591836734693874,Unsatisfied,High Loyalty,Low Risk,Mature,Low,No
2232,34,Male,Jacket,Outerwear,49,Utah,M,Beige,Fall,4.1,No,Store Pickup,No,No,1,Credit Card,Weekly,0,Low Value,0.313125,Satisfied,Low Loyalty,Low Risk,Adult,Low,No
2233,65,Male,Shoes,Footwear,64,North Carolina,L,Lavender,Spring,4.0,No,Store Pickup,No,No,14,Cash,Fortnightly,0,Medium Value,0.42709183673469386,Satisfied,Medium Loyalty,Low Risk,Mature,Low,No
2234,38,Male,Blouse,Clothing,31,Florida,XL,Gray,Summer,4.5,No,Express,No,No,48,Credit Card,Monthly,0,Medium Value,0.4246301020408163,Satisfied,High Loyalty,Low Risk,Adult,Low,No
2235,35,Male,Boots,Footwear,66,New Hampshire,S,Yellow,Winter,4.0,No,Express,No,No,26,Cash,Weekly,0,High Value,0.5618112244897959,Satisfied,High Loyalty,Low Risk,Adult,Low,Yes
2236,40,Male,Socks,Clothing,82,Illinois,M,Gray,Spring,4.5,No,2-Day Shipping,No,No,44,Credit Card,Annually,0,High Value,0.6120153061224489,Satisfied,High Loyalty,Low Risk,Adult,Low,Yes
2237,23,Male,T-shirt,Clothing,88,Louisiana,M,Yellow,Winter,2.7,No,Standard,No,No,18,Debit Card,Fortnightly,0,High Value,0.5865816326530613,Unsatisfied,Medium Loyalty,Low Risk,Young Adult,Low,No
2238,45,Male,Sandals,Footwear,34,Alabama,S,Black,Summer,3.8,No,Next Day Air,No,No,31,Venmo,Every 3 Months,0,Low Value,0.31242346938775506,Unsatisfied,High Loyalty,Low Risk,Mature,Low,No
2239,40,Male,Sneakers,Footwear,84,Florida,L,Beige,Winter,3.8,No,Standard,No,No,18,Debit Card,Weekly,0,High Value,0.6140816326530611,Unsatisfied,Medium Loyalty,Low Risk,Adult,Low,No
2240,42,Male,Jewelry,Accessories,96,Alabama,L,Indigo,Summer,3.8,No,2-Day Shipping,No,No,41,Credit Card,Every 3 Months,0,High Value,0.7223979591836736,Unsatisfied,High Loyalty,Low Risk,Mature,Low,Yes
2241,57,Male,Sandals,Footwear,71,California,L,Green,Winter,4.3,No,Next Day Air,No,No,18,Debit Card,Every 3 Months,0,Medium Value,0.44095663265306123,Satisfied,Medium Loyalty,Low Risk,Mature,Low,No
2242,18,Male,Jacket,Outerwear,77,Maryland,M,Purple,Summer,3.5,No,Free Shipping,No,No,3,Bank Transfer,Bi-Weekly,0,Medium Value,0.45786989795918365,Unsatisfied,Low Loyalty,Low Risk,Young Adult,Low,No
2243,18,Male,Skirt,Clothing,66,Nevada,M,Orange,Spring,3.8,No,Next Day Air,No,No,5,Credit Card,Bi-Weekly,0,Medium Value,0.4082397959183674,Unsatisfied,Low Loyalty,Low Risk,Young Adult,Low,No
2244,56,Male,Shirt,Clothing,21,Massachusetts,M,Teal,Winter,3.7,No,2-Day Shipping,No,No,13,Debit Card,Annually,0,Low Value,0.07909438775510204,Unsatisfied,Medium Loyalty,Low Risk,Mature,Low,No
2245,35,Male,Shorts,Clothing,37,South Carolina,M,Gold,Summer,4.8,No,2-Day Shipping,No,No,22,PayPal,Annually,0,Low Value,0.22419642857142855,Satisfied,Medium Loyalty,Low Risk,Adult,Low,No
2246,49,Male,Socks,Clothing,90,Delaware,L,Gray,Fall,4.9,No,Free Shipping,No,No,45,PayPal,Fortnightly,0,High Value,0.7631377551020407,Satisfied,High Loyalty,Low Risk,Mature,Low,Yes
2247,49,Male,Jacket,Outerwear,96,Hawaii,M,Cyan,Fall,4.3,No,Store Pickup,No,No,39,PayPal,Every 3 Months,0,High Value,0.71015306122449,Satisfied,High Loyalty,Low Risk,Mature,Low,Yes
2248,34,Male,Jewelry,Accessories,37,Florida,L,Teal,Summer,4.4,No,Next Day Air,No,No,18,Venmo,Annually,0,Low Value,0.1997066326530612,Satisfied,Medium Loyalty,Low Risk,Adult,Low,No
2249,63,Male,T-shirt,Clothing,66,Rhode Island,M,Violet,Winter,3.4,No,Free Shipping,No,No,19,PayPal,Fortnightly,0,Medium Value,0.46895408163265306,Unsatisfied,Medium Loyalty,Low Risk,Mature,Low,No
2250,42,Male,Gloves,Accessories,45,Wyoming,XL,Indigo,Spring,4.3,No,Next Day Air,No,No,29,Debit Card,Weekly,0,Medium Value,0.46205357142857134,Satisfied,High Loyalty,Low Risk,Mature,Low,No
2251,41,Male,Shoes,Footwear,89,Colorado,L,Pink,Summer,4.6,No,Store Pickup,No,No,19,Credit Card,Weekly,0,High Value,0.648329081632653,Satisfied,Medium Loyalty,Low Risk,Mature,Low,No
2252,26,Male,Shoes,Footwear,94,Virginia,L,Gold,Fall,3.8,No,Free Shipping,No,No,22,Debit Card,Monthly,0,High Value,0.6198214285714285,Unsatisfied,Medium Loyalty,Low Risk,Adult,Low,No
2253,48,Male,Shoes,Footwear,96,Nebraska,S,Maroon,Summer,3.9,No,Express,No,No,21,Bank Transfer,Annually,0,Medium Value,0.5499489795918369,Unsatisfied,Medium Loyalty,Low Risk,Mature,Low,No
2254,62,Male,Hoodie,Clothing,31,Oklahoma,M,Brown,Spring,2.6,No,Store Pickup,No,No,22,PayPal,Monthly,0,Low Value,0.2654464285714285,Unsatisfied,Medium Loyalty,Low Risk,Mature,Low,No
2255,24,Male,Belt,Accessories,79,North Dakota,M,Gold,Winter,4.2,No,Store Pickup,No,No,44,PayPal,Every 3 Months,0,High Value,0.645140306122449,Satisfied,High Loyalty,Low Risk,Young Adult,Low,Yes
2256,48,Male,Coat,Outerwear,39,Michigan,L,Teal,Spring,4.6,No,Store Pickup,No,No,42,Bank Transfer,Quarterly,0,Low Value,0.3828954081632653,Satisfied,High Loyalty,Low Risk,Mature,Low,No
2257,31,Male,Blouse,Clothing,22,California,M,Turquoise,Fall,5.0,No,Standard,No,No,33,Credit Card,Quarterly,0,Low Value,0.23216836734693877,Satisfied,High Loyalty,Low Risk,Adult,Low,No
2258,41,Male,Skirt,Clothing,32,Tennessee,L,Olive,Fall,4.2,No,Standard,No,No,6,Bank Transfer,Annually,0,Low Value,0.0981122448979592,Satisfied,Low Loyalty,Low Risk,Mature,Low,No
2259,24,Male,T-shirt,Clothing,71,Ohio,L,Cyan,Winter,4.3,No,Store Pickup,No,No,44,Credit Card,Every 3 Months,0,High Value,0.6001403061224491,Satisfied,High Loyalty,Low Risk,Young Adult,Low,Yes
2260,60,Male,Jeans,Clothing,96,Florida,XL,Beige,Spring,3.3,No,Free Shipping,No,No,24,Cash,Annually,0,High Value,0.5683163265306124,Unsatisfied,Medium Loyalty,Low Risk,Mature,Low,No
2261,38,Male,Scarf,Accessories,82,Missouri,M,Blue,Fall,4.9,No,Express,No,No,16,PayPal,Quarterly,0,Medium Value,0.4655867346938776,Satisfied,Medium Loyalty,Low Risk,Adult,Low,No
2262,58,Male,Backpack,Accessories,76,South Carolina,L,Gold,Spring,4.4,No,Standard,No,No,12,Bank Transfer,Fortnightly,0,Medium Value,0.48234693877551027,Satisfied,Medium Loyalty,Low Risk,Mature,Low,No
2263,53,Male,Backpack,Accessories,22,Arizona,M,Green,Winter,3.1,No,2-Day Shipping,No,No,50,PayPal,Monthly,0,Low Value,0.38625000000000004,Unsatisfied,High Loyalty,Low Risk,Mature,Low,No
2264,44,Male,Scarf,Accessories,40,Indiana,XL,Green,Winter,3.5,No,Store Pickup,No,No,42,Cash,Quarterly,0,Low Value,0.3885204081632653,Unsatisfied,High Loyalty,Low Risk,Mature,Low,No
2265,51,Male,Hat,Accessories,92,North Dakota,M,Turquoise,Summer,3.9,No,2-Day Shipping,No,No,50,PayPal,Monthly,0,High Value,0.78,Unsatisfied,High Loyalty,Low Risk,Mature,Low,Yes
2266,36,Male,Coat,Outerwear,94,Montana,XL,Yellow,Fall,3.9,No,Store Pickup,No,No,10,PayPal,Quarterly,0,Medium Value,0.49635204081632656,Unsatisfied,Medium Loyalty,Low Risk,Adult,Low,No
2267,20,Male,Dress,Clothing,44,Missouri,M,Yellow,Fall,4.3,No,Store Pickup,No,No,32,Debit Card,Weekly,0,Medium Value,0.4747959183673469,Satisfied,High Loyalty,Low Risk,Young Adult,Low,No
2268,32,Male,Gloves,Accessories,49,Kentucky,S,Blue,Spring,3.8,No,Express,No,No,37,Venmo,Weekly,0,Medium Value,0.5335331632653061,Unsatisfied,High Loyalty,Low Risk,Adult,Low,No
2269,66,Male,Sweater,Clothing,26,Georgia,L,Charcoal,Spring,2.7,No,2-Day Shipping,No,No,15,Bank Transfer,Monthly,0,Low Value,0.1944642857142857,Unsatisfied,Medium Loyalty,Low Risk,Mature,Low,No
2270,49,Male,Skirt,Clothing,38,Kentucky,M,Yellow,Fall,4.4,No,Store Pickup,No,No,27,Credit Card,Annually,0,Low Value,0.2604336734693877,Satisfied,High Loyalty,Low Risk,Mature,Low,No
2271,27,Male,Blouse,Clothing,72,Georgia,L,Purple,Spring,3.5,No,Express,No,No,7,Venmo,Weekly,0,Medium Value,0.479234693877551,Unsatisfied,Low Loyalty,Low Risk,Adult,Low,No
2272,29,Male,Dress,Clothing,99,Alaska,M,Green,Summer,3.4,No,Free Shipping,No,No,49,PayPal,Quarterly,0,High Value,0.7632525510204081,Unsatisfied,High Loyalty,Low Risk,Adult,Low,Yes
2273,29,Male,Jacket,Outerwear,38,Maine,L,Charcoal,Spring,4.0,No,Standard,No,No,44,PayPal,Monthly,0,Medium Value,0.43951530612244893,Satisfied,High Loyalty,Low Risk,Adult,Low,No
2274,55,Male,Coat,Outerwear,96,New Mexico,L,Silver,Winter,4.8,No,Express,No,No,13,PayPal,Bi-Weekly,0,High Value,0.6259693877551021,Satisfied,Medium Loyalty,Low Risk,Mature,Low,No
2275,57,Male,Dress,Clothing,27,New York,L,Turquoise,Spring,4.5,No,Next Day Air,No,No,38,PayPal,Fortnightly,0,Low Value,0.3659056122448979,Satisfied,High Loyalty,Low Risk,Mature,Low,No
2276,29,Male,Shorts,Clothing,24,Oklahoma,M,Gray,Winter,4.4,No,Standard,No,No,10,Debit Card,Weekly,0,Low Value,0.2276020408163265,Satisfied,Medium Loyalty,Low Risk,Adult,Low,No
2277,31,Male,Jeans,Clothing,82,Wyoming,L,Red,Summer,4.1,No,2-Day Shipping,No,No,25,Debit Card,Weekly,0,High Value,0.6456887755102041,Satisfied,Medium Loyalty,Low Risk,Adult,Low,No
2278,25,Male,Hat,Accessories,56,Alabama,M,Beige,Summer,4.6,No,Next Day Air,No,No,18,Credit Card,Quarterly,0,Low Value,0.3315816326530613,Satisfied,Medium Loyalty,Low Risk,Young Adult,Low,No
2279,61,Male,Gloves,Accessories,25,Maryland,M,Maroon,Fall,3.8,No,Store Pickup,No,No,6,Cash,Every 3 Months,0,Low Value,0.10873724489795919,Unsatisfied,Low Loyalty,Low Risk,Mature,Low,No
2280,53,Male,Sneakers,Footwear,67,West Virginia,L,Indigo,Spring,2.9,No,Free Shipping,No,No,35,Bank Transfer,Quarterly,0,Medium Value,0.49753826530612244,Unsatisfied,High Loyalty,Low Risk,Mature,Low,No
2281,22,Male,Shoes,Footwear,21,Kentucky,M,Red,Summer,2.8,No,Standard,No,No,31,Credit Card,Fortnightly,0,Low Value,0.28929846938775505,Unsatisfied,High Loyalty,Low Risk,Young Adult,Low,No
2282,28,Male,Hoodie,Clothing,27,Kansas,XL,Maroon,Summer,3.0,No,Store Pickup,No,No,41,Bank Transfer,Annually,0,Low Value,0.28427295918367346,Unsatisfied,High Loyalty,Low Risk,Adult,Low,No
2283,18,Male,Sneakers,Footwear,97,Idaho,S,Red,Fall,4.2,No,2-Day Shipping,No,No,8,Credit Card,Annually,0,Medium Value,0.47598214285714296,Satisfied,Medium Loyalty,Low Risk,Young Adult,Low,No
2284,44,Male,Handbag,Accessories,45,Ohio,S,Black,Winter,4.1,No,Free Shipping,No,No,34,Credit Card,Fortnightly,0,Medium Value,0.44266581632653057,Satisfied,High Loyalty,Low Risk,Mature,Low,No
2285,32,Male,Blouse,Clothing,63,Iowa,XL,Black,Fall,4.1,No,Express,No,No,20,Venmo,Annually,0,Low Value,0.3582015306122449,Satisfied,Medium Loyalty,Low Risk,Adult,Low,No
2286,34,Male,Belt,Accessories,100,Michigan,L,Pink,Summer,4.6,No,2-Day Shipping,No,No,38,PayPal,Every 3 Months,0,High Value,0.726530612244898,Satisfied,High Loyalty,Low Risk,Adult,Low,Yes
2287,67,Male,Socks,Clothing,38,South Dakota,L,Blue,Spring,2.5,No,Store Pickup,No,No,35,Venmo,Quarterly,0,Low Value,0.3344132653061225,Unsatisfied,High Loyalty,Low Risk,Mature,Low,No
2288,66,Male,Blouse,Clothing,45,Nebraska,L,Green,Summer,3.0,No,Store Pickup,No,No,6,Debit Card,Annually,0,Low Value,0.1712372448979592,Unsatisfied,Low Loyalty,Low Risk,Mature,Low,No
2289,28,Male,Jewelry,Accessories,91,California,M,Orange,Fall,3.8,No,Next Day Air,No,No,50,PayPal,Weekly,0,High Value,0.849375,Unsatisfied,High Loyalty,Low Risk,Adult,Low,Yes
2290,70,Male,Shorts,Clothing,82,Nevada,M,Orange,Fall,4.1,No,Free Shipping,No,No,47,Venmo,Weekly,0,High Value,0.7803826530612246,Satisfied,High Loyalty,Low Risk,Mature,Low,Yes
2291,37,Male,Boots,Footwear,48,Kansas,L,Magenta,Winter,3.3,No,Standard,No,No,23,PayPal,Quarterly,0,Low Value,0.31719387755102046,Unsatisfied,Medium Loyalty,Low Risk,Adult,Low,No
2292,28,Male,Coat,Outerwear,30,Ohio,M,Indigo,Spring,5.0,No,2-Day Shipping,No,No,13,Credit Card,Quarterly,0,Low Value,0.15471938775510202,Satisfied,Medium Loyalty,Low Risk,Adult,Low,No
2293,43,Male,T-shirt,Clothing,34,Vermont,S,Beige,Spring,3.8,No,Next Day Air,No,No,31,Debit Card,Monthly,0,Low Value,0.3374234693877551,Unsatisfied,High Loyalty,Low Risk,Mature,Low,No
2294,37,Male,Sweater,Clothing,68,Georgia,L,Green,Fall,3.3,No,Express,No,No,16,Debit Card,Every 3 Months,0,Medium Value,0.4118367346938776,Unsatisfied,Medium Loyalty,Low Risk,Adult,Low,No
2295,54,Male,Sunglasses,Accessories,95,Maryland,M,Red,Winter,5.0,No,Express,No,No,40,Debit Card,Annually,0,High Value,0.6606505102040816,Satisfied,High Loyalty,Low Risk,Mature,Low,Yes
2296,50,Male,Hat,Accessories,22,Connecticut,L,Beige,Spring,2.9,No,2-Day Shipping,No,No,45,PayPal,Quarterly,0,Low Value,0.30563775510204083,Unsatisfied,High Loyalty,Low Risk,Mature,Low,No
2297,46,Male,Gloves,Accessories,88,Washington,M,Green,Fall,2.5,No,Next Day Air,No,No,50,Venmo,Every 3 Months,0,High Value,0.7325000000000002,Unsatisfied,High Loyalty,Low Risk,Mature,Low,Yes
2298,60,Male,Socks,Clothing,83,California,M,Orange,Summer,4.7,No,Standard,No,No,1,Bank Transfer,Quarterly,0,Low Value,0.3793750000000001,Satisfied,Low Loyalty,Low Risk,Mature,Low,No
2299,40,Male,Handbag,Accessories,87,Montana,L,Cyan,Spring,2.9,No,2-Day Shipping,No,No,10,Cash,Every 3 Months,0,Medium Value,0.4819770408163266,Unsatisfied,Medium Loyalty,Low Risk,Adult,Low,No
2300,64,Male,Coat,Outerwear,57,Idaho,M,Violet,Summer,3.7,No,Store Pickup,No,No,48,Credit Card,Every 3 Months,0,Medium Value,0.5458801020408163,Unsatisfied,High Loyalty,Low Risk,Mature,Low,No
2301,18,Male,Coat,Outerwear,88,Pennsylvania,XL,Lavender,Summer,4.4,No,2-Day Shipping,No,No,38,Credit Card,Monthly,0,High Value,0.6840306122448979,Satisfied,High Loyalty,Low Risk,Young Adult,Low,Yes
2302,37,Male,Pants,Clothing,20,Maine,L,Turquoise,Winter,2.9,No,Next Day Air,No,No,21,Debit Card,Annually,0,Low Value,0.12244897959183672,Unsatisfied,Medium Loyalty,Low Risk,Adult,Low,No
2303,36,Male,Belt,Accessories,39,Montana,L,Pink,Summer,3.6,No,Store Pickup,No,No,38,Venmo,Monthly,0,Medium Value,0.40840561224489796,Unsatisfied,High Loyalty,Low Risk,Adult,Low,No
2304,51,Male,Sunglasses,Accessories,71,New Jersey,S,Beige,Spring,4.8,No,2-Day Shipping,No,No,31,Credit Card,Fortnightly,0,High Value,0.570548469387755,Satisfied,High Loyalty,Low Risk,Mature,Low,Yes
2305,26,Male,Hoodie,Clothing,73,Louisiana,L,Silver,Winter,4.7,No,Free Shipping,No,No,9,Debit Card,Fortnightly,0,Medium Value,0.4471045918367347,Satisfied,Medium Loyalty,Low Risk,Adult,Low,No
2306,68,Male,Handbag,Accessories,63,Maine,M,Gold,Summer,2.6,No,Free Shipping,No,No,47,Cash,Weekly,0,High Value,0.6735076530612245,Unsatisfied,High Loyalty,Low Risk,Mature,Low,Yes
2307,27,Male,Gloves,Accessories,78,Florida,L,Silver,Winter,3.4,No,Standard,No,No,8,Cash,Bi-Weekly,0,Medium Value,0.4941071428571429,Unsatisfied,Medium Loyalty,Low Risk,Adult,Low,No
2308,28,Male,Skirt,Clothing,96,Missouri,L,Green,Fall,3.5,No,Next Day Air,No,No,30,Debit Card,Annually,0,High Value,0.6050510204081634,Unsatisfied,High Loyalty,Low Risk,Adult,Low,Yes
2309,49,Male,Sunglasses,Accessories,81,North Dakota,M,Teal,Winter,3.4,No,2-Day Shipping,No,No,22,Bank Transfer,Quarterly,0,Medium Value,0.4966964285714286,Unsatisfied,Medium Loyalty,Low Risk,Mature,Low,No
2310,70,Male,Dress,Clothing,95,Connecticut,S,Gold,Fall,5.0,No,2-Day Shipping,No,No,3,Bank Transfer,Quarterly,0,Medium Value,0.4591198979591837,Satisfied,Low Loyalty,Low Risk,Mature,Low,No
2311,30,Male,Gloves,Accessories,68,Virginia,M,Cyan,Spring,4.6,No,Standard,No,No,15,PayPal,Monthly,0,Medium Value,0.43071428571428577,Satisfied,Medium Loyalty,Low Risk,Adult,Low,No
2312,27,Male,Sneakers,Footwear,28,Montana,L,Gold,Spring,4.8,No,2-Day Shipping,No,No,10,Bank Transfer,Every 3 Months,0,Low Value,0.15010204081632655,Satisfied,Medium Loyalty,Low Risk,Adult,Low,No
2313,19,Male,T-shirt,Clothing,30,Vermont,L,Violet,Summer,3.7,No,Free Shipping,No,No,19,Cash,Every 3 Months,0,Low Value,0.21645408163265306,Unsatisfied,Medium Loyalty,Low Risk,Young Adult,Low,No
2314,64,Male,Dress,Clothing,31,Georgia,M,Black,Summer,4.7,No,Next Day Air,No,No,36,Bank Transfer,Fortnightly,0,Low Value,0.37616071428571424,Satisfied,High Loyalty,Low Risk,Mature,Low,No
2315,42,Male,Handbag,Accessories,95,Virginia,XL,Brown,Winter,4.4,No,Express,No,No,12,Bank Transfer,Every 3 Months,0,Medium Value,0.5392219387755103,Satisfied,Medium Loyalty,Low Risk,Mature,Low,No
2316,69,Male,Socks,Clothing,79,Vermont,M,Indigo,Winter,3.5,No,2-Day Shipping,No,No,49,Debit Card,Quarterly,0,High Value,0.6507525510204082,Unsatisfied,High Loyalty,Low Risk,Mature,Low,Yes
2317,28,Male,Sneakers,Footwear,39,Montana,L,Yellow,Winter,3.8,No,Standard,No,No,7,Debit Card,Annually,0,Low Value,0.14360969387755104,Unsatisfied,Low Loyalty,Low Risk,Adult,Low,No
2318,47,Male,Jacket,Outerwear,34,New Jersey,M,Purple,Summer,4.7,No,Next Day Air,No,No,28,Bank Transfer,Monthly,0,Low Value,0.31905612244897963,Satisfied,High Loyalty,Low Risk,Mature,Low,No
2319,69,Male,Hoodie,Clothing,28,Wyoming,L,White,Spring,3.1,No,Store Pickup,No,No,30,Credit Card,Annually,0,Low Value,0.22255102040816324,Unsatisfied,High Loyalty,Low Risk,Mature,Low,No
2320,56,Male,Sandals,Footwear,38,Maine,XL,Turquoise,Winter,5.0,No,Free Shipping,No,No,29,PayPal,Monthly,0,Low Value,0.34767857142857145,Satisfied,High Loyalty,Low Risk,Mature,Low,No
2321,28,Male,Shoes,Footwear,55,New Mexico,M,Olive,Spring,3.7,No,Free Shipping,No,No,9,Debit Card,Every 3 Months,0,Low Value,0.2958545918367347,Unsatisfied,Medium Loyalty,Low Risk,Adult,Low,No
2322,50,Male,Sandals,Footwear,31,Colorado,M,Beige,Winter,3.0,No,Next Day Air,No,No,27,Debit Card,Fortnightly,0,Low Value,0.3210586734693877,Unsatisfied,High Loyalty,Low Risk,Mature,Low,No
2323,39,Male,Coat,Outerwear,84,Connecticut,S,Lavender,Spring,4.5,No,Store Pickup,No,No,21,Venmo,Fortnightly,0,High Value,0.5824489795918367,Satisfied,Medium Loyalty,Low Risk,Adult,Low,No
2324,35,Male,Gloves,Accessories,93,Maryland,L,White,Winter,4.7,No,Express,No,No,36,Credit Card,Monthly,0,High Value,0.6999107142857143,Satisfied,High Loyalty,Low Risk,Adult,Low,Yes
2325,59,Male,Coat,Outerwear,28,Oregon,L,Brown,Winter,3.5,No,Free Shipping,No,No,19,Debit Card,Annually,0,Low Value,0.15520408163265306,Unsatisfied,Medium Loyalty,Low Risk,Mature,Low,No
2326,44,Male,Boots,Footwear,55,New York,M,Charcoal,Summer,4.4,No,2-Day Shipping,No,No,47,Cash,Weekly,0,High Value,0.6285076530612244,Satisfied,High Loyalty,Low Risk,Mature,Low,Yes
2327,66,Male,Skirt,Clothing,63,Oklahoma,L,Maroon,Winter,2.6,No,Standard,No,No,38,Bank Transfer,Annually,0,Medium Value,0.46840561224489796,Unsatisfied,High Loyalty,Low Risk,Mature,Low,No
2328,20,Male,Skirt,Clothing,94,Alabama,M,Red,Winter,4.2,No,2-Day Shipping,No,No,22,Venmo,Bi-Weekly,0,High Value,0.6698214285714286,Satisfied,Medium Loyalty,Low Risk,Young Adult,Low,No
2329,45,Male,Pants,Clothing,36,North Dakota,M,Maroon,Fall,2.6,No,Express,No,No,29,Venmo,Bi-Weekly,0,Low Value,0.3864285714285714,Unsatisfied,High Loyalty,Low Risk,Mature,Low,No
2330,49,Male,Hat,Accessories,97,Nebraska,S,Teal,Spring,4.8,No,Free Shipping,No,No,42,Bank Transfer,Annually,0,High Value,0.6841454081632654,Satisfied,High Loyalty,Low Risk,Mature,Low,Yes
2331,60,Male,Backpack,Accessories,63,Arizona,L,Orange,Summer,2.9,No,Store Pickup,No,No,47,PayPal,Every 3 Months,0,High Value,0.5735076530612245,Unsatisfied,High Loyalty,Low Risk,Mature,Low,Yes
2332,61,Male,Scarf,Accessories,77,Illinois,S,Olive,Spring,4.3,No,2-Day Shipping,No,No,10,Credit Card,Bi-Weekly,0,Medium Value,0.5007270408163265,Satisfied,Medium Loyalty,Low Risk,Mature,Low,No
2333,36,Male,Scarf,Accessories,53,South Carolina,XL,Olive,Fall,2.6,No,Store Pickup,No,No,10,Venmo,Monthly,0,Low Value,0.3157270408163266,Unsatisfied,Medium Loyalty,Low Risk,Adult,Low,No
2334,33,Male,Shirt,Clothing,77,Kansas,M,Beige,Spring,3.8,No,Next Day Air,No,No,1,PayPal,Every 3 Months,0,Low Value,0.370625,Unsatisfied,Low Loyalty,Low Risk,Adult,Low,No
2335,49,Male,Boots,Footwear,79,Kansas,L,Green,Summer,4.2,No,Standard,No,No,7,Credit Card,Monthly,0,Medium Value,0.44360969387755106,Satisfied,Low Loyalty,Low Risk,Mature,Low,No
2336,31,Male,Coat,Outerwear,37,Idaho,M,Black,Summer,3.9,No,Store Pickup,No,No,10,Venmo,Fortnightly,0,Low Value,0.2507270408163265,Unsatisfied,Medium Loyalty,Low Risk,Adult,Low,No
2337,19,Male,Belt,Accessories,94,California,M,Green,Winter,3.1,No,Free Shipping,No,No,11,Credit Card,Weekly,0,High Value,0.6274744897959184,Unsatisfied,Medium Loyalty,Low Risk,Young Adult,Low,No
2338,39,Male,Boots,Footwear,76,North Dakota,S,Violet,Fall,3.6,No,Store Pickup,No,No,5,Cash,Annually,0,Low Value,0.3394897959183674,Unsatisfied,Low Loyalty,Low Risk,Adult,Low,No
2339,66,Male,Sneakers,Footwear,68,Georgia,S,Silver,Fall,4.0,No,Express,No,No,21,PayPal,Quarterly,0,Medium Value,0.4174489795918368,Satisfied,Medium Loyalty,Low Risk,Mature,Low,No
2340,25,Male,Shirt,Clothing,65,Illinois,L,Maroon,Spring,3.4,No,Next Day Air,No,No,24,Bank Transfer,Quarterly,0,Medium Value,0.4189413265306122,Unsatisfied,Medium Loyalty,Low Risk,Young Adult,Low,No
2341,63,Male,Blouse,Clothing,24,Delaware,M,Cyan,Summer,2.6,No,Standard,No,No,37,Credit Card,Fortnightly,0,Low Value,0.3429081632653061,Unsatisfied,High Loyalty,Low Risk,Mature,Low,No
2342,56,Male,Jacket,Outerwear,31,Connecticut,L,Teal,Summer,4.5,No,Express,No,No,22,Venmo,Every 3 Months,0,Low Value,0.24044642857142856,Satisfied,Medium Loyalty,Low Risk,Mature,Low,No
2343,20,Male,Skirt,Clothing,89,Tennessee,M,Olive,Fall,4.9,No,Standard,No,No,16,Debit Card,Fortnightly,0,High Value,0.5799617346938776,Satisfied,Medium Loyalty,Low Risk,Young Adult,Low,No
2344,58,Male,Socks,Clothing,49,Maryland,M,Red,Summer,4.4,No,2-Day Shipping,No,No,44,PayPal,Monthly,0,Medium Value,0.501390306122449,Satisfied,High Loyalty,Low Risk,Mature,Low,No
2345,34,Male,Sandals,Footwear,92,Rhode Island,XL,Lavender,Fall,3.5,No,Express,No,No,14,Venmo,Bi-Weekly,0,High Value,0.609591836734694,Unsatisfied,Medium Loyalty,Low Risk,Adult,Low,No
2346,28,Male,T-shirt,Clothing,32,New York,S,Orange,Winter,3.3,No,Express,No,No,23,Bank Transfer,Every 3 Months,0,Low Value,0.2521938775510204,Unsatisfied,Medium Loyalty,Low Risk,Adult,Low,No
2347,22,Male,Jacket,Outerwear,67,New Mexico,L,Brown,Winter,3.1,No,Standard,No,No,46,Debit Card,Fortnightly,0,High Value,0.6398852040816326,Unsatisfied,High Loyalty,Low Risk,Young Adult,Low,Yes
2348,37,Male,Belt,Accessories,64,California,S,Gray,Fall,4.2,No,Express,No,No,46,Cash,Every 3 Months,0,High Value,0.5730102040816327,Satisfied,High Loyalty,Low Risk,Adult,Low,Yes
2349,54,Male,Shoes,Footwear,84,Maine,M,Orange,Spring,4.9,No,Next Day Air,No,No,16,PayPal,Every 3 Months,0,Medium Value,0.5018367346938776,Satisfied,Medium Loyalty,Low Risk,Mature,Low,No
2350,65,Male,Blouse,Clothing,34,New York,M,Orange,Fall,3.9,No,Standard,No,No,40,Credit Card,Every 3 Months,0,Low Value,0.3675255102040816,Unsatisfied,High Loyalty,Low Risk,Mature,Low,No
2351,57,Male,Shoes,Footwear,26,Hawaii,M,Turquoise,Winter,4.2,No,Free Shipping,No,No,21,Cash,Annually,0,Low Value,0.15619897959183673,Satisfied,Medium Loyalty,Low Risk,Mature,Low,No
2352,38,Male,Sweater,Clothing,50,New Hampshire,S,Cyan,Fall,4.9,No,Store Pickup,No,No,25,PayPal,Bi-Weekly,0,Medium Value,0.4406887755102041,Satisfied,Medium Loyalty,Low Risk,Adult,Low,No
2353,70,Male,Boots,Footwear,46,Nebraska,M,Yellow,Fall,2.8,No,Store Pickup,No,No,25,Bank Transfer,Quarterly,0,Low Value,0.31818877551020414,Unsatisfied,Medium Loyalty,Low Risk,Mature,Low,No
2354,56,Male,Handbag,Accessories,71,Montana,M,White,Fall,4.1,No,Standard,No,No,25,Debit Card,Every 3 Months,0,Medium Value,0.4838137755102041,Satisfied,Medium Loyalty,Low Risk,Mature,Low,No
2355,56,Male,Blouse,Clothing,78,Wisconsin,M,Blue,Summer,4.8,No,Next Day Air,No,No,27,Venmo,Monthly,0,High Value,0.5604336734693878,Satisfied,High Loyalty,Low Risk,Mature,Low,Yes
2356,22,Male,Skirt,Clothing,35,Tennessee,S,Purple,Winter,4.1,No,Next Day Air,No,No,12,Cash,Monthly,0,Low Value,0.22672193877551022,Satisfied,Medium Loyalty,Low Risk,Young Adult,Low,No
2357,57,Male,Backpack,Accessories,58,Montana,M,Gray,Summer,3.0,No,Free Shipping,No,No,27,Debit Card,Quarterly,0,Medium Value,0.3979336734693878,Unsatisfied,High Loyalty,Low Risk,Mature,Low,No
2358,53,Male,Shirt,Clothing,67,Michigan,L,Cyan,Fall,4.2,No,2-Day Shipping,No,No,40,Credit Card,Bi-Weekly,0,High Value,0.6281505102040816,Satisfied,High Loyalty,Low Risk,Mature,Low,Yes
2359,53,Male,Sweater,Clothing,93,Texas,L,Pink,Spring,3.8,No,Standard,No,No,38,Credit Card,Quarterly,0,High Value,0.662155612244898,Unsatisfied,High Loyalty,Low Risk,Mature,Low,Yes
2360,19,Male,Scarf,Accessories,81,Pennsylvania,S,Gold,Spring,3.3,No,2-Day Shipping,No,No,44,Bank Transfer,Every 3 Months,0,High Value,0.656390306122449,Unsatisfied,High Loyalty,Low Risk,Young Adult,Low,Yes
2361,49,Male,Handbag,Accessories,80,New York,L,Silver,Fall,4.7,No,2-Day Shipping,No,No,27,Venmo,Every 3 Months,0,Medium Value,0.5466836734693877,Satisfied,High Loyalty,Low Risk,Mature,Low,No
2362,44,Male,Scarf,Accessories,64,Alabama,M,Gray,Spring,4.3,No,2-Day Shipping,No,No,30,Credit Card,Every 3 Months,0,Medium Value,0.4750510204081632,Satisfied,High Loyalty,Low Risk,Mature,Low,No
2363,27,Male,Jeans,Clothing,41,Virginia,M,Brown,Fall,2.7,No,Standard,No,No,24,Credit Card,Monthly,0,Low Value,0.3339413265306123,Unsatisfied,Medium Loyalty,Low Risk,Adult,Low,No
2364,60,Male,Socks,Clothing,79,Pennsylvania,XL,Pink,Winter,4.2,No,Express,No,No,38,Cash,Bi-Weekly,0,High Value,0.6834056122448979,Satisfied,High Loyalty,Low Risk,Mature,Low,Yes
2365,62,Male,Sunglasses,Accessories,60,Mississippi,L,Maroon,Winter,4.2,No,Free Shipping,No,No,4,PayPal,Quarterly,0,Low Value,0.2683673469387755,Satisfied,Low Loyalty,Low Risk,Mature,Low,No
2366,52,Male,Sneakers,Footwear,91,Wyoming,S,Peach,Winter,2.5,No,Next Day Air,No,No,32,Venmo,Monthly,0,High Value,0.6641709183673469,Unsatisfied,High Loyalty,Low Risk,Mature,Low,Yes
2367,30,Male,Shoes,Footwear,66,New Mexico,L,Brown,Winter,3.6,No,Express,No,No,32,Credit Card,Fortnightly,0,Medium Value,0.5485459183673469,Unsatisfied,High Loyalty,Low Risk,Adult,Low,No
2368,66,Male,Socks,Clothing,85,North Dakota,L,Green,Winter,3.4,No,Standard,No,No,28,Bank Transfer,Bi-Weekly,0,High Value,0.6559311224489797,Unsatisfied,High Loyalty,Low Risk,Mature,Low,Yes
2369,29,Male,Sunglasses,Accessories,38,New Jersey,M,Lavender,Summer,3.3,No,Standard,No,No,6,Debit Card,Every 3 Months,0,Low Value,0.1818622448979592,Unsatisfied,Low Loyalty,Low Risk,Adult,Low,No
2370,24,Male,Sweater,Clothing,23,Vermont,M,Cyan,Winter,4.6,No,Standard,No,No,24,PayPal,Monthly,0,Low Value,0.23269132653061225,Satisfied,Medium Loyalty,Low Risk,Young Adult,Low,No
2371,51,Male,Shoes,Footwear,71,Alaska,M,Black,Spring,3.9,No,Store Pickup,No,No,38,Venmo,Weekly,0,High Value,0.6634056122448979,Unsatisfied,High Loyalty,Low Risk,Mature,Low,Yes
2372,67,Male,Socks,Clothing,25,Indiana,M,Charcoal,Winter,3.7,No,Next Day Air,No,No,28,Debit Card,Annually,0,Low Value,0.1934311224489796,Unsatisfied,High Loyalty,Low Risk,Mature,Low,No
2373,50,Male,Boots,Footwear,39,Alabama,XL,Silver,Spring,3.1,No,Express,No,No,9,PayPal,Fortnightly,0,Low Value,0.2558545918367347,Unsatisfied,Medium Loyalty,Low Risk,Mature,Low,No
2374,37,Male,Hoodie,Clothing,20,Michigan,M,Gray,Spring,4.9,No,Express,No,No,21,Debit Card,Every 3 Months,0,Low Value,0.17244897959183672,Satisfied,Medium Loyalty,Low Risk,Adult,Low,No
2375,69,Male,Gloves,Accessories,73,Washington,L,Peach,Winter,4.7,No,Standard,No,No,31,Debit Card,Monthly,0,High Value,0.556798469387755,Satisfied,High Loyalty,Low Risk,Mature,Low,Yes
2376,60,Male,Backpack,Accessories,63,Virginia,L,Peach,Fall,2.9,No,Next Day Air,No,No,18,Credit Card,Quarterly,0,Low Value,0.3709566326530613,Unsatisfied,Medium Loyalty,Low Risk,Mature,Low,No
2377,21,Male,Gloves,Accessories,94,Tennessee,XL,Cyan,Spring,4.1,No,Express,No,No,5,Cash,Weekly,0,High Value,0.5907397959183673,Satisfied,Low Loyalty,Low Risk,Young Adult,Low,No
2378,44,Male,Blouse,Clothing,94,South Dakota,L,Magenta,Fall,4.0,No,Next Day Air,No,No,22,Cash,Annually,0,Medium Value,0.5448214285714286,Satisfied,Medium Loyalty,Low Risk,Mature,Low,No
2379,26,Male,Scarf,Accessories,71,New Hampshire,L,Teal,Summer,2.7,No,Store Pickup,No,No,37,PayPal,Bi-Weekly,0,High Value,0.6322831632653061,Unsatisfied,High Loyalty,Low Risk,Adult,Low,Yes
2380,40,Male,Hat,Accessories,77,South Dakota,M,Peach,Spring,4.0,No,2-Day Shipping,No,No,22,Debit Card,Monthly,0,Medium Value,0.5241964285714285,Satisfied,Medium Loyalty,Low Risk,Adult,Low,No
2381,41,Male,Scarf,Accessories,66,Pennsylvania,M,Black,Fall,2.5,No,Next Day Air,No,No,36,PayPal,Fortnightly,0,High Value,0.5730357142857143,Unsatisfied,High Loyalty,Low Risk,Mature,Low,Yes
2382,62,Male,Sandals,Footwear,23,Wisconsin,M,Teal,Summer,4.5,No,Free Shipping,No,No,23,PayPal,Annually,0,Low Value,0.1515688775510204,Satisfied,Medium Loyalty,Low Risk,Mature,Low,No
2383,39,Male,Sweater,Clothing,60,California,M,Turquoise,Spring,3.9,No,Express,No,No,44,Debit Card,Weekly,0,High Value,0.6382653061224488,Unsatisfied,High Loyalty,Low Risk,Adult,Low,Yes
2384,53,Male,Backpack,Accessories,72,Rhode Island,L,Gold,Spring,4.9,No,2-Day Shipping,No,No,25,Bank Transfer,Annually,0,Medium Value,0.4394387755102041,Satisfied,Medium Loyalty,Low Risk,Mature,Low,No
2385,24,Male,Blouse,Clothing,35,Alabama,L,Green,Winter,3.3,No,2-Day Shipping,No,No,40,PayPal,Quarterly,0,Low Value,0.3481505102040816,Unsatisfied,High Loyalty,Low Risk,Young Adult,Low,No
2386,41,Male,Scarf,Accessories,31,Oklahoma,M,Brown,Fall,3.8,No,Express,No,No,12,PayPal,Weekly,0,Low Value,0.27922193877551016,Unsatisfied,Medium Loyalty,Low Risk,Mature,Low,No
2387,19,Male,Socks,Clothing,33,Illinois,L,Blue,Summer,2.9,No,Standard,No,No,14,Venmo,Monthly,0,Low Value,0.2277168367346939,Unsatisfied,Medium Loyalty,Low Risk,Young Adult,Low,No
2388,36,Male,Hat,Accessories,95,Tennessee,M,Gold,Summer,4.0,No,2-Day Shipping,No,No,14,Debit Card,Monthly,0,High Value,0.5764668367346938,Satisfied,Medium Loyalty,Low Risk,Adult,Low,No
2389,21,Male,Dress,Clothing,68,Alabama,M,Peach,Fall,4.1,No,Store Pickup,No,No,10,Debit Card,Annually,0,Low Value,0.3251020408163266,Satisfied,Medium Loyalty,Low Risk,Young Adult,Low,No
2390,25,Male,Coat,Outerwear,87,Kansas,M,Violet,Spring,3.1,No,Store Pickup,No,No,17,Bank Transfer,Every 3 Months,0,Medium Value,0.5248341836734695,Unsatisfied,Medium Loyalty,Low Risk,Young Adult,Low,No
2391,65,Male,Shirt,Clothing,64,Arizona,XL,Yellow,Winter,4.6,No,Express,No,No,24,Debit Card,Fortnightly,0,Medium Value,0.48831632653061224,Satisfied,Medium Loyalty,Low Risk,Mature,Low,No
2392,42,Male,Shirt,Clothing,74,Michigan,M,Black,Winter,4.6,No,Next Day Air,No,No,31,Bank Transfer,Quarterly,0,Medium Value,0.5124234693877551,Satisfied,High Loyalty,Low Risk,Mature,Low,No
2393,40,Male,Jeans,Clothing,62,Missouri,L,Silver,Spring,2.6,No,2-Day Shipping,No,No,36,Cash,Annually,0,Medium Value,0.45053571428571426,Unsatisfied,High Loyalty,Low Risk,Adult,Low,No
2394,58,Male,Socks,Clothing,97,Louisiana,M,Brown,Winter,5.0,No,2-Day Shipping,No,No,38,PayPal,Every 3 Months,0,High Value,0.709655612244898,Satisfied,High Loyalty,Low Risk,Mature,Low,Yes
2395,40,Male,Sandals,Footwear,47,Connecticut,L,Peach,Fall,2.9,No,2-Day Shipping,No,No,23,Debit Card,Fortnightly,0,Low Value,0.3865688775510204,Unsatisfied,Medium Loyalty,Low Risk,Adult,Low,No
2396,62,Male,Blouse,Clothing,83,Connecticut,M,Cyan,Winter,3.5,No,2-Day Shipping,No,No,47,PayPal,Bi-Weekly,0,High Value,0.7610076530612245,Unsatisfied,High Loyalty,Low Risk,Mature,Low,Yes
2397,38,Male,Shirt,Clothing,82,Oregon,M,Olive,Spring,3.7,No,2-Day Shipping,No,No,20,Venmo,Weekly,0,High Value,0.615076530612245,Unsatisfied,Medium Loyalty,Low Risk,Adult,Low,No
2398,37,Male,Sunglasses,Accessories,26,West Virginia,L,Black,Fall,2.9,No,Store Pickup,No,No,41,Venmo,Monthly,0,Low Value,0.3536479591836735,Unsatisfied,High Loyalty,Low Risk,Adult,Low,No
2399,65,Male,Jacket,Outerwear,81,Florida,M,Orange,Winter,4.3,No,Free Shipping,No,No,44,Bank Transfer,Fortnightly,0,High Value,0.7063903061224489,Satisfied,High Loyalty,Low Risk,Mature,Low,Yes
2400,55,Male,Dress,Clothing,44,New Hampshire,L,Beige,Spring,3.2,No,Store Pickup,No,No,31,Cash,Monthly,0,Low Value,0.3936734693877551,Unsatisfied,High Loyalty,Low Risk,Mature,Low,No
2401,43,Male,Sunglasses,Accessories,88,Oregon,M,Peach,Winter,4.2,No,Next Day Air,No,No,11,Credit Card,Bi-Weekly,0,High Value,0.5687244897959185,Satisfied,Medium Loyalty,Low Risk,Mature,Low,No
2402,43,Male,Boots,Footwear,76,Oregon,M,Pink,Winter,4.2,No,Standard,No,No,25,PayPal,Bi-Weekly,0,High Value,0.5869387755102041,Satisfied,Medium Loyalty,Low Risk,Mature,Low,No
2403,45,Male,Scarf,Accessories,89,Utah,M,Brown,Winter,3.8,No,Free Shipping,No,No,31,Cash,Weekly,0,High Value,0.721798469387755,Unsatisfied,High Loyalty,Low Risk,Mature,Low,Yes
2404,64,Male,Shorts,Clothing,22,Missouri,M,Magenta,Fall,4.4,No,Standard,No,No,40,Debit Card,Weekly,0,Medium Value,0.40002551020408156,Satisfied,High Loyalty,Low Risk,Mature,Low,No
2405,28,Male,Shorts,Clothing,33,West Virginia,L,Cyan,Winter,3.1,No,2-Day Shipping,No,No,23,Credit Card,Bi-Weekly,0,Low Value,0.3328188775510204,Unsatisfied,Medium Loyalty,Low Risk,Adult,Low,No
2406,69,Male,Jeans,Clothing,97,California,XL,Silver,Fall,5.0,No,Standard,No,No,5,Debit Card,Quarterly,0,Medium Value,0.4826147959183675,Satisfied,Low Loyalty,Low Risk,Mature,Low,No
2407,54,Male,Scarf,Accessories,57,California,M,Indigo,Winter,4.7,No,Standard,No,No,26,PayPal,Weekly,0,Medium Value,0.5111862244897958,Satisfied,High Loyalty,Low Risk,Mature,Low,No
2408,52,Male,Shorts,Clothing,38,Illinois,M,Beige,Summer,3.0,No,Express,No,No,11,Credit Card,Bi-Weekly,0,Low Value,0.2874744897959184,Unsatisfied,Medium Loyalty,Low Risk,Mature,Low,No
2409,23,Male,Sneakers,Footwear,55,Hawaii,XL,Black,Fall,4.2,No,Next Day Air,No,No,44,Debit Card,Every 3 Months,0,Medium Value,0.510140306122449,Satisfied,High Loyalty,Low Risk,Young Adult,Low,No
2410,26,Male,Jewelry,Accessories,37,Washington,L,Yellow,Spring,3.0,No,Store Pickup,No,No,47,Cash,Every 3 Months,0,Medium Value,0.4272576530612245,Unsatisfied,High Loyalty,Low Risk,Adult,Low,No
2411,48,Male,Shoes,Footwear,43,Wisconsin,M,Maroon,Summer,3.7,No,Free Shipping,No,No,46,PayPal,Monthly,0,Medium Value,0.47988520408163265,Unsatisfied,High Loyalty,Low Risk,Mature,Low,No
2412,49,Male,Hoodie,Clothing,96,Virginia,M,Cyan,Summer,2.7,No,Free Shipping,No,No,35,Cash,Every 3 Months,0,High Value,0.6856632653061225,Unsatisfied,High Loyalty,Low Risk,Mature,Low,Yes
2413,53,Male,Jacket,Outerwear,51,Oregon,M,Pink,Winter,4.3,No,2-Day Shipping,No,No,8,Bank Transfer,Bi-Weekly,0,Low Value,0.3422321428571429,Satisfied,Medium Loyalty,Low Risk,Mature,Low,No
2414,69,Male,Shorts,Clothing,95,Pennsylvania,XL,Violet,Fall,2.7,No,2-Day Shipping,No,No,30,Bank Transfer,Weekly,0,High Value,0.7494260204081631,Unsatisfied,High Loyalty,Low Risk,Mature,Low,Yes
2415,26,Male,Socks,Clothing,26,Virginia,M,Lavender,Summer,3.7,No,Next Day Air,No,No,14,Credit Card,Bi-Weekly,0,Low Value,0.23834183673469386,Unsatisfied,Medium Loyalty,Low Risk,Adult,Low,No
2416,21,Male,Coat,Outerwear,34,Hawaii,XL,Lavender,Fall,4.3,No,Standard,No,No,30,Bank Transfer,Weekly,0,Medium Value,0.40630102040816324,Satisfied,High Loyalty,Low Risk,Young Adult,Low,No
2417,59,Male,Sandals,Footwear,83,Nebraska,S,Black,Summer,4.0,No,Next Day Air,No,No,26,Credit Card,Every 3 Months,0,High Value,0.557436224489796,Satisfied,High Loyalty,Low Risk,Mature,Low,Yes
2418,21,Male,Backpack,Accessories,24,Alaska,M,Olive,Fall,3.3,No,Standard,No,No,32,Venmo,Fortnightly,0,Low Value,0.31229591836734694,Unsatisfied,High Loyalty,Low Risk,Young Adult,Low,No
2419,22,Male,Pants,Clothing,69,Michigan,S,Indigo,Fall,4.0,No,Next Day Air,No,No,47,Cash,Every 3 Months,0,High Value,0.6072576530612246,Satisfied,High Loyalty,Low Risk,Young Adult,Low,Yes
2420,26,Male,Sweater,Clothing,40,North Carolina,M,Blue,Fall,2.7,No,Next Day Air,No,No,11,Credit Card,Every 3 Months,0,Low Value,0.22372448979591836,Unsatisfied,Medium Loyalty,Low Risk,Adult,Low,No
2421,41,Male,Jacket,Outerwear,87,North Carolina,S,Green,Winter,4.2,No,Free Shipping,No,No,28,PayPal,Annually,0,Medium Value,0.5421811224489796,Satisfied,High Loyalty,Low Risk,Mature,Low,No
2422,37,Male,Sneakers,Footwear,46,Minnesota,L,Pink,Spring,4.6,No,Standard,No,No,2,Debit Card,Every 3 Months,0,Low Value,0.2023724489795919,Satisfied,Low Loyalty,Low Risk,Adult,Low,No
2423,30,Male,Jewelry,Accessories,82,Georgia,M,Peach,Winter,4.8,No,Store Pickup,No,No,45,Credit Card,Weekly,0,High Value,0.7681377551020407,Satisfied,High Loyalty,Low Risk,Adult,Low,Yes
2424,49,Male,Backpack,Accessories,81,West Virginia,M,Purple,Summer,2.8,No,Free Shipping,No,No,7,Credit Card,Every 3 Months,0,Medium Value,0.429859693877551,Unsatisfied,Low Loyalty,Low Risk,Mature,Low,No
2425,49,Male,Jewelry,Accessories,57,Delaware,M,Peach,Winter,4.5,No,Next Day Air,No,No,28,Bank Transfer,Bi-Weekly,0,Medium Value,0.4984311224489796,Satisfied,High Loyalty,Low Risk,Mature,Low,No
2426,58,Male,Shoes,Footwear,49,North Dakota,S,Olive,Summer,3.0,No,2-Day Shipping,No,No,34,Bank Transfer,Quarterly,0,Low Value,0.39016581632653063,Unsatisfied,High Loyalty,Low Risk,Mature,Low,No
2427,70,Male,Jacket,Outerwear,42,Florida,M,Olive,Fall,4.6,No,Free Shipping,No,No,26,Debit Card,Every 3 Months,0,Low Value,0.3268112244897959,Satisfied,High Loyalty,Low Risk,Mature,Low,No
2428,27,Male,Jacket,Outerwear,26,Oregon,M,Purple,Spring,3.3,No,Standard,No,No,45,Cash,Quarterly,0,Low Value,0.3281377551020408,Unsatisfied,High Loyalty,Low Risk,Adult,Low,No
2429,65,Male,T-shirt,Clothing,38,Idaho,M,Violet,Spring,4.4,No,Next Day Air,No,No,34,Debit Card,Annually,0,Low Value,0.3032908163265306,Satisfied,High Loyalty,Low Risk,Mature,Low,No
2430,57,Male,Sneakers,Footwear,57,Virginia,XL,Maroon,Summer,4.4,No,Standard,No,No,47,Credit Card,Fortnightly,0,High Value,0.5897576530612245,Satisfied,High Loyalty,Low Risk,Mature,Low,Yes
2431,20,Male,Jacket,Outerwear,100,North Dakota,XL,White,Summer,4.3,No,Express,No,No,42,Cash,Quarterly,0,High Value,0.7260204081632653,Satisfied,High Loyalty,Low Risk,Young Adult,Low,Yes
2432,34,Male,Hoodie,Clothing,73,Alabama,S,Olive,Fall,3.4,No,Express,No,No,27,Bank Transfer,Every 3 Months,0,Medium Value,0.5073086734693878,Unsatisfied,High Loyalty,Low Risk,Adult,Low,No
2433,59,Male,Jacket,Outerwear,66,Hawaii,M,Peach,Winter,2.8,No,Store Pickup,No,No,43,Venmo,Monthly,0,High Value,0.5908928571428571,Unsatisfied,High Loyalty,Low Risk,Mature,Low,Yes
2434,54,Male,T-shirt,Clothing,73,Oregon,M,Blue,Spring,3.4,No,Standard,No,No,16,Cash,Bi-Weekly,0,Medium Value,0.5149617346938775,Unsatisfied,Medium Loyalty,Low Risk,Mature,Low,No
2435,36,Male,Gloves,Accessories,45,Utah,M,Brown,Spring,5.0,No,Store Pickup,No,No,40,Credit Card,Monthly,0,Medium Value,0.4544005102040816,Satisfied,High Loyalty,Low Risk,Adult,Low,No
2436,21,Male,Sneakers,Footwear,27,Hawaii,S,Black,Fall,4.5,No,Free Shipping,No,No,29,Cash,Bi-Weekly,0,Low Value,0.3358035714285714,Satisfied,High Loyalty,Low Risk,Young Adult,Low,No
2437,52,Male,T-shirt,Clothing,24,Connecticut,M,Yellow,Fall,2.7,No,Store Pickup,No,No,38,Credit Card,Quarterly,0,Low Value,0.27403061224489794,Unsatisfied,High Loyalty,Low Risk,Mature,Low,No
2438,43,Male,Sneakers,Footwear,59,Wyoming,XL,Magenta,Winter,3.4,No,Store Pickup,No,No,34,Credit Card,Weekly,0,High Value,0.5714158163265306,Unsatisfied,High Loyalty,Low Risk,Mature,Low,Yes
2439,32,Male,Jeans,Clothing,20,Delaware,S,Cyan,Winter,3.4,No,Express,No,No,30,Venmo,Weekly,0,Low Value,0.3275510204081632,Unsatisfied,High Loyalty,Low Risk,Adult,Low,No
2440,55,Male,Handbag,Accessories,44,Arkansas,M,Maroon,Summer,2.8,No,Standard,No,No,45,Bank Transfer,Annually,0,Medium Value,0.40438775510204084,Unsatisfied,High Loyalty,Low Risk,Mature,Low,No
2441,31,Male,Socks,Clothing,90,Indiana,M,Red,Spring,4.7,No,Standard,No,No,47,Bank Transfer,Annually,0,High Value,0.6753826530612245,Satisfied,High Loyalty,Low Risk,Adult,Low,Yes
2442,45,Male,Jewelry,Accessories,36,California,M,Black,Fall,4.7,No,Free Shipping,No,No,5,Credit Card,Monthly,0,Low Value,0.18948979591836734,Satisfied,Low Loyalty,Low Risk,Mature,Low,No
2443,53,Male,Blouse,Clothing,95,Wyoming,L,Violet,Winter,4.7,No,Free Shipping,No,No,50,Debit Card,Bi-Weekly,0,High Value,0.846875,Satisfied,High Loyalty,Low Risk,Mature,Low,Yes
2444,24,Male,Backpack,Accessories,30,South Dakota,M,Green,Spring,3.4,No,2-Day Shipping,No,No,24,Bank Transfer,Bi-Weekly,0,Low Value,0.32206632653061223,Unsatisfied,Medium Loyalty,Low Risk,Young Adult,Low,No
2445,47,Male,Scarf,Accessories,65,West Virginia,S,Gold,Fall,3.7,No,Express,No,No,15,Debit Card,Bi-Weekly,0,Medium Value,0.4638392857142857,Unsatisfied,Medium Loyalty,Low Risk,Mature,Low,No
2446,63,Male,Scarf,Accessories,96,Tennessee,M,Brown,Summer,4.1,No,Store Pickup,No,No,50,Cash,Weekly,0,High Value,0.8775,Satisfied,High Loyalty,Low Risk,Mature,Low,Yes
2447,38,Male,Shirt,Clothing,65,Alaska,L,Peach,Spring,2.9,No,2-Day Shipping,No,No,7,Credit Card,Monthly,0,Low Value,0.364859693877551,Unsatisfied,Low Loyalty,Low Risk,Adult,Low,No
2448,59,Male,Pants,Clothing,47,South Dakota,L,Peach,Fall,3.2,No,Store Pickup,No,No,10,Venmo,Fortnightly,0,Low Value,0.30697704081632654,Unsatisfied,Medium Loyalty,Low Risk,Mature,Low,No
2449,54,Male,Hat,Accessories,25,Tennessee,S,Violet,Fall,3.0,No,Free Shipping,No,No,38,PayPal,Bi-Weekly,0,Low Value,0.3796556122448979,Unsatisfied,High Loyalty,Low Risk,Mature,Low,No
2450,26,Male,Coat,Outerwear,56,Alabama,S,Violet,Fall,4.1,No,Express,No,No,31,Venmo,Fortnightly,0,Medium Value,0.4861734693877551,Satisfied,High Loyalty,Low Risk,Adult,Low,No
2451,68,Male,T-shirt,Clothing,76,North Carolina,M,Magenta,Fall,4.5,No,Standard,No,No,7,Venmo,Quarterly,0,Low Value,0.3767346938775511,Satisfied,Low Loyalty,Low Risk,Mature,Low,No
2452,41,Male,Socks,Clothing,60,Oklahoma,M,Purple,Fall,3.4,No,Store Pickup,No,No,27,Venmo,Monthly,0,Medium Value,0.45918367346938777,Unsatisfied,High Loyalty,Low Risk,Mature,Low,No
2453,68,Male,Shirt,Clothing,67,New York,L,Purple,Winter,4.1,No,Express,No,No,45,Bank Transfer,Every 3 Months,0,High Value,0.5837627551020408,Satisfied,High Loyalty,Low Risk,Mature,Low,Yes
2454,21,Male,Sweater,Clothing,95,Iowa,XL,Cyan,Spring,4.6,No,Store Pickup,No,No,13,Cash,Annually,0,Medium Value,0.49534438775510203,Satisfied,Medium Loyalty,Low Risk,Young Adult,Low,No
2455,32,Male,Gloves,Accessories,72,Alaska,M,Magenta,Winter,4.6,No,Express,No,No,33,Venmo,Annually,0,Medium Value,0.4884183673469388,Satisfied,High Loyalty,Low Risk,Adult,Low,No
2456,20,Male,Belt,Accessories,98,Alaska,L,Lavender,Spring,3.4,No,Express,No,No,25,Cash,Every 3 Months,0,High Value,0.6356887755102041,Unsatisfied,Medium Loyalty,Low Risk,Young Adult,Low,No
2457,59,Male,Jeans,Clothing,83,Nebraska,M,Green,Winter,3.3,No,2-Day Shipping,No,No,5,PayPal,Monthly,0,Medium Value,0.4538647959183674,Unsatisfied,Low Loyalty,Low Risk,Mature,Low,No
2458,53,Male,Handbag,Accessories,37,Delaware,M,Maroon,Fall,3.6,No,2-Day Shipping,No,No,23,Cash,Quarterly,0,Low Value,0.2553188775510204,Unsatisfied,Medium Loyalty,Low Risk,Mature,Low,No
2459,66,Male,T-shirt,Clothing,85,Texas,L,Turquoise,Fall,4.6,No,Free Shipping,No,No,17,Bank Transfer,Weekly,0,High Value,0.6135841836734695,Satisfied,Medium Loyalty,Low Risk,Mature,Low,No
2460,47,Male,Socks,Clothing,36,Missouri,L,Violet,Fall,4.3,No,2-Day Shipping,No,No,14,Cash,Weekly,0,Low Value,0.3195918367346938,Satisfied,Medium Loyalty,Low Risk,Mature,Low,No
2461,58,Male,Jeans,Clothing,36,Maine,S,Lavender,Winter,4.0,No,Store Pickup,No,No,28,Credit Card,Annually,0,Low Value,0.2553061224489796,Satisfied,High Loyalty,Low Risk,Mature,Low,No
2462,28,Male,Scarf,Accessories,86,Pennsylvania,L,Red,Summer,4.8,No,Next Day Air,No,No,19,Credit Card,Weekly,0,High Value,0.631454081632653,Satisfied,Medium Loyalty,Low Risk,Adult,Low,No
2463,68,Male,Pants,Clothing,99,Missouri,XL,Orange,Spring,4.3,No,Standard,No,No,31,Bank Transfer,Bi-Weekly,0,High Value,0.753048469387755,Satisfied,High Loyalty,Low Risk,Mature,Low,Yes
2464,60,Male,Blouse,Clothing,21,Mississippi,XL,Indigo,Summer,3.3,No,Standard,No,No,25,Cash,Bi-Weekly,0,Low Value,0.27756377551020406,Unsatisfied,Medium Loyalty,Low Risk,Mature,Low,No
2465,47,Male,Jacket,Outerwear,84,Hawaii,L,Teal,Winter,2.8,No,Express,No,No,4,Cash,Bi-Weekly,0,Medium Value,0.5033673469387756,Unsatisfied,Low Loyalty,Low Risk,Mature,Low,No
2466,18,Male,Sandals,Footwear,63,Texas,M,Brown,Spring,4.4,No,Free Shipping,No,No,20,Bank Transfer,Weekly,0,Medium Value,0.5082015306122449,Satisfied,Medium Loyalty,Low Risk,Young Adult,Low,No
2467,32,Male,Shorts,Clothing,84,South Dakota,S,Pink,Summer,3.7,No,Express,No,No,37,Cash,Annually,0,High Value,0.5804081632653062,Unsatisfied,High Loyalty,Low Risk,Adult,Low,Yes
2468,27,Male,Shorts,Clothing,72,New Jersey,M,Lavender,Spring,3.6,No,Express,No,No,28,Credit Card,Annually,0,Medium Value,0.4578061224489796,Unsatisfied,High Loyalty,Low Risk,Adult,Low,No
2469,65,Male,Skirt,Clothing,21,Connecticut,L,Cyan,Winter,3.7,No,2-Day Shipping,No,No,6,Venmo,Weekly,0,Low Value,0.18623724489795915,Unsatisfied,Low Loyalty,Low Risk,Mature,Low,No
2470,68,Male,Sandals,Footwear,92,Maryland,M,Yellow,Fall,5.0,No,Standard,No,No,27,PayPal,Annually,0,High Value,0.5641836734693878,Satisfied,High Loyalty,Low Risk,Mature,Low,Yes
2471,55,Male,Blouse,Clothing,72,Arizona,XL,Pink,Fall,2.7,No,Next Day Air,No,No,29,Credit Card,Fortnightly,0,High Value,0.5639285714285714,Unsatisfied,High Loyalty,Low Risk,Mature,Low,Yes
2472,30,Male,Sandals,Footwear,83,Oklahoma,M,Gray,Spring,4.3,No,Store Pickup,No,No,1,Cash,Annually,0,Low Value,0.35437500000000005,Satisfied,Low Loyalty,Low Risk,Adult,Low,No
2473,24,Male,Shirt,Clothing,73,Utah,M,Peach,Summer,4.1,No,Standard,No,No,31,Credit Card,Annually,0,Medium Value,0.48179846938775506,Satisfied,High Loyalty,Low Risk,Young Adult,Low,No
2474,57,Male,Socks,Clothing,98,Arkansas,M,Red,Winter,2.6,No,Next Day Air,No,No,28,Cash,Quarterly,0,High Value,0.6290561224489796,Unsatisfied,High Loyalty,Low Risk,Mature,Low,Yes
2475,23,Male,T-shirt,Clothing,76,North Carolina,M,Olive,Fall,3.2,No,Store Pickup,No,No,19,Bank Transfer,Quarterly,0,Medium Value,0.45020408163265313,Unsatisfied,Medium Loyalty,Low Risk,Young Adult,Low,No
2476,69,Male,Dress,Clothing,43,California,S,Lavender,Summer,3.5,No,Next Day Air,No,No,36,Venmo,Monthly,0,Medium Value,0.4186607142857142,Unsatisfied,High Loyalty,Low Risk,Mature,Low,No
2477,60,Male,Hat,Accessories,60,Colorado,M,Turquoise,Summer,3.7,No,Next Day Air,No,No,28,Cash,Monthly,0,Medium Value,0.46530612244897956,Unsatisfied,High Loyalty,Low Risk,Mature,Low,No
2478,25,Male,Gloves,Accessories,40,California,L,Turquoise,Spring,3.8,No,2-Day Shipping,No,No,29,PayPal,Weekly,0,Medium Value,0.4339285714285714,Unsatisfied,High Loyalty,Low Risk,Young Adult,Low,No
2479,18,Male,Socks,Clothing,93,Vermont,S,Maroon,Winter,4.8,No,2-Day Shipping,No,No,9,Bank Transfer,Every 3 Months,0,Medium Value,0.5096045918367348,Satisfied,Medium Loyalty,Low Risk,Young Adult,Low,No
2480,37,Male,Dress,Clothing,98,Kansas,S,Olive,Fall,4.2,No,Standard,No,No,26,Credit Card,Every 3 Months,0,High Value,0.641811224489796,Satisfied,High Loyalty,Low Risk,Adult,Low,Yes
2481,61,Male,Socks,Clothing,91,Ohio,XL,Maroon,Summer,2.9,No,Next Day Air,No,No,7,Credit Card,Fortnightly,0,Medium Value,0.536109693877551,Unsatisfied,Low Loyalty,Low Risk,Mature,Low,No
2482,41,Male,Belt,Accessories,92,New Jersey,XL,Cyan,Fall,2.9,No,Free Shipping,No,No,35,Debit Card,Weekly,0,High Value,0.7631632653061224,Unsatisfied,High Loyalty,Low Risk,Mature,Low,Yes
2483,69,Male,Handbag,Accessories,87,Arizona,S,Peach,Winter,4.8,No,Next Day Air,No,No,46,Credit Card,Every 3 Months,0,High Value,0.7023852040816327,Satisfied,High Loyalty,Low Risk,Mature,Low,Yes
2484,32,Male,Skirt,Clothing,96,Arizona,S,Teal,Fall,2.9,No,Standard,No,No,8,Debit Card,Monthly,0,Medium Value,0.545357142857143,Unsatisfied,Medium Loyalty,Low Risk,Adult,Low,No
2485,60,Male,Hoodie,Clothing,97,New Hampshire,M,Green,Summer,4.8,No,2-Day Shipping,No,No,50,Cash,Every 3 Months,0,High Value,0.7831250000000001,Satisfied,High Loyalty,Low Risk,Mature,Low,Yes
2486,43,Male,Blouse,Clothing,55,Louisiana,M,Beige,Spring,4.6,No,2-Day Shipping,No,No,37,Bank Transfer,Annually,0,Medium Value,0.4172831632653061,Satisfied,High Loyalty,Low Risk,Mature,Low,No
2487,61,Male,Jeans,Clothing,58,Texas,L,Magenta,Spring,4.4,No,Store Pickup,No,No,6,Credit Card,Fortnightly,0,Low Value,0.34436224489795925,Satisfied,Low Loyalty,Low Risk,Mature,Low,No
2488,57,Male,Boots,Footwear,21,Montana,L,Violet,Spring,3.0,No,Next Day Air,No,No,16,PayPal,Bi-Weekly,0,Low Value,0.22246173469387753,Unsatisfied,Medium Loyalty,Low Risk,Mature,Low,No
2489,56,Male,Handbag,Accessories,82,New Hampshire,XL,Charcoal,Summer,4.4,No,Express,No,No,30,PayPal,Monthly,0,High Value,0.6013010204081632,Satisfied,High Loyalty,Low Risk,Mature,Low,Yes
2490,66,Male,Coat,Outerwear,34,South Dakota,M,Green,Winter,3.9,No,Express,No,No,50,Venmo,Quarterly,0,Medium Value,0.40375000000000005,Unsatisfied,High Loyalty,Low Risk,Mature,Low,No
2491,52,Male,Blouse,Clothing,78,Montana,M,Gray,Spring,4.0,No,Free Shipping,No,No,5,Cash,Every 3 Months,0,Medium Value,0.4007397959183674,Satisfied,Low Loyalty,Low Risk,Mature,Low,No
2492,63,Male,Handbag,Accessories,47,North Carolina,M,Magenta,Spring,2.5,No,Express,No,No,15,Bank Transfer,Monthly,0,Low Value,0.3125892857142857,Unsatisfied,Medium Loyalty,Low Risk,Mature,Low,No
2493,50,Male,Sunglasses,Accessories,96,South Dakota,S,Silver,Summer,4.1,No,Next Day Air,No,No,34,Bank Transfer,Bi-Weekly,0,High Value,0.7545408163265307,Satisfied,High Loyalty,Low Risk,Mature,Low,Yes
2494,21,Male,Socks,Clothing,23,Maine,S,Beige,Fall,4.8,No,2-Day Shipping,No,No,6,Venmo,Every 3 Months,0,Low Value,0.09748724489795921,Satisfied,Low Loyalty,Low Risk,Young Adult,Low,No
2495,42,Male,Shoes,Footwear,27,Oklahoma,S,Peach,Winter,2.6,No,Store Pickup,No,No,26,Debit Card,Annually,0,Low Value,0.19243622448979592,Unsatisfied,High Loyalty,Low Risk,Mature,Low,No
2496,40,Male,Backpack,Accessories,37,Nebraska,XL,Orange,Spring,3.1,No,Free Shipping,No,No,34,Credit Card,Every 3 Months,0,Low Value,0.3476658163265306,Unsatisfied,High Loyalty,Low Risk,Adult,Low,No
2497,67,Male,Scarf,Accessories,79,Illinois,S,Yellow,Summer,3.2,No,Store Pickup,No,No,37,Credit Card,Weekly,0,High Value,0.7022831632653062,Unsatisfied,High Loyalty,Low Risk,Mature,Low,Yes
2498,35,Male,Backpack,Accessories,40,Colorado,M,Violet,Summer,4.2,No,Standard,No,No,28,Bank Transfer,Annually,0,Low Value,0.27780612244897956,Satisfied,High Loyalty,Low Risk,Adult,Low,No
2499,18,Male,Coat,Outerwear,39,Massachusetts,S,Green,Fall,2.6,No,Next Day Air,No,No,38,Cash,Fortnightly,0,Medium Value,0.43340561224489793,Unsatisfied,High Loyalty,Low Risk,Young Adult,Low,No
2500,52,Male,Hoodie,Clothing,73,Louisiana,L,Pink,Summer,3.1,No,Next Day Air,No,No,2,Cash,Quarterly,0,Low Value,0.3292474489795919,Unsatisfied,Low Loyalty,Low Risk,Mature,Low,No
2501,59,Male,Gloves,Accessories,84,Massachusetts,M,Violet,Fall,2.9,No,Store Pickup,No,No,32,Cash,Bi-Weekly,0,High Value,0.674795918367347,Unsatisfied,High Loyalty,Low Risk,Mature,Low,Yes
2502,49,Male,Shorts,Clothing,94,West Virginia,M,Violet,Fall,4.6,No,Free Shipping,No,No,30,Venmo,Bi-Weekly,0,High Value,0.7188010204081632,Satisfied,High Loyalty,Low Risk,Mature,Low,Yes
2503,46,Male,Skirt,Clothing,47,Idaho,L,Pink,Spring,4.1,No,Standard,No,No,17,PayPal,Every 3 Months,0,Low Value,0.29983418367346937,Satisfied,Medium Loyalty,Low Risk,Mature,Low,No
2504,69,Male,Boots,Footwear,77,Ohio,M,Violet,Summer,2.5,No,Store Pickup,No,No,5,Debit Card,Bi-Weekly,0,Medium Value,0.47011479591836736,Unsatisfied,Low Loyalty,Low Risk,Mature,Low,No
2505,56,Male,Shorts,Clothing,94,Rhode Island,M,Turquoise,Winter,4.0,No,Store Pickup,No,No,31,Cash,Bi-Weekly,0,High Value,0.7249234693877551,Satisfied,High Loyalty,Low Risk,Mature,Low,Yes
2506,27,Male,Handbag,Accessories,75,Illinois,M,Cyan,Summer,3.5,No,Express,No,No,43,PayPal,Quarterly,0,High Value,0.5915178571428571,Unsatisfied,High Loyalty,Low Risk,Adult,Low,Yes
2507,57,Male,Dress,Clothing,82,New York,XL,Orange,Spring,4.4,No,Free Shipping,No,No,19,Venmo,Annually,0,Medium Value,0.4589540816326531,Satisfied,Medium Loyalty,Low Risk,Mature,Low,No
2508,58,Male,Shoes,Footwear,36,Louisiana,M,Cyan,Fall,2.9,No,Store Pickup,No,No,32,Credit Card,Every 3 Months,0,Low Value,0.3297959183673469,Unsatisfied,High Loyalty,Low Risk,Mature,Low,No
2509,23,Male,Sneakers,Footwear,90,California,XL,Indigo,Spring,3.1,No,2-Day Shipping,No,No,5,Debit Card,Bi-Weekly,0,Medium Value,0.5432397959183674,Unsatisfied,Low Loyalty,Low Risk,Young Adult,Low,No
2510,19,Male,Socks,Clothing,48,Washington,M,Black,Spring,4.4,No,Free Shipping,No,No,9,Bank Transfer,Quarterly,0,Low Value,0.23147959183673475,Satisfied,Medium Loyalty,Low Risk,Young Adult,Low,No
2511,40,Male,Jacket,Outerwear,42,South Dakota,L,Purple,Winter,4.4,No,Standard,No,No,48,Credit Card,Weekly,0,High Value,0.5615051020408163,Satisfied,High Loyalty,Low Risk,Adult,Low,Yes
2512,54,Male,Backpack,Accessories,33,Idaho,M,Cyan,Summer,2.7,No,Store Pickup,No,No,1,PayPal,Quarterly,0,Low Value,0.09812500000000002,Unsatisfied,Low Loyalty,Low Risk,Mature,Low,No
2513,50,Male,Socks,Clothing,63,North Dakota,M,Green,Summer,4.9,No,Free Shipping,No,No,20,Credit Card,Monthly,0,Medium Value,0.4332015306122449,Satisfied,Medium Loyalty,Low Risk,Mature,Low,No
2514,69,Male,Handbag,Accessories,53,Washington,L,Teal,Winter,3.5,No,2-Day Shipping,No,No,42,Cash,Annually,0,Medium Value,0.4366454081632653,Unsatisfied,High Loyalty,Low Risk,Mature,Low,No
2515,42,Male,Hat,Accessories,37,Alaska,L,Teal,Spring,4.8,No,Free Shipping,No,No,45,PayPal,Bi-Weekly,0,Medium Value,0.4900127551020408,Satisfied,High Loyalty,Low Risk,Mature,Low,No
2516,37,Male,Blouse,Clothing,92,Kansas,M,Magenta,Summer,4.2,No,2-Day Shipping,No,No,41,Cash,Monthly,0,High Value,0.7248979591836735,Satisfied,High Loyalty,Low Risk,Adult,Low,Yes
2517,46,Male,Shorts,Clothing,73,Utah,XL,Brown,Spring,4.6,No,Standard,No,No,36,Debit Card,Quarterly,0,Medium Value,0.5374107142857143,Satisfied,High Loyalty,Low Risk,Mature,Low,No
2518,64,Male,Shirt,Clothing,38,Wyoming,L,Orange,Spring,2.9,No,Standard,No,No,10,Venmo,Annually,0,Low Value,0.15635204081632653,Unsatisfied,Medium Loyalty,Low Risk,Mature,Low,No
2519,20,Male,Boots,Footwear,51,Maine,XL,Blue,Fall,4.0,No,Store Pickup,No,No,31,Venmo,Annually,0,Low Value,0.3580484693877551,Satisfied,High Loyalty,Low Risk,Young Adult,Low,No
2520,40,Male,Jacket,Outerwear,90,Michigan,L,Magenta,Spring,4.9,No,Standard,No,No,21,Credit Card,Quarterly,0,Medium Value,0.5411989795918367,Satisfied,Medium Loyalty,Low Risk,Adult,Low,No
2521,64,Male,Jacket,Outerwear,56,Illinois,L,Magenta,Summer,3.1,No,Next Day Air,No,No,16,Cash,Every 3 Months,0,Low Value,0.34433673469387754,Unsatisfied,Medium Loyalty,Low Risk,Mature,Low,No
2522,29,Male,Handbag,Accessories,33,Minnesota,M,Magenta,Fall,4.4,No,Standard,No,No,18,PayPal,Every 3 Months,0,Low Value,0.22720663265306124,Satisfied,Medium Loyalty,Low Risk,Adult,Low,No
2523,20,Male,Belt,Accessories,53,Massachusetts,S,Olive,Winter,2.5,No,2-Day Shipping,No,No,20,Debit Card,Weekly,0,Medium Value,0.45195153061224486,Unsatisfied,Medium Loyalty,Low Risk,Young Adult,Low,No
2524,43,Male,Handbag,Accessories,24,New Jersey,S,Cyan,Spring,3.4,No,Express,No,No,21,Bank Transfer,Annually,0,Low Value,0.14494897959183672,Unsatisfied,Medium Loyalty,Low Risk,Mature,Low,No
2525,60,Male,Coat,Outerwear,59,Kansas,M,Purple,Spring,3.7,No,Express,No,No,23,Credit Card,Quarterly,0,Low Value,0.3790688775510204,Unsatisfied,Medium Loyalty,Low Risk,Mature,Low,No
2526,39,Male,Sweater,Clothing,72,Kentucky,M,Purple,Winter,4.2,No,Standard,No,No,20,PayPal,Weekly,0,High Value,0.5588265306122449,Satisfied,Medium Loyalty,Low Risk,Adult,Low,No
2527,47,Male,Shorts,Clothing,28,Rhode Island,S,Peach,Spring,3.4,No,Express,No,No,30,PayPal,Bi-Weekly,0,Low Value,0.3475510204081632,Unsatisfied,High Loyalty,Low Risk,Mature,Low,No
2528,19,Male,Pants,Clothing,36,Illinois,M,Gold,Fall,3.6,No,Express,No,No,33,Bank Transfer,Every 3 Months,0,Low Value,0.33591836734693875,Unsatisfied,High Loyalty,Low Risk,Young Adult,Low,No
2529,52,Male,Jewelry,Accessories,47,Alabama,S,Peach,Fall,4.7,No,2-Day Shipping,No,No,31,Debit Card,Monthly,0,Medium Value,0.4105484693877551,Satisfied,High Loyalty,Low Risk,Mature,Low,No
2530,34,Male,Gloves,Accessories,62,Tennessee,M,Magenta,Spring,4.7,No,Next Day Air,No,No,48,Bank Transfer,Monthly,0,High Value,0.5990051020408163,Satisfied,High Loyalty,Low Risk,Adult,Low,Yes
2531,25,Male,Skirt,Clothing,98,Massachusetts,S,Cyan,Spring,3.6,No,Free Shipping,No,No,28,Debit Card,Weekly,0,High Value,0.7540561224489795,Unsatisfied,High Loyalty,Low Risk,Young Adult,Low,Yes
2532,43,Male,Sandals,Footwear,28,Texas,M,Violet,Summer,4.6,No,Free Shipping,No,No,7,Cash,Every 3 Months,0,Low Value,0.13173469387755105,Satisfied,Low Loyalty,Low Risk,Mature,Low,No
2533,55,Male,Socks,Clothing,86,Nebraska,S,Charcoal,Summer,2.6,No,Next Day Air,No,No,4,Debit Card,Weekly,0,Medium Value,0.5396173469387755,Unsatisfied,Low Loyalty,Low Risk,Mature,Low,No
2534,66,Male,Jewelry,Accessories,46,Pennsylvania,S,Blue,Summer,3.1,No,Standard,No,No,49,Cash,Bi-Weekly,0,High Value,0.5651275510204081,Unsatisfied,High Loyalty,Low Risk,Mature,Low,Yes
2535,41,Male,Sunglasses,Accessories,42,Virginia,XL,Red,Fall,3.2,No,Free Shipping,No,No,22,Cash,Weekly,0,Medium Value,0.4023214285714285,Unsatisfied,Medium Loyalty,Low Risk,Mature,Low,No
2536,47,Male,Coat,Outerwear,80,Vermont,S,Purple,Winter,3.9,No,Express,No,No,39,Bank Transfer,Fortnightly,0,High Value,0.6701530612244898,Unsatisfied,High Loyalty,Low Risk,Mature,Low,Yes
2537,51,Male,Belt,Accessories,39,Oklahoma,L,Gray,Spring,4.9,No,Express,No,No,45,PayPal,Every 3 Months,0,Medium Value,0.42626275510204076,Satisfied,High Loyalty,Low Risk,Mature,Low,No
2538,44,Male,Coat,Outerwear,49,Maine,M,Purple,Summer,4.1,No,2-Day Shipping,No,No,30,PayPal,Fortnightly,0,Medium Value,0.4406760204081632,Satisfied,High Loyalty,Low Risk,Mature,Low,No
2539,18,Male,Scarf,Accessories,32,New Jersey,M,Silver,Summer,4.2,No,Next Day Air,No,No,33,Credit Card,Bi-Weekly,0,Low Value,0.3884183673469388,Satisfied,High Loyalty,Low Risk,Young Adult,Low,No
2540,33,Male,Sandals,Footwear,73,Massachusetts,M,Purple,Fall,4.1,No,Next Day Air,No,No,24,Cash,Bi-Weekly,0,High Value,0.5639413265306122,Satisfied,Medium Loyalty,Low Risk,Adult,Low,No
2541,24,Male,Belt,Accessories,42,New Jersey,M,Charcoal,Summer,3.9,No,Free Shipping,No,No,11,Debit Card,Quarterly,0,Low Value,0.20997448979591837,Unsatisfied,Medium Loyalty,Low Risk,Young Adult,Low,No
2542,33,Male,Scarf,Accessories,58,Washington,M,Silver,Spring,2.7,No,Next Day Air,No,No,13,Venmo,Every 3 Months,0,Low Value,0.3372193877551021,Unsatisfied,Medium Loyalty,Low Risk,Adult,Low,No
2543,61,Male,Jewelry,Accessories,22,Arkansas,M,White,Winter,3.7,No,Express,No,No,27,PayPal,Annually,0,Low Value,0.17043367346938773,Unsatisfied,High Loyalty,Low Risk,Mature,Low,No
2544,27,Male,Scarf,Accessories,56,West Virginia,L,Peach,Spring,2.7,No,Next Day Air,No,No,30,PayPal,Bi-Weekly,0,Medium Value,0.5050510204081633,Unsatisfied,High Loyalty,Low Risk,Adult,Low,No
2545,46,Male,Pants,Clothing,70,Delaware,M,Red,Spring,2.5,No,Next Day Air,No,No,39,Venmo,Quarterly,0,Medium Value,0.5389030612244897,Unsatisfied,High Loyalty,Low Risk,Mature,Low,No
2546,38,Male,Shoes,Footwear,50,Texas,L,Olive,Spring,3.9,No,Free Shipping,No,No,10,Debit Card,Annually,0,Low Value,0.22385204081632654,Unsatisfied,Medium Loyalty,Low Risk,Adult,Low,No
2547,63,Male,Boots,Footwear,21,Texas,L,Gray,Summer,3.0,No,Express,No,No,4,Credit Card,Quarterly,0,Low Value,0.04899234693877551,Unsatisfied,Low Loyalty,Low Risk,Mature,Low,No
2548,47,Male,Jacket,Outerwear,97,Mississippi,M,Beige,Summer,3.2,No,2-Day Shipping,No,No,16,Cash,Weekly,0,High Value,0.6749617346938777,Unsatisfied,Medium Loyalty,Low Risk,Mature,Low,No
2549,42,Male,Backpack,Accessories,63,Texas,L,Pink,Winter,3.8,No,Standard,No,No,34,Credit Card,Monthly,0,Medium Value,0.5189158163265306,Unsatisfied,High Loyalty,Low Risk,Mature,Low,No
2550,41,Male,Jacket,Outerwear,60,Virginia,M,Red,Fall,2.7,No,Standard,No,No,11,Debit Card,Every 3 Months,0,Low Value,0.33622448979591835,Unsatisfied,Medium Loyalty,Low Risk,Mature,Low,No
2551,53,Male,Boots,Footwear,52,New Hampshire,XL,Peach,Fall,3.0,No,Store Pickup,No,No,30,Debit Card,Fortnightly,0,Medium Value,0.4575510204081632,Unsatisfied,High Loyalty,Low Risk,Mature,Low,No
2552,29,Male,Shoes,Footwear,32,Minnesota,M,Maroon,Winter,4.1,No,Next Day Air,No,No,40,Debit Card,Annually,0,Low Value,0.3062755102040816,Satisfied,High Loyalty,Low Risk,Adult,Low,No
2553,61,Male,Belt,Accessories,48,Maryland,XL,Purple,Spring,3.2,No,2-Day Shipping,No,No,13,Credit Card,Annually,0,Low Value,0.2309693877551021,Unsatisfied,Medium Loyalty,Low Risk,Mature,Low,No
2554,69,Male,Jewelry,Accessories,25,Vermont,M,Maroon,Summer,4.5,No,Store Pickup,No,No,28,Venmo,Every 3 Months,0,Low Value,0.24343112244897958,Satisfied,High Loyalty,Low Risk,Mature,Low,No
2555,51,Male,Jewelry,Accessories,68,Kansas,M,Gray,Summer,4.3,No,Store Pickup,No,No,49,Debit Card,Bi-Weekly,0,High Value,0.6888775510204082,Satisfied,High Loyalty,Low Risk,Mature,Low,Yes
2556,24,Male,Pants,Clothing,74,Idaho,M,Gray,Fall,3.5,No,Standard,No,No,23,Credit Card,Weekly,0,High Value,0.5884438775510203,Unsatisfied,Medium Loyalty,Low Risk,Young Adult,Low,No
2557,24,Male,T-shirt,Clothing,88,Montana,XL,Magenta,Fall,3.1,No,Standard,No,No,4,Bank Transfer,Quarterly,0,Medium Value,0.4258673469387756,Unsatisfied,Low Loyalty,Low Risk,Young Adult,Low,No
2558,70,Male,Shorts,Clothing,23,Oklahoma,L,Cyan,Spring,3.9,No,Standard,No,No,17,PayPal,Fortnightly,0,Low Value,0.2148341836734694,Unsatisfied,Medium Loyalty,Low Risk,Mature,Low,No
2559,49,Male,Hoodie,Clothing,32,California,M,Silver,Fall,2.7,No,Express,No,No,24,PayPal,Fortnightly,0,Low Value,0.30831632653061225,Unsatisfied,Medium Loyalty,Low Risk,Mature,Low,No
2560,48,Male,Belt,Accessories,71,Mississippi,S,Green,Winter,4.0,No,Free Shipping,No,No,21,Debit Card,Every 3 Months,0,Medium Value,0.45932397959183674,Satisfied,Medium Loyalty,Low Risk,Mature,Low,No
2561,58,Male,Boots,Footwear,62,California,M,Violet,Spring,2.7,No,Next Day Air,No,No,17,Debit Card,Bi-Weekly,0,Medium Value,0.4592091836734694,Unsatisfied,Medium Loyalty,Low Risk,Mature,Low,No
2562,32,Male,Hoodie,Clothing,20,New York,L,Magenta,Spring,2.7,No,Free Shipping,No,No,22,Debit Card,Quarterly,0,Low Value,0.15357142857142853,Unsatisfied,Medium Loyalty,Low Risk,Adult,Low,No
2563,57,Male,Shorts,Clothing,62,Arizona,XL,Yellow,Spring,4.7,No,Standard,No,No,27,Cash,Fortnightly,0,Medium Value,0.4954336734693877,Satisfied,High Loyalty,Low Risk,Mature,Low,No
2564,69,Male,Backpack,Accessories,81,Massachusetts,XL,Gray,Winter,4.5,No,Standard,No,No,1,Venmo,Every 3 Months,0,Low Value,0.393125,Satisfied,Low Loyalty,Low Risk,Mature,Low,No
2565,42,Male,Scarf,Accessories,90,Kentucky,L,Indigo,Winter,3.0,No,2-Day Shipping,No,No,27,Bank Transfer,Weekly,0,High Value,0.7029336734693876,Unsatisfied,High Loyalty,Low Risk,Mature,Low,Yes
2566,30,Male,Socks,Clothing,43,Vermont,S,Indigo,Fall,3.6,No,Store Pickup,No,No,8,Venmo,Quarterly,0,Low Value,0.19723214285714283,Unsatisfied,Medium Loyalty,Low Risk,Adult,Low,No
2567,35,Male,Handbag,Accessories,38,Missouri,S,Yellow,Fall,3.3,No,Standard,No,No,43,PayPal,Quarterly,0,Low Value,0.38339285714285715,Unsatisfied,High Loyalty,Low Risk,Adult,Low,No
2568,19,Male,Sunglasses,Accessories,25,Michigan,XL,Gold,Spring,4.3,No,Store Pickup,No,No,24,Cash,Fortnightly,0,Low Value,0.26894132653061226,Satisfied,Medium Loyalty,Low Risk,Young Adult,Low,No
2569,52,Male,T-shirt,Clothing,98,Texas,XL,Green,Winter,4.3,No,Express,No,No,29,PayPal,Fortnightly,0,High Value,0.7101785714285714,Satisfied,High Loyalty,Low Risk,Mature,Low,Yes
2570,42,Male,Dress,Clothing,75,New York,M,Charcoal,Spring,4.8,No,Free Shipping,No,No,10,Bank Transfer,Bi-Weekly,0,Medium Value,0.48947704081632654,Satisfied,Medium Loyalty,Low Risk,Mature,Low,No
2571,36,Male,Sneakers,Footwear,27,New Mexico,XL,Olive,Spring,4.0,No,Store Pickup,No,No,12,PayPal,Fortnightly,0,Low Value,0.2067219387755102,Satisfied,Medium Loyalty,Low Risk,Adult,Low,No
2572,45,Male,Sunglasses,Accessories,27,Mississippi,L,Black,Winter,3.5,No,Standard,No,No,48,Cash,Fortnightly,0,Medium Value,0.42713010204081625,Unsatisfied,High Loyalty,Low Risk,Mature,Low,No
2573,54,Male,Blouse,Clothing,42,Washington,M,Silver,Fall,3.9,No,Next Day Air,No,No,40,Bank Transfer,Quarterly,0,Low Value,0.3875255102040816,Unsatisfied,High Loyalty,Low Risk,Mature,Low,No
2574,54,Male,T-shirt,Clothing,90,New Mexico,M,Red,Summer,4.4,No,Store Pickup,No,No,1,Bank Transfer,Annually,0,Low Value,0.39375,Satisfied,Low Loyalty,Low Risk,Mature,Low,No
2575,27,Male,Hat,Accessories,63,Florida,M,Brown,Summer,4.6,No,2-Day Shipping,No,No,26,Credit Card,Fortnightly,0,Medium Value,0.4949362244897959,Satisfied,High Loyalty,Low Risk,Adult,Low,No
2576,53,Male,Shorts,Clothing,96,Minnesota,M,Silver,Fall,4.0,No,Express,No,No,9,PayPal,Annually,0,Medium Value,0.4764795918367348,Satisfied,Medium Loyalty,Low Risk,Mature,Low,No
2577,20,Male,Hoodie,Clothing,40,New Hampshire,M,Silver,Winter,4.2,No,Free Shipping,No,No,19,Debit Card,Quarterly,0,Low Value,0.24770408163265303,Satisfied,Medium Loyalty,Low Risk,Young Adult,Low,No
2578,52,Male,Socks,Clothing,39,Minnesota,L,Black,Fall,4.5,No,Next Day Air,No,No,37,Bank Transfer,Monthly,0,Medium Value,0.40228316326530617,Satisfied,High Loyalty,Low Risk,Mature,Low,No
2579,54,Male,Sunglasses,Accessories,48,Vermont,M,Purple,Fall,3.9,No,Free Shipping,No,No,3,Cash,Quarterly,0,Low Value,0.19474489795918373,Unsatisfied,Low Loyalty,Low Risk,Mature,Low,No
2580,65,Male,Blouse,Clothing,20,Minnesota,M,Purple,Summer,3.7,No,Express,No,No,40,Venmo,Weekly,0,Low Value,0.3887755102040815,Unsatisfied,High Loyalty,Low Risk,Mature,Low,No
2581,43,Male,Jeans,Clothing,29,Massachusetts,S,Turquoise,Summer,3.6,No,Store Pickup,No,No,13,Bank Transfer,Quarterly,0,Low Value,0.14909438775510206,Unsatisfied,Medium Loyalty,Low Risk,Mature,Low,No
2582,57,Male,Dress,Clothing,81,Wyoming,M,Gold,Winter,4.7,No,Express,No,No,48,Credit Card,Monthly,0,High Value,0.7058801020408163,Satisfied,High Loyalty,Low Risk,Mature,Low,Yes
2583,19,Male,Dress,Clothing,98,South Dakota,S,Indigo,Fall,3.6,No,2-Day Shipping,No,No,4,Venmo,Every 3 Months,0,Medium Value,0.5071173469387755,Unsatisfied,Low Loyalty,Low Risk,Young Adult,Low,No
2584,69,Male,Jeans,Clothing,93,Oklahoma,M,Lavender,Fall,2.5,No,Next Day Air,No,No,9,Cash,Weekly,0,High Value,0.6096045918367348,Unsatisfied,Medium Loyalty,Low Risk,Mature,Low,No
2585,26,Male,Socks,Clothing,30,Florida,L,Blue,Summer,2.9,No,Store Pickup,No,No,26,Bank Transfer,Bi-Weekly,0,Low Value,0.3343112244897959,Unsatisfied,High Loyalty,Low Risk,Adult,Low,No
2586,57,Male,Sunglasses,Accessories,37,Wisconsin,L,Maroon,Fall,4.4,No,Free Shipping,No,No,19,Debit Card,Weekly,0,Low Value,0.35582908163265303,Satisfied,Medium Loyalty,Low Risk,Mature,Low,No
2587,20,Male,Coat,Outerwear,28,Maine,L,Yellow,Winter,4.6,No,Express,No,No,1,Credit Card,Every 3 Months,0,Low Value,0.09500000000000003,Satisfied,Low Loyalty,Low Risk,Young Adult,Low,No
2588,55,Male,Scarf,Accessories,29,Connecticut,M,Purple,Winter,3.7,No,Express,No,No,29,PayPal,Every 3 Months,0,Low Value,0.27205357142857145,Unsatisfied,High Loyalty,Low Risk,Mature,Low,No
2589,44,Male,Backpack,Accessories,49,Delaware,M,Peach,Summer,3.2,No,Free Shipping,No,No,38,Venmo,Bi-Weekly,0,Medium Value,0.514655612244898,Unsatisfied,High Loyalty,Low Risk,Mature,Low,No
2590,52,Male,Pants,Clothing,53,North Dakota,M,Silver,Winter,4.9,No,2-Day Shipping,No,No,31,PayPal,Annually,0,Low Value,0.3692984693877551,Satisfied,High Loyalty,Low Risk,Mature,Low,No
2591,57,Male,Gloves,Accessories,66,California,M,Turquoise,Summer,5.0,No,Free Shipping,No,No,35,Venmo,Annually,0,Medium Value,0.4669132653061224,Satisfied,High Loyalty,Low Risk,Mature,Low,No
2592,40,Male,Jacket,Outerwear,61,New Mexico,S,Olive,Spring,3.3,No,Express,No,No,40,Cash,Quarterly,0,Medium Value,0.4944005102040816,Unsatisfied,High Loyalty,Low Risk,Adult,Low,No
2593,23,Male,Shorts,Clothing,23,Iowa,XL,Peach,Summer,4.4,No,Store Pickup,No,No,13,Venmo,Quarterly,0,Low Value,0.11534438775510204,Satisfied,Medium Loyalty,Low Risk,Young Adult,Low,No
2594,36,Male,Pants,Clothing,36,Colorado,S,Indigo,Fall,4.7,No,Store Pickup,No,No,9,Bank Transfer,Every 3 Months,0,Low Value,0.18897959183673468,Satisfied,Medium Loyalty,Low Risk,Adult,Low,No
2595,59,Male,Skirt,Clothing,81,Montana,L,Indigo,Fall,3.6,No,Free Shipping,No,No,25,Cash,Every 3 Months,0,Medium Value,0.5400637755102041,Unsatisfied,Medium Loyalty,Low Risk,Mature,Low,No
2596,29,Male,Blouse,Clothing,56,Iowa,XL,Maroon,Summer,3.2,No,Free Shipping,No,No,3,Bank Transfer,Bi-Weekly,0,Low Value,0.3397448979591837,Unsatisfied,Low Loyalty,Low Risk,Adult,Low,No
2597,63,Male,Shirt,Clothing,78,Louisiana,L,Black,Spring,3.0,No,Next Day Air,No,No,35,Credit Card,Monthly,0,High Value,0.6094132653061224,Unsatisfied,High Loyalty,Low Risk,Mature,Low,Yes
2598,60,Male,Jewelry,Accessories,25,Alabama,XL,Teal,Summer,4.4,No,Store Pickup,No,No,13,Venmo,Bi-Weekly,0,Low Value,0.22659438775510204,Satisfied,Medium Loyalty,Low Risk,Mature,Low,No
2599,64,Male,Backpack,Accessories,86,Nevada,XL,Olive,Fall,3.3,No,Express,No,No,31,Debit Card,Annually,0,High Value,0.554923469387755,Unsatisfied,High Loyalty,Low Risk,Mature,Low,Yes
2600,63,Male,Jewelry,Accessories,99,Vermont,M,Gold,Winter,3.4,No,Express,No,No,48,Credit Card,Monthly,0,High Value,0.8071301020408163,Unsatisfied,High Loyalty,Low Risk,Mature,Low,Yes
2601,21,Male,Belt,Accessories,83,New York,M,Gray,Fall,3.9,No,Express,No,No,6,Bank Transfer,Bi-Weekly,0,Medium Value,0.5099872448979592,Unsatisfied,Low Loyalty,Low Risk,Young Adult,Low,No
2602,61,Male,Dress,Clothing,33,Mississippi,L,Orange,Winter,2.9,No,Store Pickup,No,No,43,Cash,Monthly,0,Medium Value,0.4052678571428571,Unsatisfied,High Loyalty,Low Risk,Mature,Low,No
2603,65,Male,Coat,Outerwear,44,South Carolina,M,Black,Fall,2.9,No,Free Shipping,No,No,1,Venmo,Quarterly,0,Low Value,0.16000000000000003,Unsatisfied,Low Loyalty,Low Risk,Mature,Low,No
2604,69,Male,Dress,Clothing,58,Washington,M,Teal,Spring,2.7,No,2-Day Shipping,No,No,8,Cash,Annually,0,Low Value,0.2566071428571429,Unsatisfied,Medium Loyalty,Low Risk,Mature,Low,No
2605,47,Male,Sweater,Clothing,54,Colorado,M,Beige,Spring,3.4,No,Store Pickup,No,No,6,Debit Card,Weekly,0,Low Value,0.37186224489795916,Unsatisfied,Low Loyalty,Low Risk,Mature,Low,No
2606,41,Male,Hoodie,Clothing,93,Nevada,M,White,Spring,3.7,No,2-Day Shipping,No,No,32,Venmo,Fortnightly,0,High Value,0.700420918367347,Unsatisfied,High Loyalty,Low Risk,Mature,Low,Yes
2607,68,Male,Shoes,Footwear,98,Nevada,L,Turquoise,Spring,4.7,No,Standard,No,No,46,Bank Transfer,Bi-Weekly,0,High Value,0.8392602040816326,Satisfied,High Loyalty,Low Risk,Mature,Low,Yes
2608,41,Male,Shoes,Footwear,36,Oklahoma,XL,Teal,Spring,3.1,No,Express,No,No,38,PayPal,Every 3 Months,0,Low Value,0.3665306122448979,Unsatisfied,High Loyalty,Low Risk,Mature,Low,No
2609,42,Male,Jacket,Outerwear,68,Mississippi,L,Orange,Fall,4.2,No,2-Day Shipping,No,No,48,Credit Card,Fortnightly,0,High Value,0.6577551020408163,Satisfied,High Loyalty,Low Risk,Mature,Low,Yes
2610,66,Male,Backpack,Accessories,95,Arkansas,M,Black,Summer,3.0,No,Store Pickup,No,No,18,Debit Card,Bi-Weekly,0,High Value,0.6509566326530613,Unsatisfied,Medium Loyalty,Low Risk,Mature,Low,No
2611,66,Male,Jeans,Clothing,93,West Virginia,M,Violet,Spring,3.1,No,Express,No,No,25,Cash,Quarterly,0,High Value,0.5825637755102041,Unsatisfied,Medium Loyalty,Low Risk,Mature,Low,No
2612,33,Male,Jacket,Outerwear,99,Michigan,L,Maroon,Fall,4.2,No,2-Day Shipping,No,No,4,Cash,Fortnightly,0,High Value,0.5627423469387756,Satisfied,Low Loyalty,Low Risk,Adult,Low,No
2613,55,Male,Sunglasses,Accessories,22,Louisiana,M,Turquoise,Winter,3.8,No,Next Day Air,No,No,27,Venmo,Quarterly,0,Low Value,0.19543367346938773,Unsatisfied,High Loyalty,Low Risk,Mature,Low,No
2614,58,Male,Gloves,Accessories,88,South Dakota,M,Gold,Fall,2.9,No,Express,No,No,14,Bank Transfer,Monthly,0,Medium Value,0.5370918367346939,Unsatisfied,Medium Loyalty,Low Risk,Mature,Low,No
2615,18,Male,Jacket,Outerwear,65,North Dakota,M,Turquoise,Spring,4.2,No,Express,No,No,36,Bank Transfer,Fortnightly,0,High Value,0.5674107142857142,Satisfied,High Loyalty,Low Risk,Young Adult,Low,Yes
2616,49,Male,T-shirt,Clothing,62,Arizona,M,Maroon,Fall,3.1,No,2-Day Shipping,No,No,6,Debit Card,Quarterly,0,Low Value,0.2918622448979592,Unsatisfied,Low Loyalty,Low Risk,Mature,Low,No
2617,61,Male,Sandals,Footwear,55,Georgia,XL,Purple,Spring,3.6,No,Express,No,No,46,Cash,Annually,0,Medium Value,0.47238520408163265,Unsatisfied,High Loyalty,Low Risk,Mature,Low,No
2618,31,Male,Shorts,Clothing,97,Idaho,S,Maroon,Spring,4.8,No,Standard,No,No,29,Bank Transfer,Annually,0,High Value,0.6045535714285715,Satisfied,High Loyalty,Low Risk,Adult,Low,Yes
2619,70,Male,Handbag,Accessories,77,Louisiana,L,Brown,Fall,4.1,No,Express,No,No,12,Venmo,Monthly,0,Medium Value,0.4629719387755102,Satisfied,Medium Loyalty,Low Risk,Mature,Low,No
2620,68,Male,Pants,Clothing,40,Connecticut,L,Indigo,Winter,3.9,No,Free Shipping,No,No,47,Credit Card,Weekly,0,Medium Value,0.5441326530612245,Unsatisfied,High Loyalty,Low Risk,Mature,Low,No
2621,27,Male,Blouse,Clothing,23,Ohio,S,Lavender,Winter,3.0,No,Standard,No,No,28,Debit Card,Annually,0,Low Value,0.1821811224489796,Unsatisfied,High Loyalty,Low Risk,Adult,Low,No
2622,48,Male,Shoes,Footwear,46,Maine,M,Beige,Winter,3.0,No,Express,No,No,21,Bank Transfer,Annually,0,Low Value,0.26869897959183675,Unsatisfied,Medium Loyalty,Low Risk,Mature,Low,No
2623,63,Male,Backpack,Accessories,75,New Hampshire,M,Yellow,Spring,4.9,No,2-Day Shipping,No,No,15,Credit Card,Annually,0,Medium Value,0.3950892857142857,Satisfied,Medium Loyalty,Low Risk,Mature,Low,No
2624,49,Male,Shoes,Footwear,76,Massachusetts,M,Gold,Fall,4.8,No,Next Day Air,No,No,38,Cash,Annually,0,Medium Value,0.541530612244898,Satisfied,High Loyalty,Low Risk,Mature,Low,No
2625,19,Male,Dress,Clothing,59,South Dakota,M,Indigo,Summer,3.3,No,Standard,No,No,19,Credit Card,Annually,0,Low Value,0.32957908163265304,Unsatisfied,Medium Loyalty,Low Risk,Young Adult,Low,No
2626,30,Male,Skirt,Clothing,51,Colorado,L,Cyan,Summer,2.7,No,Standard,No,No,31,Credit Card,Weekly,0,Medium Value,0.508048469387755,Unsatisfied,High Loyalty,Low Risk,Adult,Low,No
2627,50,Male,Jacket,Outerwear,46,Rhode Island,XL,Silver,Fall,4.2,No,Express,No,No,30,Credit Card,Every 3 Months,0,Low Value,0.37380102040816326,Satisfied,High Loyalty,Low Risk,Mature,Low,No
2628,66,Male,Shirt,Clothing,26,Missouri,L,Silver,Fall,3.6,No,Next Day Air,No,No,40,Bank Transfer,Quarterly,0,Low Value,0.29752551020408163,Unsatisfied,High Loyalty,Low Risk,Mature,Low,No
2629,25,Male,Hoodie,Clothing,51,Wyoming,M,Silver,Summer,3.8,No,Next Day Air,No,No,42,Credit Card,Bi-Weekly,0,Medium Value,0.5503954081632653,Unsatisfied,High Loyalty,Low Risk,Young Adult,Low,No
2630,61,Male,Scarf,Accessories,44,New Hampshire,M,Peach,Winter,3.8,No,Free Shipping,No,No,25,Venmo,Annually,0,Low Value,0.2819387755102041,Unsatisfied,Medium Loyalty,Low Risk,Mature,Low,No
2631,29,Male,Skirt,Clothing,82,Maine,S,Pink,Spring,4.2,No,Free Shipping,No,No,20,Cash,Quarterly,0,Medium Value,0.490076530612245,Satisfied,Medium Loyalty,Low Risk,Adult,Low,No
2632,53,Male,Skirt,Clothing,44,Connecticut,S,Violet,Summer,2.7,No,Express,No,No,3,Cash,Weekly,0,Low Value,0.2972448979591837,Unsatisfied,Low Loyalty,Low Risk,Mature,Low,No
2633,24,Male,Scarf,Accessories,27,Alaska,M,Black,Fall,5.0,No,Next Day Air,No,No,14,Cash,Annually,0,Low Value,0.11896683673469388,Satisfied,Medium Loyalty,Low Risk,Young Adult,Low,No
2634,51,Male,Sunglasses,Accessories,90,Alaska,M,Purple,Fall,4.7,No,Next Day Air,No,No,32,Credit Card,Fortnightly,0,High Value,0.6835459183673469,Satisfied,High Loyalty,Low Risk,Mature,Low,Yes
2635,26,Male,Sandals,Footwear,58,North Carolina,S,Black,Summer,3.2,No,Store Pickup,No,No,20,PayPal,Every 3 Months,0,Low Value,0.38007653061224494,Unsatisfied,Medium Loyalty,Low Risk,Adult,Low,No
2636,59,Male,Hoodie,Clothing,80,Colorado,XL,Peach,Spring,2.9,No,2-Day Shipping,No,No,34,PayPal,Fortnightly,0,High Value,0.6395408163265306,Unsatisfied,High Loyalty,Low Risk,Mature,Low,Yes
2637,41,Male,Jacket,Outerwear,40,Utah,S,Magenta,Winter,4.2,No,Store Pickup,No,No,6,Venmo,Annually,0,Low Value,0.14311224489795918,Satisfied,Low Loyalty,Low Risk,Mature,Low,No
2638,20,Male,Pants,Clothing,23,Alabama,M,Magenta,Spring,3.7,No,Store Pickup,No,No,2,PayPal,Annually,0,Low Value,0.022997448979591852,Unsatisfied,Low Loyalty,Low Risk,Young Adult,Low,No
2639,22,Male,Shirt,Clothing,34,Hawaii,S,Black,Spring,4.2,No,Store Pickup,No,No,35,Credit Card,Annually,0,Low Value,0.28691326530612243,Satisfied,High Loyalty,Low Risk,Young Adult,Low,No
2640,18,Male,Blouse,Clothing,35,New Hampshire,XL,Pink,Winter,2.6,No,Free Shipping,No,No,33,Debit Card,Quarterly,0,Low Value,0.3052933673469388,Unsatisfied,High Loyalty,Low Risk,Young Adult,Low,No
2641,30,Male,Skirt,Clothing,75,Indiana,L,Olive,Summer,4.0,No,Store Pickup,No,No,45,Venmo,Bi-Weekly,0,High Value,0.7037627551020408,Satisfied,High Loyalty,Low Risk,Adult,Low,Yes
2642,25,Male,Sunglasses,Accessories,60,Vermont,XL,Olive,Winter,2.7,No,Next Day Air,No,No,20,Bank Transfer,Every 3 Months,0,Low Value,0.39132653061224487,Unsatisfied,Medium Loyalty,Low Risk,Young Adult,Low,No
2643,39,Male,Belt,Accessories,87,Iowa,L,Peach,Summer,4.0,No,Store Pickup,No,No,48,Bank Transfer,Annually,0,High Value,0.6646301020408163,Satisfied,High Loyalty,Low Risk,Adult,Low,Yes
2644,49,Male,Gloves,Accessories,41,Maryland,S,Silver,Spring,2.9,No,Next Day Air,No,No,37,Cash,Monthly,0,Medium Value,0.41353316326530615,Unsatisfied,High Loyalty,Low Risk,Mature,Low,No
2645,25,Male,Pants,Clothing,83,New Mexico,M,Turquoise,Spring,3.3,No,Standard,No,No,4,Bank Transfer,Every 3 Months,0,Medium Value,0.42274234693877555,Unsatisfied,Low Loyalty,Low Risk,Young Adult,Low,No
2646,23,Male,Scarf,Accessories,81,Louisiana,L,Olive,Spring,4.0,No,Store Pickup,No,No,24,Bank Transfer,Bi-Weekly,0,High Value,0.6089413265306123,Satisfied,Medium Loyalty,Low Risk,Young Adult,Low,No
2647,33,Male,T-shirt,Clothing,56,New Mexico,S,Lavender,Summer,3.9,No,Next Day Air,No,No,4,Debit Card,Every 3 Months,0,Low Value,0.27086734693877557,Unsatisfied,Low Loyalty,Low Risk,Adult,Low,No
2648,60,Male,Shoes,Footwear,58,South Carolina,M,Red,Summer,3.3,No,2-Day Shipping,No,No,25,Debit Card,Annually,0,Low Value,0.3606887755102041,Unsatisfied,Medium Loyalty,Low Risk,Mature,Low,No
2649,51,Male,Pants,Clothing,84,Illinois,M,Gray,Spring,3.9,No,Next Day Air,No,No,14,PayPal,Bi-Weekly,0,High Value,0.5645918367346939,Unsatisfied,Medium Loyalty,Low Risk,Mature,Low,No
2650,23,Male,Gloves,Accessories,21,Minnesota,M,Magenta,Fall,3.9,No,Store Pickup,No,No,14,Bank Transfer,Fortnightly,0,Low Value,0.18521683673469386,Unsatisfied,Medium Loyalty,Low Risk,Young Adult,Low,No
2651,20,Male,Socks,Clothing,35,Oregon,L,Maroon,Summer,4.2,No,Standard,No,No,46,Credit Card,Every 3 Months,0,Medium Value,0.4098852040816326,Satisfied,High Loyalty,Low Risk,Young Adult,Low,No
2652,51,Male,Sneakers,Footwear,43,Tennessee,M,Cyan,Summer,4.6,No,Store Pickup,No,No,27,PayPal,Quarterly,0,Low Value,0.3135586734693877,Satisfied,High Loyalty,Low Risk,Mature,Low,No
2653,23,Female,Shorts,Clothing,20,Maryland,L,Cyan,Summer,3.3,No,2-Day Shipping,No,No,46,Credit Card,Monthly,0,Low Value,0.35051020408163264,Unsatisfied,High Loyalty,Low Risk,Young Adult,Low,No
2654,67,Female,Blouse,Clothing,36,Wisconsin,L,Lavender,Fall,4.8,No,Express,No,No,24,Venmo,Every 3 Months,0,Low Value,0.2808163265306122,Satisfied,Medium Loyalty,Low Risk,Mature,Low,No
2655,23,Female,Coat,Outerwear,70,Idaho,S,Pink,Fall,4.1,No,Next Day Air,No,No,4,PayPal,Annually,0,Low Value,0.2996173469387755,Satisfied,Low Loyalty,Low Risk,Young Adult,Low,No
2656,26,Female,Sunglasses,Accessories,83,Wyoming,M,Gray,Summer,3.4,No,Standard,No,No,2,Credit Card,Fortnightly,0,Medium Value,0.4604974489795919,Unsatisfied,Low Loyalty,Low Risk,Adult,Low,No
2657,52,Female,Shorts,Clothing,76,Indiana,L,Yellow,Winter,3.6,No,Express,No,No,29,Bank Transfer,Fortnightly,0,High Value,0.5864285714285714,Unsatisfied,High Loyalty,Low Risk,Mature,Low,Yes
2658,52,Female,Dress,Clothing,81,Texas,M,Pink,Summer,2.7,No,Express,No,No,7,Credit Card,Fortnightly,0,Medium Value,0.479859693877551,Unsatisfied,Low Loyalty,Low Risk,Mature,Low,No
2659,52,Female,Handbag,Accessories,47,Ohio,XL,Indigo,Summer,3.2,No,Next Day Air,No,No,39,PayPal,Monthly,0,Medium Value,0.4595280612244898,Unsatisfied,High Loyalty,Low Risk,Mature,Low,No
2660,35,Female,Boots,Footwear,35,Kansas,L,Gray,Summer,4.4,No,2-Day Shipping,No,No,46,Credit Card,Fortnightly,0,Medium Value,0.4598852040816326,Satisfied,High Loyalty,Low Risk,Adult,Low,No
2661,24,Female,Pants,Clothing,85,South Carolina,L,Yellow,Spring,4.9,No,Express,No,No,44,Venmo,Annually,0,High Value,0.6288903061224489,Satisfied,High Loyalty,Low Risk,Young Adult,Low,Yes
2662,43,Female,Boots,Footwear,96,Michigan,XL,Olive,Fall,4.8,No,Express,No,No,20,Bank Transfer,Annually,0,Medium Value,0.543826530612245,Satisfied,Medium Loyalty,Low Risk,Mature,Low,No
2663,25,Female,Skirt,Clothing,98,Nebraska,M,Cyan,Summer,2.8,No,2-Day Shipping,No,No,44,PayPal,Fortnightly,0,High Value,0.802015306122449,Unsatisfied,High Loyalty,Low Risk,Young Adult,Low,Yes
2664,46,Female,Sneakers,Footwear,52,Wisconsin,L,Silver,Fall,2.9,No,Free Shipping,No,No,23,Bank Transfer,Annually,0,Low Value,0.3146938775510204,Unsatisfied,Medium Loyalty,Low Risk,Mature,Low,No
2665,22,Female,Jewelry,Accessories,84,Illinois,L,Silver,Winter,3.2,No,Store Pickup,No,No,37,PayPal,Weekly,0,High Value,0.7304081632653061,Unsatisfied,High Loyalty,Low Risk,Young Adult,Low,Yes
2666,70,Female,T-shirt,Clothing,71,Louisiana,L,Red,Winter,3.5,No,Store Pickup,No,No,4,Venmo,Weekly,0,Medium Value,0.4552423469387755,Unsatisfied,Low Loyalty,Low Risk,Mature,Low,No
2667,49,Female,Sandals,Footwear,95,Ohio,S,Brown,Winter,4.1,No,Store Pickup,No,No,14,Venmo,Fortnightly,0,High Value,0.6014668367346938,Satisfied,Medium Loyalty,Low Risk,Mature,Low,No
2668,48,Female,Boots,Footwear,47,Maryland,M,Orange,Summer,4.1,No,Free Shipping,No,No,31,Cash,Fortnightly,0,Medium Value,0.43554846938775504,Satisfied,High Loyalty,Low Risk,Mature,Low,No
2669,59,Female,Coat,Outerwear,75,Texas,M,Black,Summer,4.8,No,Next Day Air,No,No,9,PayPal,Quarterly,0,Low Value,0.3833545918367347,Satisfied,Medium Loyalty,Low Risk,Mature,Low,No
2670,39,Female,Belt,Accessories,28,Illinois,L,Teal,Spring,2.8,No,Free Shipping,No,No,31,Credit Card,Weekly,0,Low Value,0.37867346938775504,Unsatisfied,High Loyalty,Low Risk,Adult,Low,No
2671,30,Female,Sunglasses,Accessories,44,Pennsylvania,M,Yellow,Fall,4.7,No,Express,No,No,26,Bank Transfer,Bi-Weekly,0,Medium Value,0.41306122448979593,Satisfied,High Loyalty,Low Risk,Adult,Low,No
2672,37,Female,Sandals,Footwear,64,Alabama,XL,Gray,Winter,4.8,No,2-Day Shipping,No,No,41,PayPal,Every 3 Months,0,Medium Value,0.5423979591836735,Satisfied,High Loyalty,Low Risk,Adult,Low,No
2673,56,Female,Boots,Footwear,28,West Virginia,M,Maroon,Spring,2.9,No,Standard,No,No,13,Cash,Annually,0,Low Value,0.11846938775510205,Unsatisfied,Medium Loyalty,Low Risk,Mature,Low,No
2674,67,Female,Hoodie,Clothing,21,Nevada,M,Olive,Summer,2.6,No,2-Day Shipping,No,No,4,Cash,Monthly,0,Low Value,0.09899234693877551,Unsatisfied,Low Loyalty,Low Risk,Mature,Low,No
2675,40,Female,Hat,Accessories,41,Florida,S,Charcoal,Fall,3.3,No,Express,No,No,15,Cash,Every 3 Months,0,Low Value,0.2538392857142857,Unsatisfied,Medium Loyalty,Low Risk,Adult,Low,No
2676,24,Female,Shorts,Clothing,38,Virginia,M,Peach,Winter,3.4,No,Free Shipping,No,No,38,Cash,Bi-Weekly,0,Medium Value,0.45278061224489796,Unsatisfied,High Loyalty,Low Risk,Young Adult,Low,No
2677,43,Female,Backpack,Accessories,77,Kentucky,M,Maroon,Spring,3.6,No,Free Shipping,No,No,3,Cash,Fortnightly,0,Medium Value,0.4328698979591836,Unsatisfied,Low Loyalty,Low Risk,Mature,Low,No
2678,45,Female,Shorts,Clothing,43,Connecticut,L,Olive,Spring,3.8,No,Next Day Air,No,No,6,PayPal,Every 3 Months,0,Low Value,0.20998724489795917,Unsatisfied,Low Loyalty,Low Risk,Mature,Low,No
2679,33,Female,Belt,Accessories,91,Montana,M,Magenta,Spring,3.4,No,2-Day Shipping,No,No,34,Credit Card,Bi-Weekly,0,High Value,0.7264158163265306,Unsatisfied,High Loyalty,Low Risk,Adult,Low,Yes
2680,53,Female,Shorts,Clothing,68,Montana,S,Yellow,Spring,3.8,No,Express,No,No,7,Debit Card,Quarterly,0,Low Value,0.3317346938775511,Unsatisfied,Low Loyalty,Low Risk,Mature,Low,No
2681,44,Female,Socks,Clothing,37,Nebraska,L,Indigo,Fall,3.3,No,Next Day Air,No,No,21,Venmo,Annually,0,Low Value,0.21807397959183672,Unsatisfied,Medium Loyalty,Low Risk,Mature,Low,No
2682,23,Female,Shoes,Footwear,23,Massachusetts,L,Olive,Summer,4.8,No,Standard,No,No,17,Debit Card,Monthly,0,Low Value,0.18983418367346938,Satisfied,Medium Loyalty,Low Risk,Young Adult,Low,No
2683,59,Female,Sneakers,Footwear,65,North Carolina,L,Maroon,Winter,3.9,No,2-Day Shipping,No,No,5,Venmo,Every 3 Months,0,Low Value,0.32761479591836734,Unsatisfied,Low Loyalty,Low Risk,Mature,Low,No
2684,68,Female,Backpack,Accessories,30,Montana,M,Indigo,Summer,4.2,No,Next Day Air,No,No,21,Cash,Fortnightly,0,Low Value,0.2786989795918367,Satisfied,Medium Loyalty,Low Risk,Mature,Low,No
2685,46,Female,Dress,Clothing,45,Washington,M,Gray,Summer,4.7,No,Free Shipping,No,No,42,Credit Card,Bi-Weekly,0,Medium Value,0.5166454081632652,Satisfied,High Loyalty,Low Risk,Mature,Low,No
2686,56,Female,Boots,Footwear,25,Virginia,M,Gray,Winter,2.7,No,Express,No,No,49,Credit Card,Quarterly,0,Low Value,0.34700255102040817,Unsatisfied,High Loyalty,Low Risk,Mature,Low,No
2687,40,Female,Socks,Clothing,72,Georgia,M,Black,Winter,3.8,No,2-Day Shipping,No,No,33,Cash,Fortnightly,0,High Value,0.5884183673469388,Unsatisfied,High Loyalty,Low Risk,Adult,Low,Yes
2688,61,Female,Dress,Clothing,75,Delaware,M,White,Fall,3.6,No,2-Day Shipping,No,No,12,Debit Card,Bi-Weekly,0,Medium Value,0.5017219387755102,Unsatisfied,Medium Loyalty,Low Risk,Mature,Low,No
2689,53,Female,Handbag,Accessories,63,West Virginia,XL,Turquoise,Spring,2.9,No,2-Day Shipping,No,No,18,Credit Card,Every 3 Months,0,Medium Value,0.39595663265306125,Unsatisfied,Medium Loyalty,Low Risk,Mature,Low,No
2690,29,Female,Blouse,Clothing,35,Wyoming,M,Orange,Fall,3.9,No,Standard,No,No,47,PayPal,Quarterly,0,Low Value,0.39100765306122454,Unsatisfied,High Loyalty,Low Risk,Adult,Low,No
2691,44,Female,Belt,Accessories,32,New Mexico,L,Yellow,Summer,4.7,No,Free Shipping,No,No,18,Bank Transfer,Weekly,0,Low Value,0.32158163265306117,Satisfied,Medium Loyalty,Low Risk,Mature,Low,No
2692,43,Female,Pants,Clothing,25,Nebraska,L,Blue,Winter,3.3,No,2-Day Shipping,No,No,48,Cash,Monthly,0,Low Value,0.3908801020408163,Unsatisfied,High Loyalty,Low Risk,Mature,Low,No
2693,40,Female,Sneakers,Footwear,90,Washington,XL,Violet,Spring,4.2,No,Free Shipping,No,No,18,Debit Card,Every 3 Months,0,Medium Value,0.5478316326530612,Satisfied,Medium Loyalty,Low Risk,Adult,Low,No
2694,55,Female,Boots,Footwear,70,Hawaii,L,Lavender,Summer,2.6,No,Standard,No,No,46,Cash,Quarterly,0,High Value,0.5817602040816326,Unsatisfied,High Loyalty,Low Risk,Mature,Low,Yes
2695,66,Female,Sunglasses,Accessories,27,Louisiana,M,Olive,Spring,4.9,No,Express,No,No,34,Credit Card,Every 3 Months,0,Low Value,0.29141581632653063,Satisfied,High Loyalty,Low Risk,Mature,Low,No
2696,50,Female,Hat,Accessories,92,Tennessee,M,Orange,Fall,3.6,No,Standard,No,No,10,PayPal,Bi-Weekly,0,High Value,0.5851020408163266,Unsatisfied,Medium Loyalty,Low Risk,Mature,Low,No
2697,57,Female,Coat,Outerwear,20,South Dakota,M,White,Spring,4.7,No,Free Shipping,No,No,12,Debit Card,Monthly,0,Low Value,0.1423469387755102,Satisfied,Medium Loyalty,Low Risk,Mature,Low,No
2698,42,Female,Jacket,Outerwear,52,Delaware,L,Red,Winter,3.2,No,Standard,No,No,36,Bank Transfer,Quarterly,0,Medium Value,0.41928571428571426,Unsatisfied,High Loyalty,Low Risk,Mature,Low,No
2699,55,Female,Hoodie,Clothing,57,Virginia,M,Magenta,Summer,3.6,No,Store Pickup,No,No,34,Venmo,Quarterly,0,Medium Value,0.4351658163265306,Unsatisfied,High Loyalty,Low Risk,Mature,Low,No
2700,25,Female,Boots,Footwear,96,Utah,M,Violet,Fall,3.6,No,2-Day Shipping,No,No,49,Debit Card,Annually,0,High Value,0.7213775510204082,Unsatisfied,High Loyalty,Low Risk,Young Adult,Low,Yes
2701,22,Female,T-shirt,Clothing,68,California,XL,Olive,Winter,3.2,No,Standard,No,No,36,Cash,Weekly,0,High Value,0.6342857142857143,Unsatisfied,High Loyalty,Low Risk,Young Adult,Low,Yes
2702,49,Female,Sweater,Clothing,30,Idaho,L,Silver,Summer,2.8,No,Store Pickup,No,No,18,Bank Transfer,Fortnightly,0,Low Value,0.2603316326530612,Unsatisfied,Medium Loyalty,Low Risk,Mature,Low,No
2703,70,Female,Shoes,Footwear,37,Texas,L,Gray,Fall,4.0,No,Next Day Air,No,No,39,Debit Card,Fortnightly,0,Medium Value,0.42827806122448975,Satisfied,High Loyalty,Low Risk,Mature,Low,No
2704,56,Female,Scarf,Accessories,42,Tennessee,XL,Olive,Winter,4.4,No,Free Shipping,No,No,34,PayPal,Weekly,0,Medium Value,0.4757908163265306,Satisfied,High Loyalty,Low Risk,Mature,Low,No
2705,52,Female,Dress,Clothing,54,Tennessee,L,Beige,Spring,3.4,No,Next Day Air,No,No,35,Debit Card,Weekly,0,Medium Value,0.5494132653061223,Unsatisfied,High Loyalty,Low Risk,Mature,Low,No
2706,65,Female,Jacket,Outerwear,81,Washington,S,Turquoise,Spring,5.0,No,Store Pickup,No,No,1,Credit Card,Bi-Weekly,0,Medium Value,0.468125,Satisfied,Low Loyalty,Low Risk,Mature,Low,No
2707,24,Female,Shoes,Footwear,40,Alabama,S,Blue,Spring,3.1,No,Express,No,No,48,Debit Card,Quarterly,0,Medium Value,0.4252551020408163,Unsatisfied,High Loyalty,Low Risk,Young Adult,Low,No
2708,32,Female,Backpack,Accessories,88,Nebraska,M,Pink,Fall,4.2,No,Standard,No,No,19,Cash,Weekly,0,High Value,0.642704081632653,Satisfied,Medium Loyalty,Low Risk,Adult,Low,No
2709,57,Female,Dress,Clothing,94,Alabama,M,Teal,Summer,3.3,No,Store Pickup,No,No,44,Debit Card,Weekly,0,High Value,0.829515306122449,Unsatisfied,High Loyalty,Low Risk,Mature,Low,Yes
2710,35,Female,Shirt,Clothing,54,Illinois,S,Cyan,Winter,2.9,No,Standard,No,No,9,Credit Card,Bi-Weekly,0,Low Value,0.36522959183673476,Unsatisfied,Medium Loyalty,Low Risk,Adult,Low,No
2711,69,Female,Jacket,Outerwear,51,Wisconsin,L,Purple,Summer,4.7,No,Standard,No,No,3,Bank Transfer,Fortnightly,0,Low Value,0.2866198979591837,Satisfied,Low Loyalty,Low Risk,Mature,Low,No
2712,30,Female,Sunglasses,Accessories,22,Nebraska,L,Red,Spring,4.0,No,Standard,No,No,50,Venmo,Monthly,0,Low Value,0.38625000000000004,Satisfied,High Loyalty,Low Risk,Adult,Low,No
2713,37,Female,Jacket,Outerwear,95,North Dakota,L,Brown,Fall,4.6,No,Standard,No,No,7,Debit Card,Quarterly,0,Medium Value,0.48360969387755104,Satisfied,Low Loyalty,Low Risk,Adult,Low,No
2714,19,Female,Coat,Outerwear,57,Mississippi,M,Magenta,Fall,3.8,No,2-Day Shipping,No,No,20,Debit Card,Annually,0,Low Value,0.32445153061224485,Unsatisfied,Medium Loyalty,Low Risk,Young Adult,Low,No
2715,53,Female,Sweater,Clothing,45,Iowa,S,Olive,Winter,3.6,No,Store Pickup,No,No,16,Credit Card,Bi-Weekly,0,Low Value,0.35746173469387754,Unsatisfied,Medium Loyalty,Low Risk,Mature,Low,No
2716,25,Female,Sneakers,Footwear,92,Mississippi,XL,Pink,Winter,4.1,No,Express,No,No,29,PayPal,Fortnightly,0,High Value,0.6764285714285715,Satisfied,High Loyalty,Low Risk,Young Adult,Low,Yes
2717,47,Female,Shoes,Footwear,40,Colorado,L,Black,Spring,2.7,No,Store Pickup,No,No,21,Debit Card,Weekly,0,Low Value,0.3849489795918367,Unsatisfied,Medium Loyalty,Low Risk,Mature,Low,No
2718,18,Female,Sunglasses,Accessories,62,Nebraska,XL,Beige,Winter,4.3,No,Free Shipping,No,No,19,Credit Card,Every 3 Months,0,Medium Value,0.39645408163265305,Satisfied,Medium Loyalty,Low Risk,Young Adult,Low,No
2719,22,Female,Shorts,Clothing,90,Virginia,M,Peach,Winter,4.9,No,Next Day Air,No,No,10,Venmo,Bi-Weekly,0,High Value,0.5738520408163266,Satisfied,Medium Loyalty,Low Risk,Young Adult,Low,No
2720,69,Female,Hoodie,Clothing,82,Louisiana,S,Peach,Fall,4.2,No,Free Shipping,No,No,4,Bank Transfer,Monthly,0,Medium Value,0.4421173469387756,Satisfied,Low Loyalty,Low Risk,Mature,Low,No
2721,55,Female,Scarf,Accessories,52,Maryland,M,Peach,Spring,2.8,No,Store Pickup,No,No,45,Bank Transfer,Quarterly,0,Medium Value,0.4743877551020408,Unsatisfied,High Loyalty,Low Risk,Mature,Low,No
2722,19,Female,Sandals,Footwear,70,Minnesota,S,Teal,Spring,4.9,No,Free Shipping,No,No,17,PayPal,Fortnightly,0,Medium Value,0.4792091836734694,Satisfied,Medium Loyalty,Low Risk,Young Adult,Low,No
2723,23,Female,Hat,Accessories,83,Maine,M,Green,Spring,2.8,No,2-Day Shipping,No,No,22,PayPal,Fortnightly,0,High Value,0.5829464285714285,Unsatisfied,Medium Loyalty,Low Risk,Young Adult,Low,No
2724,54,Female,Shoes,Footwear,49,Texas,XL,Brown,Summer,2.9,No,Store Pickup,No,No,3,PayPal,Every 3 Months,0,Low Value,0.22536989795918372,Unsatisfied,Low Loyalty,Low Risk,Mature,Low,No
2725,52,Female,Sneakers,Footwear,91,Missouri,M,Brown,Spring,2.5,No,Next Day Air,No,No,11,Debit Card,Fortnightly,0,High Value,0.5605994897959183,Unsatisfied,Medium Loyalty,Low Risk,Mature,Low,No
2726,64,Female,Backpack,Accessories,99,Mississippi,S,Violet,Summer,2.7,No,Free Shipping,No,No,4,Debit Card,Annually,0,Medium Value,0.46274234693877553,Unsatisfied,Low Loyalty,Low Risk,Mature,Low,No
2727,33,Female,Belt,Accessories,92,Michigan,L,Blue,Winter,3.3,No,Free Shipping,No,No,11,PayPal,Bi-Weekly,0,High Value,0.5912244897959185,Unsatisfied,Medium Loyalty,Low Risk,Adult,Low,No
2728,40,Female,Shirt,Clothing,87,Colorado,L,Charcoal,Winter,3.7,No,2-Day Shipping,No,No,47,Credit Card,Fortnightly,0,High Value,0.7585076530612246,Unsatisfied,High Loyalty,Low Risk,Adult,Low,Yes
2729,26,Female,Skirt,Clothing,28,Florida,M,Pink,Winter,4.0,No,Express,No,No,17,Debit Card,Weekly,0,Low Value,0.2929591836734694,Satisfied,Medium Loyalty,Low Risk,Adult,Low,No
2730,31,Female,Gloves,Accessories,71,Montana,S,Violet,Summer,4.1,No,Free Shipping,No,No,32,Credit Card,Monthly,0,Medium Value,0.5516709183673469,Satisfied,High Loyalty,Low Risk,Adult,Low,No
2731,23,Female,Gloves,Accessories,32,Wisconsin,M,Teal,Winter,4.1,No,Store Pickup,No,No,37,Bank Transfer,Annually,0,Low Value,0.2879081632653061,Satisfied,High Loyalty,Low Risk,Young Adult,Low,No
2732,52,Female,Handbag,Accessories,33,Wisconsin,M,Red,Summer,2.5,No,2-Day Shipping,No,No,44,Bank Transfer,Quarterly,0,Low Value,0.36139030612244893,Unsatisfied,High Loyalty,Low Risk,Mature,Low,No
2733,21,Female,Socks,Clothing,75,Delaware,L,Orange,Winter,4.2,No,Store Pickup,No,No,27,Debit Card,Every 3 Months,0,Medium Value,0.5185586734693878,Satisfied,High Loyalty,Low Risk,Young Adult,Low,No
2734,31,Female,Backpack,Accessories,83,North Carolina,M,Magenta,Summer,4.7,No,Express,No,No,46,PayPal,Annually,0,High Value,0.6298852040816327,Satisfied,High Loyalty,Low Risk,Adult,Low,Yes
2735,63,Female,Jeans,Clothing,93,New York,XL,Yellow,Summer,2.7,No,2-Day Shipping,No,No,13,Cash,Bi-Weekly,0,High Value,0.609094387755102,Unsatisfied,Medium Loyalty,Low Risk,Mature,Low,No
2736,46,Female,Skirt,Clothing,29,California,M,Yellow,Spring,3.0,No,Express,No,No,2,PayPal,Bi-Weekly,0,Low Value,0.18174744897959186,Unsatisfied,Low Loyalty,Low Risk,Mature,Low,No
2737,44,Female,Hoodie,Clothing,25,Montana,M,Pink,Spring,4.8,No,Store Pickup,No,No,45,Credit Card,Annually,0,Low Value,0.2975127551020408,Satisfied,High Loyalty,Low Risk,Mature,Low,No
2738,57,Female,Jewelry,Accessories,76,North Carolina,S,Indigo,Spring,4.4,No,Free Shipping,No,No,35,Cash,Every 3 Months,0,High Value,0.5731632653061225,Satisfied,High Loyalty,Low Risk,Mature,Low,Yes
2739,50,Female,Sneakers,Footwear,81,Ohio,M,Charcoal,Summer,4.3,No,2-Day Shipping,No,No,39,Venmo,Every 3 Months,0,High Value,0.6257780612244899,Satisfied,High Loyalty,Low Risk,Mature,Low,Yes
2740,33,Female,Shirt,Clothing,80,Alaska,XL,Blue,Winter,2.5,No,Store Pickup,No,No,39,Credit Card,Every 3 Months,0,High Value,0.6201530612244899,Unsatisfied,High Loyalty,Low Risk,Adult,Low,Yes
2741,19,Female,Sunglasses,Accessories,70,Pennsylvania,M,Lavender,Summer,4.9,No,Free Shipping,No,No,34,Bank Transfer,Fortnightly,0,High Value,0.5832908163265306,Satisfied,High Loyalty,Low Risk,Young Adult,Low,Yes
2742,68,Female,Dress,Clothing,81,Maine,L,Yellow,Fall,4.9,No,2-Day Shipping,No,No,41,Venmo,Monthly,0,High Value,0.6630229591836734,Satisfied,High Loyalty,Low Risk,Mature,Low,Yes
2743,27,Female,Shoes,Footwear,86,Texas,M,Black,Spring,3.9,No,Free Shipping,No,No,47,Debit Card,Annually,0,High Value,0.6528826530612244,Unsatisfied,High Loyalty,Low Risk,Adult,Low,Yes
2744,61,Female,Belt,Accessories,94,New Jersey,S,Beige,Fall,4.1,No,2-Day Shipping,No,No,17,Venmo,Quarterly,0,Medium Value,0.5392091836734694,Satisfied,Medium Loyalty,Low Risk,Mature,Low,No
2745,38,Female,Shirt,Clothing,66,Wyoming,M,Silver,Winter,3.3,No,Store Pickup,No,No,40,Credit Card,Monthly,0,High Value,0.5725255102040816,Unsatisfied,High Loyalty,Low Risk,Adult,Low,Yes
2746,28,Female,Boots,Footwear,98,Michigan,M,Magenta,Summer,4.1,No,Standard,No,No,44,PayPal,Bi-Weekly,0,High Value,0.827015306122449,Satisfied,High Loyalty,Low Risk,Adult,Low,Yes
2747,39,Female,Hoodie,Clothing,25,Ohio,M,Orange,Fall,3.7,No,Standard,No,No,21,PayPal,Every 3 Months,0,Low Value,0.2005739795918367,Unsatisfied,Medium Loyalty,Low Risk,Adult,Low,No
2748,18,Female,Jeans,Clothing,62,West Virginia,M,Teal,Winter,3.1,No,Free Shipping,No,No,21,Credit Card,Every 3 Months,0,Medium Value,0.4086989795918367,Unsatisfied,Medium Loyalty,Low Risk,Young Adult,Low,No
2749,24,Female,Jacket,Outerwear,98,Virginia,L,Turquoise,Spring,3.0,No,Free Shipping,No,No,16,Venmo,Annually,0,Medium Value,0.5305867346938775,Unsatisfied,Medium Loyalty,Low Risk,Young Adult,Low,No
2750,64,Female,Jacket,Outerwear,53,Vermont,M,Cyan,Spring,3.4,No,Standard,No,No,15,Bank Transfer,Annually,0,Low Value,0.2713392857142857,Unsatisfied,Medium Loyalty,Low Risk,Mature,Low,No
2751,51,Female,Sandals,Footwear,66,Alaska,L,Pink,Spring,2.7,No,2-Day Shipping,No,No,26,PayPal,Every 3 Months,0,Medium Value,0.4618112244897959,Unsatisfied,High Loyalty,Low Risk,Mature,Low,No
2752,27,Female,Dress,Clothing,52,Minnesota,S,Indigo,Fall,3.1,No,Free Shipping,No,No,50,Venmo,Monthly,0,High Value,0.5549999999999999,Unsatisfied,High Loyalty,Low Risk,Adult,Low,Yes
2753,48,Female,Sweater,Clothing,64,Colorado,S,Peach,Winter,4.0,No,Free Shipping,No,No,30,Venmo,Bi-Weekly,0,Medium Value,0.5500510204081632,Satisfied,High Loyalty,Low Risk,Mature,Low,No
2754,69,Female,Gloves,Accessories,59,Rhode Island,M,Beige,Spring,3.6,No,Next Day Air,No,No,48,PayPal,Quarterly,0,Medium Value,0.5321301020408163,Unsatisfied,High Loyalty,Low Risk,Mature,Low,No
2755,59,Female,Sunglasses,Accessories,61,New Jersey,L,Gold,Summer,3.6,No,Free Shipping,No,No,21,Venmo,Bi-Weekly,0,Medium Value,0.47807397959183673,Unsatisfied,Medium Loyalty,Low Risk,Mature,Low,No
2756,59,Female,Belt,Accessories,97,Nevada,M,Indigo,Winter,3.3,No,Store Pickup,No,No,18,Credit Card,Annually,0,Medium Value,0.5372066326530613,Unsatisfied,Medium Loyalty,Low Risk,Mature,Low,No
2757,42,Female,Hat,Accessories,23,Minnesota,L,Violet,Winter,4.1,No,Free Shipping,No,No,41,PayPal,Monthly,0,Low Value,0.33677295918367345,Satisfied,High Loyalty,Low Risk,Mature,Low,No
2758,39,Female,Hat,Accessories,98,Delaware,XL,Brown,Fall,4.3,No,Next Day Air,No,No,11,Venmo,Monthly,0,High Value,0.5749744897959184,Satisfied,Medium Loyalty,Low Risk,Adult,Low,No
2759,32,Female,Blouse,Clothing,98,Illinois,M,Purple,Summer,3.2,No,Standard,No,No,8,Bank Transfer,Bi-Weekly,0,High Value,0.6066071428571429,Unsatisfied,Medium Loyalty,Low Risk,Adult,Low,No
2760,68,Female,Shoes,Footwear,59,Washington,M,Turquoise,Summer,3.9,No,Free Shipping,No,No,42,Cash,Every 3 Months,0,Medium Value,0.5203954081632653,Unsatisfied,High Loyalty,Low Risk,Mature,Low,No
2761,41,Female,Skirt,Clothing,82,Alaska,S,Violet,Fall,5.0,No,Next Day Air,No,No,41,Credit Card,Bi-Weekly,0,High Value,0.7186479591836735,Satisfied,High Loyalty,Low Risk,Mature,Low,Yes
2762,31,Female,Sneakers,Footwear,82,Michigan,M,Purple,Fall,3.4,No,Next Day Air,No,No,3,Credit Card,Every 3 Months,0,Medium Value,0.4109948979591837,Unsatisfied,Low Loyalty,Low Risk,Adult,Low,No
2763,58,Female,T-shirt,Clothing,41,Georgia,M,Charcoal,Fall,3.8,No,Store Pickup,No,No,10,Debit Card,Every 3 Months,0,Low Value,0.22322704081632655,Unsatisfied,Medium Loyalty,Low Risk,Mature,Low,No
2764,28,Female,Handbag,Accessories,52,West Virginia,M,Green,Fall,2.9,No,2-Day Shipping,No,No,35,Venmo,Quarterly,0,Medium Value,0.41316326530612246,Unsatisfied,High Loyalty,Low Risk,Adult,Low,No
2765,63,Female,Sweater,Clothing,41,Arizona,XL,White,Spring,2.6,No,Next Day Air,No,No,2,Debit Card,Weekly,0,Low Value,0.27424744897959186,Unsatisfied,Low Loyalty,Low Risk,Mature,Low,No
2766,64,Female,Gloves,Accessories,70,Colorado,M,Purple,Summer,4.3,No,2-Day Shipping,No,No,24,Credit Card,Quarterly,0,Medium Value,0.4470663265306123,Satisfied,Medium Loyalty,Low Risk,Mature,Low,No
2767,66,Female,Dress,Clothing,91,Tennessee,M,Cyan,Winter,2.8,No,Standard,No,No,47,Credit Card,Monthly,0,High Value,0.7560076530612244,Unsatisfied,High Loyalty,Low Risk,Mature,Low,Yes
2768,31,Female,Dress,Clothing,95,Iowa,M,Green,Spring,4.5,No,Free Shipping,No,No,31,Cash,Monthly,0,High Value,0.680548469387755,Satisfied,High Loyalty,Low Risk,Adult,Low,Yes
2769,55,Female,Blouse,Clothing,25,Kansas,M,Beige,Spring,3.8,No,2-Day Shipping,No,No,28,PayPal,Bi-Weekly,0,Low Value,0.3184311224489796,Unsatisfied,High Loyalty,Low Risk,Mature,Low,No
2770,32,Female,Shirt,Clothing,89,Oklahoma,L,Lavender,Fall,3.0,No,Standard,No,No,13,Cash,Weekly,0,High Value,0.611594387755102,Unsatisfied,Medium Loyalty,Low Risk,Adult,Low,No
2771,50,Female,Boots,Footwear,44,Nebraska,S,Blue,Fall,3.3,No,Express,No,No,22,Bank Transfer,Quarterly,0,Low Value,0.2885714285714286,Unsatisfied,Medium Loyalty,Low Risk,Mature,Low,No
2772,58,Female,Jacket,Outerwear,52,Maryland,S,Beige,Summer,3.1,No,2-Day Shipping,No,No,12,Bank Transfer,Fortnightly,0,Low Value,0.3473469387755102,Unsatisfied,Medium Loyalty,Low Risk,Mature,Low,No
2773,18,Female,Backpack,Accessories,94,Pennsylvania,L,Blue,Spring,3.5,No,Store Pickup,No,No,10,Bank Transfer,Every 3 Months,0,Medium Value,0.5213520408163266,Unsatisfied,Medium Loyalty,Low Risk,Young Adult,Low,No
2774,39,Female,Pants,Clothing,98,Arizona,S,Maroon,Spring,4.6,No,Express,No,No,45,Bank Transfer,Quarterly,0,High Value,0.7331377551020408,Satisfied,High Loyalty,Low Risk,Adult,Low,Yes
2775,56,Female,Boots,Footwear,40,Oklahoma,L,Yellow,Fall,4.1,No,Standard,No,No,42,Credit Card,Quarterly,0,Low Value,0.3885204081632653,Satisfied,High Loyalty,Low Risk,Mature,Low,No
2776,37,Female,Socks,Clothing,25,Montana,L,Red,Fall,3.6,No,Free Shipping,No,No,16,Debit Card,Weekly,0,Low Value,0.2699617346938775,Unsatisfied,Medium Loyalty,Low Risk,Adult,Low,No
2777,46,Female,Scarf,Accessories,62,Wyoming,L,Green,Fall,2.9,No,Free Shipping,No,No,6,Bank Transfer,Annually,0,Low Value,0.2668622448979592,Unsatisfied,Low Loyalty,Low Risk,Mature,Low,No
2778,52,Female,Blouse,Clothing,24,Idaho,M,Magenta,Fall,4.8,No,Standard,No,No,28,Credit Card,Every 3 Months,0,Low Value,0.23780612244897958,Satisfied,High Loyalty,Low Risk,Mature,Low,No
2779,70,Female,Belt,Accessories,57,Pennsylvania,L,Yellow,Spring,3.2,No,Standard,No,No,24,Credit Card,Bi-Weekly,0,Medium Value,0.4739413265306123,Unsatisfied,Medium Loyalty,Low Risk,Mature,Low,No
2780,61,Female,Sunglasses,Accessories,66,Montana,L,Blue,Winter,4.3,No,Express,No,No,14,Credit Card,Fortnightly,0,Medium Value,0.43834183673469385,Satisfied,Medium Loyalty,Low Risk,Mature,Low,No
2781,33,Female,Boots,Footwear,70,Ohio,M,Charcoal,Winter,4.1,No,Next Day Air,No,No,29,PayPal,Fortnightly,0,Medium Value,0.5526785714285714,Satisfied,High Loyalty,Low Risk,Adult,Low,No
2782,65,Female,Sandals,Footwear,39,Mississippi,M,Blue,Spring,4.6,No,Standard,No,No,33,PayPal,Weekly,0,Medium Value,0.45279336734693876,Satisfied,High Loyalty,Low Risk,Mature,Low,No
2783,41,Female,Gloves,Accessories,34,Idaho,S,Cyan,Spring,3.8,No,Free Shipping,No,No,30,PayPal,Annually,0,Low Value,0.25630102040816327,Unsatisfied,High Loyalty,Low Risk,Mature,Low,No
2784,19,Female,Skirt,Clothing,38,Virginia,M,Silver,Spring,4.5,No,Next Day Air,No,No,26,Credit Card,Quarterly,0,Low Value,0.27931122448979595,Satisfied,High Loyalty,Low Risk,Young Adult,Low,No
2785,33,Female,Skirt,Clothing,70,Idaho,M,Black,Winter,3.1,No,Express,No,No,12,PayPal,Every 3 Months,0,Medium Value,0.3985969387755102,Unsatisfied,Medium Loyalty,Low Risk,Adult,Low,No
2786,53,Female,Blouse,Clothing,80,Louisiana,S,Green,Summer,2.9,No,Next Day Air,No,No,13,Bank Transfer,Monthly,0,Medium Value,0.48596938775510207,Unsatisfied,Medium Loyalty,Low Risk,Mature,Low,No
2787,54,Female,Handbag,Accessories,51,Colorado,M,Violet,Spring,3.8,No,Next Day Air,No,No,41,Debit Card,Every 3 Months,0,Medium Value,0.46927295918367345,Unsatisfied,High Loyalty,Low Risk,Mature,Low,No
2788,36,Female,Boots,Footwear,79,West Virginia,XL,Pink,Spring,4.1,No,Next Day Air,No,No,4,Venmo,Fortnightly,0,Medium Value,0.4502423469387755,Satisfied,Low Loyalty,Low Risk,Adult,Low,No
2789,56,Female,Boots,Footwear,92,Rhode Island,M,Olive,Summer,3.1,No,Free Shipping,No,No,2,Credit Card,Annually,0,Medium Value,0.41112244897959194,Unsatisfied,Low Loyalty,Low Risk,Mature,Low,No
2790,28,Female,Sweater,Clothing,85,North Carolina,L,Orange,Fall,5.0,No,Express,No,No,28,Credit Card,Bi-Weekly,0,High Value,0.6559311224489797,Satisfied,High Loyalty,Low Risk,Adult,Low,Yes
2791,34,Female,Socks,Clothing,63,Maine,M,Black,Spring,4.5,No,Free Shipping,No,No,24,Debit Card,Annually,0,Low Value,0.3826913265306123,Satisfied,Medium Loyalty,Low Risk,Adult,Low,No
2792,43,Female,Gloves,Accessories,60,Iowa,M,Yellow,Fall,2.8,No,Express,No,No,14,Venmo,Fortnightly,0,Medium Value,0.40459183673469384,Unsatisfied,Medium Loyalty,Low Risk,Mature,Low,No
2793,54,Female,Shorts,Clothing,44,Kentucky,L,Violet,Winter,3.2,No,Express,No,No,11,Credit Card,Weekly,0,Low Value,0.34622448979591836,Unsatisfied,Medium Loyalty,Low Risk,Mature,Low,No
2794,37,Female,Boots,Footwear,57,Massachusetts,M,Silver,Spring,3.1,No,Standard,No,No,27,Debit Card,Bi-Weekly,0,Medium Value,0.4923086734693877,Unsatisfied,High Loyalty,Low Risk,Adult,Low,No
2795,33,Female,Jacket,Outerwear,24,New York,M,Gold,Fall,3.3,No,Standard,No,No,7,Cash,Fortnightly,0,Low Value,0.15923469387755101,Unsatisfied,Low Loyalty,Low Risk,Adult,Low,No
2796,33,Female,Scarf,Accessories,35,Nebraska,M,Magenta,Winter,3.4,No,Store Pickup,No,No,49,PayPal,Annually,0,Low Value,0.3782525510204081,Unsatisfied,High Loyalty,Low Risk,Adult,Low,No
2797,55,Female,Jacket,Outerwear,73,Oklahoma,M,Red,Winter,3.8,No,Store Pickup,No,No,21,Cash,Annually,0,Medium Value,0.42057397959183673,Unsatisfied,Medium Loyalty,Low Risk,Mature,Low,No
2798,63,Female,Jewelry,Accessories,42,Oklahoma,M,Green,Winter,3.5,No,Express,No,No,10,Venmo,Every 3 Months,0,Low Value,0.22885204081632654,Unsatisfied,Medium Loyalty,Low Risk,Mature,Low,No
2799,52,Female,Hoodie,Clothing,20,Rhode Island,XL,Red,Winter,4.8,No,Store Pickup,No,No,37,PayPal,Weekly,0,Low Value,0.37040816326530607,Satisfied,High Loyalty,Low Risk,Mature,Low,No
2800,23,Female,T-shirt,Clothing,89,Maine,L,Pink,Spring,3.9,No,Free Shipping,No,No,9,Bank Transfer,Every 3 Months,0,Medium Value,0.4871045918367347,Unsatisfied,Medium Loyalty,Low Risk,Young Adult,Low,No
2801,70,Female,Shirt,Clothing,76,Arkansas,L,Violet,Fall,3.4,No,Free Shipping,No,No,14,Cash,Bi-Weekly,0,Medium Value,0.5195918367346939,Unsatisfied,Medium Loyalty,Low Risk,Mature,Low,No
2802,64,Female,Shirt,Clothing,56,New Mexico,M,Indigo,Winter,2.6,No,Express,No,No,30,PayPal,Annually,0,Low Value,0.3800510204081633,Unsatisfied,High Loyalty,Low Risk,Mature,Low,No
2803,22,Female,Coat,Outerwear,100,Hawaii,L,Red,Fall,3.1,No,Store Pickup,No,No,42,Credit Card,Fortnightly,0,High Value,0.8010204081632653,Unsatisfied,High Loyalty,Low Risk,Young Adult,Low,Yes
2804,46,Female,T-shirt,Clothing,44,Idaho,M,Violet,Winter,3.3,No,Free Shipping,No,No,31,Bank Transfer,Monthly,0,Low Value,0.3936734693877551,Unsatisfied,High Loyalty,Low Risk,Mature,Low,No
2805,65,Female,Hoodie,Clothing,76,South Carolina,M,Cyan,Spring,2.8,No,Standard,No,No,48,Bank Transfer,Every 3 Months,0,High Value,0.6527551020408164,Unsatisfied,High Loyalty,Low Risk,Mature,Low,Yes
2806,18,Female,Sunglasses,Accessories,97,Nevada,S,Black,Fall,4.3,No,Standard,No,No,48,Cash,Quarterly,0,High Value,0.7458801020408165,Satisfied,High Loyalty,Low Risk,Young Adult,Low,Yes
2807,45,Female,Blouse,Clothing,39,South Carolina,L,Purple,Spring,2.7,No,Standard,No,No,50,Credit Card,Annually,0,Medium Value,0.406875,Unsatisfied,High Loyalty,Low Risk,Mature,Low,No
2808,56,Female,Hoodie,Clothing,100,Maryland,M,Charcoal,Spring,4.4,No,2-Day Shipping,No,No,10,Debit Card,Fortnightly,0,High Value,0.6051020408163265,Satisfied,Medium Loyalty,Low Risk,Mature,Low,No
2809,49,Female,Skirt,Clothing,62,Tennessee,M,Beige,Spring,3.9,No,Free Shipping,No,No,45,PayPal,Every 3 Months,0,High Value,0.5556377551020408,Unsatisfied,High Loyalty,Low Risk,Mature,Low,Yes
2810,66,Female,Shorts,Clothing,98,Arkansas,XL,Teal,Summer,3.0,No,Standard,No,No,27,Debit Card,Quarterly,0,High Value,0.6229336734693878,Unsatisfied,High Loyalty,Low Risk,Mature,Low,Yes
2811,27,Female,Jeans,Clothing,31,Arizona,M,Purple,Summer,4.0,No,Standard,No,No,10,Debit Card,Fortnightly,0,Low Value,0.21697704081632652,Satisfied,Medium Loyalty,Low Risk,Adult,Low,No
2812,69,Female,Jacket,Outerwear,89,Ohio,M,Blue,Fall,3.7,No,Store Pickup,No,No,19,Credit Card,Quarterly,0,Medium Value,0.5233290816326531,Unsatisfied,Medium Loyalty,Low Risk,Mature,Low,No
2813,66,Female,Hoodie,Clothing,91,North Dakota,XL,Magenta,Fall,3.8,No,Store Pickup,No,No,1,Credit Card,Every 3 Months,0,Medium Value,0.44937499999999997,Unsatisfied,Low Loyalty,Low Risk,Mature,Low,No
2814,45,Female,Shirt,Clothing,50,Vermont,S,Maroon,Summer,3.3,No,2-Day Shipping,No,No,39,Debit Card,Quarterly,0,Medium Value,0.4264030612244898,Unsatisfied,High Loyalty,Low Risk,Mature,Low,No
2815,31,Female,T-shirt,Clothing,32,Minnesota,L,Gold,Winter,3.6,No,Standard,No,No,14,Bank Transfer,Monthly,0,Low Value,0.2220918367346939,Unsatisfied,Medium Loyalty,Low Risk,Adult,Low,No
2816,33,Female,Blouse,Clothing,67,Idaho,L,Black,Fall,3.9,No,Free Shipping,No,No,40,Venmo,Every 3 Months,0,Medium Value,0.5531505102040817,Unsatisfied,High Loyalty,Low Risk,Adult,Low,No
2817,43,Female,Skirt,Clothing,28,Maryland,M,Black,Spring,3.5,No,Free Shipping,No,No,45,Venmo,Weekly,0,Medium Value,0.4643877551020408,Unsatisfied,High Loyalty,Low Risk,Mature,Low,No
2818,25,Female,Backpack,Accessories,65,South Carolina,XL,Yellow,Winter,3.4,No,Standard,No,No,6,Venmo,Weekly,0,Medium Value,0.4337372448979591,Unsatisfied,Low Loyalty,Low Risk,Young Adult,Low,No
2819,46,Female,Shorts,Clothing,73,California,M,Turquoise,Fall,4.7,No,Next Day Air,No,No,12,Debit Card,Annually,0,Low Value,0.3654719387755102,Satisfied,Medium Loyalty,Low Risk,Mature,Low,No
2820,67,Female,Shirt,Clothing,27,Georgia,L,Lavender,Spring,3.0,No,Free Shipping,No,No,19,Cash,Monthly,0,Low Value,0.22457908163265305,Unsatisfied,Medium Loyalty,Low Risk,Mature,Low,No
2821,26,Female,Backpack,Accessories,89,Vermont,L,Yellow,Summer,3.9,No,Free Shipping,No,No,5,Cash,Bi-Weekly,0,Medium Value,0.5376147959183675,Unsatisfied,Low Loyalty,Low Risk,Adult,Low,No
2822,35,Female,Shoes,Footwear,72,Georgia,L,Olive,Summer,4.5,No,Standard,No,No,37,Venmo,Monthly,0,High Value,0.587908163265306,Satisfied,High Loyalty,Low Risk,Adult,Low,Yes
2823,61,Female,Skirt,Clothing,37,New Jersey,S,Brown,Fall,4.1,No,Standard,No,No,33,PayPal,Quarterly,0,Low Value,0.3165433673469388,Satisfied,High Loyalty,Low Risk,Mature,Low,No
2824,26,Female,Dress,Clothing,63,Utah,M,Olive,Summer,4.5,No,Standard,No,No,47,Debit Card,Bi-Weekly,0,High Value,0.6485076530612245,Satisfied,High Loyalty,Low Risk,Adult,Low,Yes
2825,39,Female,Hat,Accessories,90,Utah,M,Purple,Fall,4.0,No,Free Shipping,No,No,49,Debit Card,Quarterly,0,High Value,0.7126275510204082,Satisfied,High Loyalty,Low Risk,Adult,Low,Yes
2826,69,Female,Handbag,Accessories,62,North Carolina,M,Yellow,Winter,4.3,No,2-Day Shipping,No,No,28,Bank Transfer,Annually,0,Medium Value,0.4015561224489796,Satisfied,High Loyalty,Low Risk,Mature,Low,No
2827,32,Female,Handbag,Accessories,43,Florida,L,Brown,Fall,3.6,No,Express,No,No,23,Venmo,Annually,0,Low Value,0.2640688775510204,Unsatisfied,Medium Loyalty,Low Risk,Adult,Low,No
2828,20,Female,Blouse,Clothing,96,Wisconsin,M,Magenta,Fall,3.1,No,Next Day Air,No,No,11,Bank Transfer,Bi-Weekly,0,High Value,0.6137244897959184,Unsatisfied,Medium Loyalty,Low Risk,Young Adult,Low,No
2829,25,Female,Scarf,Accessories,83,Tennessee,L,Lavender,Fall,2.6,No,Standard,No,No,33,PayPal,Quarterly,0,High Value,0.5752933673469388,Unsatisfied,High Loyalty,Low Risk,Young Adult,Low,Yes
2830,56,Female,Jewelry,Accessories,67,Arizona,XL,Teal,Fall,3.4,No,Next Day Air,No,No,47,Cash,Weekly,0,High Value,0.6960076530612245,Unsatisfied,High Loyalty,Low Risk,Mature,Low,Yes
2831,63,Female,Skirt,Clothing,90,Oregon,L,Cyan,Spring,2.9,No,Store Pickup,No,No,13,Venmo,Every 3 Months,0,Medium Value,0.517219387755102,Unsatisfied,Medium Loyalty,Low Risk,Mature,Low,No
2832,34,Female,Hoodie,Clothing,53,Virginia,L,Pink,Winter,5.0,No,Express,No,No,4,Credit Card,Weekly,0,Low Value,0.3539923469387755,Satisfied,Low Loyalty,Low Risk,Adult,Low,No
2833,29,Female,Scarf,Accessories,37,Maryland,M,Magenta,Summer,4.6,No,Standard,No,No,40,PayPal,Quarterly,0,Low Value,0.3594005102040816,Satisfied,High Loyalty,Low Risk,Adult,Low,No
2834,43,Female,Jeans,Clothing,56,Arkansas,M,Teal,Fall,3.3,No,Free Shipping,No,No,19,Cash,Monthly,0,Low Value,0.3877040816326531,Unsatisfied,Medium Loyalty,Low Risk,Mature,Low,No
2835,39,Female,Jacket,Outerwear,43,Texas,M,Indigo,Fall,2.9,No,2-Day Shipping,No,No,17,Credit Card,Weekly,0,Low Value,0.3773341836734693,Unsatisfied,Medium Loyalty,Low Risk,Adult,Low,No
2836,33,Female,T-shirt,Clothing,84,Vermont,S,Pink,Winter,4.9,No,Free Shipping,No,No,7,Venmo,Annually,0,Medium Value,0.39673469387755106,Satisfied,Low Loyalty,Low Risk,Adult,Low,No
2837,51,Female,Pants,Clothing,50,Wyoming,M,Charcoal,Winter,5.0,No,2-Day Shipping,No,No,21,Cash,Bi-Weekly,0,Medium Value,0.4161989795918367,Satisfied,Medium Loyalty,Low Risk,Mature,Low,No
2838,65,Female,Shoes,Footwear,88,Alabama,M,Brown,Summer,4.5,No,Express,No,No,44,PayPal,Weekly,0,High Value,0.795765306122449,Satisfied,High Loyalty,Low Risk,Mature,Low,Yes
2839,51,Female,Jacket,Outerwear,50,Maine,M,Blue,Fall,3.7,No,Free Shipping,No,No,2,Bank Transfer,Weekly,0,Low Value,0.3248724489795918,Unsatisfied,Low Loyalty,Low Risk,Mature,Low,No
2840,70,Female,Scarf,Accessories,80,South Dakota,L,Teal,Summer,2.8,No,Store Pickup,No,No,30,Bank Transfer,Monthly,0,High Value,0.5900510204081633,Unsatisfied,High Loyalty,Low Risk,Mature,Low,Yes
2841,40,Female,T-shirt,Clothing,47,West Virginia,L,Pink,Spring,3.5,No,Store Pickup,No,No,41,Cash,Annually,0,Medium Value,0.39677295918367345,Unsatisfied,High Loyalty,Low Risk,Adult,Low,No
2842,19,Female,Dress,Clothing,33,Ohio,XL,Magenta,Winter,3.0,No,2-Day Shipping,No,No,31,Cash,Weekly,0,Medium Value,0.40679846938775505,Unsatisfied,High Loyalty,Low Risk,Young Adult,Low,No
2843,28,Female,Coat,Outerwear,100,Arizona,L,Green,Fall,4.3,No,Standard,No,No,48,Debit Card,Quarterly,0,High Value,0.7627551020408163,Satisfied,High Loyalty,Low Risk,Adult,Low,Yes
2844,51,Female,Sweater,Clothing,26,Ohio,M,White,Summer,3.6,No,Store Pickup,No,No,41,Venmo,Weekly,0,Medium Value,0.42864795918367343,Unsatisfied,High Loyalty,Low Risk,Mature,Low,No
2845,32,Female,Hat,Accessories,79,New Mexico,M,Indigo,Summer,4.4,No,Standard,No,No,42,Venmo,Annually,0,High Value,0.5828954081632653,Satisfied,High Loyalty,Low Risk,Adult,Low,Yes
2846,26,Female,Backpack,Accessories,77,South Dakota,L,Lavender,Summer,4.1,No,Express,No,No,39,Debit Card,Every 3 Months,0,High Value,0.6032780612244898,Satisfied,High Loyalty,Low Risk,Adult,Low,Yes
2847,50,Female,Socks,Clothing,36,Oklahoma,XL,Black,Fall,2.8,No,Next Day Air,No,No,15,PayPal,Bi-Weekly,0,Low Value,0.3007142857142857,Unsatisfied,Medium Loyalty,Low Risk,Mature,Low,No
2848,68,Female,Jewelry,Accessories,21,Connecticut,L,Charcoal,Winter,2.8,No,Free Shipping,No,No,3,PayPal,Every 3 Months,0,Low Value,0.06786989795918369,Unsatisfied,Low Loyalty,Low Risk,Mature,Low,No
2849,33,Female,Boots,Footwear,72,Wisconsin,L,Gray,Fall,4.9,No,Store Pickup,No,No,28,Bank Transfer,Quarterly,0,Medium Value,0.48280612244897964,Satisfied,High Loyalty,Low Risk,Adult,Low,No
2850,56,Female,Coat,Outerwear,25,New Hampshire,M,Gold,Spring,4.1,No,Express,No,No,27,PayPal,Bi-Weekly,0,Low Value,0.31230867346938773,Satisfied,High Loyalty,Low Risk,Mature,Low,No
2851,57,Female,Sweater,Clothing,79,Nebraska,M,Silver,Spring,3.0,No,Store Pickup,No,No,36,Debit Card,Annually,0,Medium Value,0.5461607142857143,Unsatisfied,High Loyalty,Low Risk,Mature,Low,No
2852,58,Female,Blouse,Clothing,73,Nevada,L,Teal,Summer,3.0,No,Store Pickup,No,No,42,Debit Card,Monthly,0,High Value,0.6241454081632652,Unsatisfied,High Loyalty,Low Risk,Mature,Low,Yes
2853,40,Female,Belt,Accessories,71,New York,M,Magenta,Spring,3.0,No,Store Pickup,No,No,30,Venmo,Weekly,0,High Value,0.6144260204081633,Unsatisfied,High Loyalty,Low Risk,Adult,Low,Yes
2854,37,Female,Hat,Accessories,48,Pennsylvania,M,Magenta,Winter,3.2,No,Next Day Air,No,No,9,PayPal,Weekly,0,Low Value,0.3564795918367347,Unsatisfied,Medium Loyalty,Low Risk,Adult,Low,No
2855,36,Female,Sandals,Footwear,28,Delaware,M,Beige,Fall,2.7,No,Store Pickup,No,No,25,Venmo,Monthly,0,Low Value,0.26693877551020406,Unsatisfied,Medium Loyalty,Low Risk,Adult,Low,No
2856,29,Female,Boots,Footwear,95,Mississippi,S,Maroon,Winter,3.8,No,2-Day Shipping,No,No,33,PayPal,Quarterly,0,High Value,0.6427933673469388,Unsatisfied,High Loyalty,Low Risk,Adult,Low,Yes
2857,65,Female,Jacket,Outerwear,48,Iowa,M,Indigo,Winter,3.5,No,2-Day Shipping,No,No,31,Credit Card,Monthly,0,Medium Value,0.4161734693877551,Unsatisfied,High Loyalty,Low Risk,Mature,Low,No
2858,44,Female,Dress,Clothing,93,Utah,S,Maroon,Spring,3.8,No,Next Day Air,No,No,35,Debit Card,Monthly,0,High Value,0.6937882653061225,Unsatisfied,High Loyalty,Low Risk,Mature,Low,Yes
2859,34,Female,Jeans,Clothing,87,Maryland,L,Teal,Summer,3.8,No,2-Day Shipping,No,No,46,Bank Transfer,Monthly,0,High Value,0.7273852040816327,Unsatisfied,High Loyalty,Low Risk,Adult,Low,Yes
2860,31,Female,Shorts,Clothing,32,Utah,L,Yellow,Fall,3.4,No,Express,No,No,29,Bank Transfer,Annually,0,Low Value,0.23892857142857143,Unsatisfied,High Loyalty,Low Risk,Adult,Low,No
2861,28,Female,Shirt,Clothing,38,Rhode Island,M,Gold,Spring,2.9,No,Next Day Air,No,No,49,Bank Transfer,Weekly,0,Medium Value,0.5451275510204081,Unsatisfied,High Loyalty,Low Risk,Adult,Low,No
2862,66,Female,Coat,Outerwear,54,Maryland,M,Teal,Fall,3.4,No,Free Shipping,No,No,27,Credit Card,Monthly,0,Medium Value,0.42543367346938776,Unsatisfied,High Loyalty,Low Risk,Mature,Low,No
2863,68,Female,Coat,Outerwear,75,Hawaii,S,Violet,Summer,4.7,No,Store Pickup,No,No,5,Bank Transfer,Every 3 Months,0,Low Value,0.38386479591836736,Satisfied,Low Loyalty,Low Risk,Mature,Low,No
2864,37,Female,T-shirt,Clothing,56,Connecticut,M,Yellow,Fall,3.9,No,2-Day Shipping,No,No,18,Venmo,Monthly,0,Low Value,0.3815816326530613,Unsatisfied,Medium Loyalty,Low Risk,Adult,Low,No
2865,58,Female,Sweater,Clothing,43,Illinois,S,Maroon,Fall,3.6,No,Store Pickup,No,No,31,Venmo,Weekly,0,Medium Value,0.463048469387755,Unsatisfied,High Loyalty,Low Risk,Mature,Low,No
2866,28,Female,Skirt,Clothing,97,California,M,Silver,Fall,3.7,No,Free Shipping,No,No,27,Cash,Fortnightly,0,High Value,0.6923086734693878,Unsatisfied,High Loyalty,Low Risk,Adult,Low,Yes
2867,54,Female,Blouse,Clothing,75,Connecticut,S,Violet,Summer,3.1,No,Free Shipping,No,No,19,Cash,Annually,0,Medium Value,0.41957908163265306,Unsatisfied,Medium Loyalty,Low Risk,Mature,Low,No
2868,21,Female,Sneakers,Footwear,55,Colorado,L,White,Summer,4.9,No,Next Day Air,No,No,33,Cash,Fortnightly,0,Medium Value,0.49279336734693874,Satisfied,High Loyalty,Low Risk,Young Adult,Low,No
2869,45,Female,Backpack,Accessories,49,Colorado,M,Black,Winter,2.6,No,Next Day Air,No,No,42,PayPal,Every 3 Months,0,Medium Value,0.46414540816326527,Unsatisfied,High Loyalty,Low Risk,Mature,Low,No
2870,57,Female,Socks,Clothing,58,Georgia,M,White,Summer,4.2,No,Standard,No,No,16,Bank Transfer,Weekly,0,Medium Value,0.45558673469387756,Satisfied,Medium Loyalty,Low Risk,Mature,Low,No
2871,47,Female,Jewelry,Accessories,34,North Dakota,M,Blue,Winter,4.8,No,Free Shipping,No,No,49,Debit Card,Every 3 Months,0,Medium Value,0.42262755102040817,Satisfied,High Loyalty,Low Risk,Mature,Low,No
2872,46,Female,Shorts,Clothing,43,Idaho,S,Black,Summer,2.7,No,2-Day Shipping,No,No,40,Venmo,Bi-Weekly,0,Medium Value,0.49315051020408157,Unsatisfied,High Loyalty,Low Risk,Mature,Low,No
2873,63,Female,Jewelry,Accessories,48,Connecticut,L,Olive,Fall,2.6,No,Next Day Air,No,No,5,Cash,Annually,0,Low Value,0.1819897959183674,Unsatisfied,Low Loyalty,Low Risk,Mature,Low,No
2874,44,Female,Sweater,Clothing,40,Montana,M,Teal,Spring,2.6,No,Free Shipping,No,No,8,Bank Transfer,Monthly,0,Low Value,0.23035714285714287,Unsatisfied,Medium Loyalty,Low Risk,Mature,Low,No
2875,36,Female,Shirt,Clothing,29,Colorado,L,Silver,Summer,3.1,No,Standard,No,No,2,Debit Card,Annually,0,Low Value,0.05674744897959186,Unsatisfied,Low Loyalty,Low Risk,Adult,Low,No
2876,24,Female,Pants,Clothing,81,Kentucky,M,Pink,Fall,2.6,No,Free Shipping,No,No,14,Debit Card,Weekly,0,High Value,0.5727168367346938,Unsatisfied,Medium Loyalty,Low Risk,Young Adult,Low,No
2877,65,Female,Hoodie,Clothing,84,New Mexico,M,Charcoal,Spring,3.4,No,2-Day Shipping,No,No,5,Bank Transfer,Fortnightly,0,Medium Value,0.4844897959183674,Unsatisfied,Low Loyalty,Low Risk,Mature,Low,No
2878,32,Female,Socks,Clothing,46,New Jersey,M,Silver,Summer,3.6,No,Standard,No,No,34,Venmo,Monthly,0,Medium Value,0.42329081632653065,Unsatisfied,High Loyalty,Low Risk,Adult,Low,No
2879,63,Female,Dress,Clothing,86,California,L,Turquoise,Summer,4.3,No,Next Day Air,No,No,13,Bank Transfer,Annually,0,Medium Value,0.444719387755102,Satisfied,Medium Loyalty,Low Risk,Mature,Low,No
2880,62,Female,Blouse,Clothing,57,North Dakota,XL,Turquoise,Winter,4.9,No,Free Shipping,No,No,31,Venmo,Annually,0,Low Value,0.3917984693877551,Satisfied,High Loyalty,Low Risk,Mature,Low,No
2881,19,Female,Skirt,Clothing,61,Florida,L,Beige,Winter,4.8,No,Store Pickup,No,No,43,PayPal,Quarterly,0,Medium Value,0.5127678571428571,Satisfied,High Loyalty,Low Risk,Young Adult,Low,No
2882,38,Female,Backpack,Accessories,90,Texas,M,Cyan,Winter,4.2,No,Free Shipping,No,No,6,Bank Transfer,Annually,0,Medium Value,0.42436224489795915,Satisfied,Low Loyalty,Low Risk,Adult,Low,No
2883,59,Female,Blouse,Clothing,51,Oklahoma,L,Gold,Winter,2.6,No,Store Pickup,No,No,23,Credit Card,Bi-Weekly,0,Medium Value,0.4340688775510204,Unsatisfied,Medium Loyalty,Low Risk,Mature,Low,No
2884,22,Female,Socks,Clothing,48,Rhode Island,XL,Silver,Spring,3.2,No,Standard,No,No,10,PayPal,Weekly,0,Low Value,0.3626020408163265,Unsatisfied,Medium Loyalty,Low Risk,Young Adult,Low,No
2885,55,Female,Boots,Footwear,50,Arkansas,M,Purple,Summer,3.4,No,2-Day Shipping,No,No,47,Credit Card,Every 3 Months,0,Medium Value,0.5003826530612245,Unsatisfied,High Loyalty,Low Risk,Mature,Low,No
2886,29,Female,Backpack,Accessories,82,Nevada,M,Yellow,Summer,3.5,No,Next Day Air,No,No,14,Credit Card,Bi-Weekly,0,High Value,0.553341836734694,Unsatisfied,Medium Loyalty,Low Risk,Adult,Low,No
2887,42,Female,Hat,Accessories,33,Utah,L,Blue,Spring,4.2,No,Free Shipping,No,No,29,PayPal,Weekly,0,Medium Value,0.3945535714285714,Satisfied,High Loyalty,Low Risk,Mature,Low,No
2888,23,Female,Sandals,Footwear,28,Kentucky,L,Blue,Winter,2.8,No,Express,No,No,12,Cash,Bi-Weekly,0,Low Value,0.23734693877551022,Unsatisfied,Medium Loyalty,Low Risk,Young Adult,Low,No
2889,70,Female,Hoodie,Clothing,42,Wisconsin,L,Green,Spring,5.0,No,2-Day Shipping,No,No,25,Debit Card,Quarterly,0,Low Value,0.2956887755102041,Satisfied,Medium Loyalty,Low Risk,Mature,Low,No
2890,64,Female,Sunglasses,Accessories,43,Minnesota,M,Charcoal,Fall,3.3,No,Store Pickup,No,No,21,Venmo,Annually,0,Low Value,0.2518239795918367,Unsatisfied,Medium Loyalty,Low Risk,Mature,Low,No
2891,39,Female,Jeans,Clothing,55,North Dakota,M,Violet,Winter,3.7,No,Free Shipping,No,No,23,Credit Card,Monthly,0,Medium Value,0.4065688775510204,Unsatisfied,Medium Loyalty,Low Risk,Adult,Low,No
2892,47,Female,T-shirt,Clothing,73,Ohio,XL,Black,Winter,2.5,No,Free Shipping,No,No,10,PayPal,Monthly,0,Medium Value,0.42822704081632657,Unsatisfied,Medium Loyalty,Low Risk,Mature,Low,No
2893,22,Female,Dress,Clothing,39,Nevada,M,Teal,Spring,3.2,No,Standard,No,No,47,Credit Card,Monthly,0,Medium Value,0.4635076530612245,Unsatisfied,High Loyalty,Low Risk,Young Adult,Low,No
2894,69,Female,Belt,Accessories,20,Kentucky,S,Orange,Spring,3.1,No,Free Shipping,No,No,44,Debit Card,Every 3 Months,0,Low Value,0.3132653061224489,Unsatisfied,High Loyalty,Low Risk,Mature,Low,No
2895,35,Female,Jewelry,Accessories,32,Kentucky,S,Brown,Spring,3.5,No,Standard,No,No,41,Venmo,Annually,0,Low Value,0.31239795918367347,Unsatisfied,High Loyalty,Low Risk,Adult,Low,No
2896,56,Female,Hoodie,Clothing,86,Montana,L,Green,Summer,4.6,No,Standard,No,No,29,Bank Transfer,Monthly,0,High Value,0.6176785714285713,Satisfied,High Loyalty,Low Risk,Mature,Low,Yes
2897,30,Female,Blouse,Clothing,91,Delaware,M,Silver,Summer,3.3,No,Free Shipping,No,No,2,Venmo,Every 3 Months,0,Medium Value,0.4554974489795918,Unsatisfied,Low Loyalty,Low Risk,Adult,Low,No
2898,43,Female,Jacket,Outerwear,59,Montana,L,Violet,Fall,2.5,No,Free Shipping,No,No,2,Cash,Fortnightly,0,Low Value,0.3254974489795918,Unsatisfied,Low Loyalty,Low Risk,Mature,Low,No
2899,23,Female,Sneakers,Footwear,33,New Jersey,XL,Peach,Summer,4.6,No,Express,No,No,29,Credit Card,Annually,0,Low Value,0.24455357142857143,Satisfied,High Loyalty,Low Risk,Young Adult,Low,No
2900,50,Female,Boots,Footwear,64,Nebraska,M,Gold,Spring,4.2,No,2-Day Shipping,No,No,22,Bank Transfer,Fortnightly,0,Medium Value,0.47607142857142853,Satisfied,Medium Loyalty,Low Risk,Mature,Low,No
2901,41,Female,Blouse,Clothing,67,Maryland,XL,Violet,Winter,4.0,No,Standard,No,No,23,Cash,Bi-Weekly,0,Medium Value,0.5240688775510204,Satisfied,Medium Loyalty,Low Risk,Mature,Low,No
2902,41,Female,Blouse,Clothing,43,Alabama,L,Olive,Winter,2.6,No,Free Shipping,No,No,46,Credit Card,Quarterly,0,Medium Value,0.42988520408163267,Unsatisfied,High Loyalty,Low Risk,Mature,Low,No
2903,27,Female,Boots,Footwear,32,North Carolina,S,Orange,Spring,4.6,No,Standard,No,No,19,PayPal,Bi-Weekly,0,Low Value,0.30270408163265305,Satisfied,Medium Loyalty,Low Risk,Adult,Low,No
2904,38,Female,Scarf,Accessories,39,Delaware,S,Teal,Spring,3.5,No,2-Day Shipping,No,No,24,Credit Card,Every 3 Months,0,Low Value,0.29769132653061225,Unsatisfied,Medium Loyalty,Low Risk,Adult,Low,No
2905,41,Female,Sandals,Footwear,41,Iowa,M,Gray,Spring,4.0,No,2-Day Shipping,No,No,43,Venmo,Monthly,0,Medium Value,0.45026785714285716,Satisfied,High Loyalty,Low Risk,Mature,Low,No
2906,58,Female,Sunglasses,Accessories,53,New York,L,Black,Winter,4.8,No,Standard,No,No,14,Debit Card,Fortnightly,0,Low Value,0.36521683673469385,Satisfied,Medium Loyalty,Low Risk,Mature,Low,No
2907,58,Female,Coat,Outerwear,27,Virginia,M,Indigo,Spring,3.9,No,Standard,No,No,7,Venmo,Annually,0,Low Value,0.07610969387755104,Unsatisfied,Low Loyalty,Low Risk,Mature,Low,No
2908,19,Female,Sunglasses,Accessories,82,Maryland,XL,Lavender,Summer,3.7,No,Next Day Air,No,No,50,PayPal,Bi-Weekly,0,High Value,0.77375,Unsatisfied,High Loyalty,Low Risk,Young Adult,Low,Yes
2909,43,Female,Blouse,Clothing,87,Texas,M,Beige,Winter,3.1,No,Store Pickup,No,No,15,Debit Card,Every 3 Months,0,Medium Value,0.5125892857142857,Unsatisfied,Medium Loyalty,Low Risk,Mature,Low,No
2910,27,Female,Backpack,Accessories,78,Louisiana,M,Indigo,Winter,3.0,No,Next Day Air,No,No,40,Credit Card,Every 3 Months,0,High Value,0.6150255102040817,Unsatisfied,High Loyalty,Low Risk,Adult,Low,Yes
2911,32,Female,Belt,Accessories,32,Mississippi,M,Blue,Summer,2.9,No,Store Pickup,No,No,41,Credit Card,Monthly,0,Low Value,0.3873979591836735,Unsatisfied,High Loyalty,Low Risk,Adult,Low,No
2912,28,Female,Socks,Clothing,38,Ohio,XL,Orange,Fall,2.9,No,Next Day Air,No,No,34,Venmo,Quarterly,0,Low Value,0.3282908163265306,Unsatisfied,High Loyalty,Low Risk,Adult,Low,No
2913,48,Female,Shoes,Footwear,37,Oregon,M,Yellow,Winter,4.0,No,Standard,No,No,27,Cash,Bi-Weekly,0,Low Value,0.37980867346938774,Satisfied,High Loyalty,Low Risk,Mature,Low,No
2914,43,Female,Coat,Outerwear,83,Wyoming,L,Cyan,Winter,3.5,No,Express,No,No,12,Cash,Every 3 Months,0,Medium Value,0.4717219387755102,Unsatisfied,Medium Loyalty,Low Risk,Mature,Low,No
2915,45,Female,Sweater,Clothing,72,Pennsylvania,M,Yellow,Fall,3.8,No,Express,No,No,1,Debit Card,Bi-Weekly,0,Medium Value,0.41750000000000004,Unsatisfied,Low Loyalty,Low Risk,Mature,Low,No
2916,26,Female,Shirt,Clothing,30,Oregon,M,Cyan,Fall,4.5,No,Express,No,No,39,Debit Card,Bi-Weekly,0,Medium Value,0.4139030612244898,Satisfied,High Loyalty,Low Risk,Adult,Low,No
2917,62,Female,Shorts,Clothing,66,Oklahoma,M,Green,Winter,2.7,No,Express,No,No,13,Credit Card,Bi-Weekly,0,Medium Value,0.45721938775510207,Unsatisfied,Medium Loyalty,Low Risk,Mature,Low,No
2918,58,Female,Shirt,Clothing,45,Colorado,XL,White,Winter,2.9,No,Store Pickup,No,No,50,Venmo,Annually,0,Medium Value,0.440625,Unsatisfied,High Loyalty,Low Risk,Mature,Low,No
2919,19,Female,Sunglasses,Accessories,73,New York,S,Black,Fall,4.9,No,Free Shipping,No,No,36,Cash,Weekly,0,High Value,0.6624107142857143,Satisfied,High Loyalty,Low Risk,Young Adult,Low,Yes
2920,64,Female,Shoes,Footwear,67,Minnesota,L,Charcoal,Winter,3.8,No,Standard,No,No,31,Debit Card,Monthly,0,Medium Value,0.5230484693877551,Unsatisfied,High Loyalty,Low Risk,Mature,Low,No
2921,33,Female,Sunglasses,Accessories,72,Texas,XL,Brown,Spring,4.9,No,Free Shipping,No,No,3,Debit Card,Bi-Weekly,0,Medium Value,0.4297448979591837,Satisfied,Low Loyalty,Low Risk,Adult,Low,No
2922,20,Female,Handbag,Accessories,24,Wisconsin,M,Cyan,Fall,4.6,No,Standard,No,No,11,Cash,Fortnightly,0,Low Value,0.18372448979591838,Satisfied,Medium Loyalty,Low Risk,Young Adult,Low,No
2923,45,Female,Sunglasses,Accessories,68,Kentucky,L,Beige,Winter,3.5,No,Express,No,No,16,PayPal,Quarterly,0,Low Value,0.38683673469387764,Unsatisfied,Medium Loyalty,Low Risk,Mature,Low,No
2924,28,Female,Shirt,Clothing,70,Pennsylvania,M,Magenta,Spring,4.2,No,2-Day Shipping,No,No,12,Cash,Quarterly,0,Low Value,0.37359693877551026,Satisfied,Medium Loyalty,Low Risk,Adult,Low,No
2925,47,Female,Shirt,Clothing,64,Rhode Island,L,Indigo,Winter,3.7,No,Free Shipping,No,No,37,Debit Card,Every 3 Months,0,Medium Value,0.5179081632653062,Unsatisfied,High Loyalty,Low Risk,Mature,Low,No
2926,54,Female,Sweater,Clothing,91,Illinois,M,Maroon,Spring,2.8,No,Store Pickup,No,No,43,Credit Card,Every 3 Months,0,High Value,0.7065178571428572,Unsatisfied,High Loyalty,Low Risk,Mature,Low,Yes
2927,64,Female,Handbag,Accessories,82,Maryland,M,Gray,Winter,4.8,No,2-Day Shipping,No,No,9,Cash,Weekly,0,Medium Value,0.5477295918367346,Satisfied,Medium Loyalty,Low Risk,Mature,Low,No
2928,45,Female,Shirt,Clothing,24,Missouri,M,Black,Summer,2.7,No,Express,No,No,15,Venmo,Bi-Weekly,0,Low Value,0.2332142857142857,Unsatisfied,Medium Loyalty,Low Risk,Mature,Low,No
2929,40,Female,Jewelry,Accessories,80,Alabama,L,Yellow,Spring,3.6,No,Store Pickup,No,No,17,Credit Card,Weekly,0,High Value,0.5854591836734694,Unsatisfied,Medium Loyalty,Low Risk,Adult,Low,No
2930,31,Female,Socks,Clothing,53,Maine,XL,White,Winter,4.5,No,Next Day Air,No,No,42,Venmo,Fortnightly,0,Medium Value,0.5366454081632653,Satisfied,High Loyalty,Low Risk,Adult,Low,No
2931,38,Female,T-shirt,Clothing,50,Mississippi,M,Orange,Spring,4.0,No,Free Shipping,No,No,14,Venmo,Monthly,0,Low Value,0.32334183673469385,Satisfied,Medium Loyalty,Low Risk,Adult,Low,No
2932,36,Female,Jewelry,Accessories,31,Alabama,M,Magenta,Fall,4.5,No,2-Day Shipping,No,No,49,Credit Card,Bi-Weekly,0,Medium Value,0.48075255102040815,Satisfied,High Loyalty,Low Risk,Adult,Low,No
2933,65,Female,Backpack,Accessories,88,Alaska,L,Black,Spring,3.9,No,Express,No,No,3,PayPal,Quarterly,0,Medium Value,0.41974489795918374,Unsatisfied,Low Loyalty,Low Risk,Mature,Low,No
2934,27,Female,Hat,Accessories,52,Illinois,M,Brown,Summer,3.8,No,Standard,No,No,28,Venmo,Monthly,0,Medium Value,0.42030612244897964,Unsatisfied,High Loyalty,Low Risk,Adult,Low,No
2935,38,Female,Gloves,Accessories,22,Idaho,M,Orange,Fall,4.7,No,Next Day Air,No,No,41,Bank Transfer,Quarterly,0,Low Value,0.28114795918367347,Satisfied,High Loyalty,Low Risk,Adult,Low,No
2936,58,Female,Sneakers,Footwear,27,North Carolina,XL,Gray,Spring,4.6,No,Standard,No,No,11,Venmo,Weekly,0,Low Value,0.25059948979591834,Satisfied,Medium Loyalty,Low Risk,Mature,Low,No
2937,31,Female,Skirt,Clothing,34,Washington,M,White,Spring,3.6,No,Express,No,No,46,PayPal,Weekly,0,Medium Value,0.5042602040816326,Unsatisfied,High Loyalty,Low Risk,Adult,Low,No
2938,28,Female,Handbag,Accessories,39,West Virginia,M,White,Spring,4.3,No,2-Day Shipping,No,No,15,Credit Card,Weekly,0,Low Value,0.3425892857142857,Satisfied,Medium Loyalty,Low Risk,Adult,Low,No
2939,28,Female,Sunglasses,Accessories,53,Maine,M,Violet,Fall,3.0,No,Standard,No,No,15,Cash,Monthly,0,Low Value,0.34633928571428574,Unsatisfied,Medium Loyalty,Low Risk,Adult,Low,No
2940,32,Female,Sweater,Clothing,46,Kentucky,M,Beige,Winter,4.3,No,Express,No,No,34,Venmo,Weekly,0,Medium Value,0.4982908163265306,Satisfied,High Loyalty,Low Risk,Adult,Low,No
2941,61,Female,Handbag,Accessories,85,Massachusetts,L,Beige,Summer,4.8,No,Next Day Air,No,No,13,Cash,Monthly,0,Medium Value,0.5140943877551021,Satisfied,Medium Loyalty,Low Risk,Mature,Low,No
2942,38,Female,Skirt,Clothing,86,Pennsylvania,L,Purple,Spring,3.7,No,Free Shipping,No,No,27,PayPal,Monthly,0,High Value,0.6054336734693877,Unsatisfied,High Loyalty,Low Risk,Adult,Low,Yes
2943,54,Female,Socks,Clothing,63,Hawaii,M,Brown,Summer,2.6,No,Free Shipping,No,No,37,Bank Transfer,Weekly,0,High Value,0.6122831632653061,Unsatisfied,High Loyalty,Low Risk,Mature,Low,Yes
2944,29,Female,Shirt,Clothing,44,Virginia,M,Orange,Spring,3.4,No,Standard,No,No,37,Credit Card,Monthly,0,Medium Value,0.4304081632653061,Unsatisfied,High Loyalty,Low Risk,Adult,Low,No
2945,50,Female,Sneakers,Footwear,95,New York,XL,Cyan,Summer,3.9,No,Free Shipping,No,No,4,Venmo,Every 3 Months,0,Medium Value,0.4902423469387755,Unsatisfied,Low Loyalty,Low Risk,Mature,Low,No
2946,32,Female,Belt,Accessories,49,Delaware,M,Charcoal,Summer,4.8,No,Free Shipping,No,No,1,Credit Card,Every 3 Months,0,Low Value,0.213125,Satisfied,Low Loyalty,Low Risk,Adult,Low,No
2947,38,Female,Pants,Clothing,77,Hawaii,L,Purple,Spring,2.8,No,Free Shipping,No,No,29,Bank Transfer,Quarterly,0,Medium Value,0.5170535714285714,Unsatisfied,High Loyalty,Low Risk,Adult,Low,No
2948,52,Female,Jewelry,Accessories,63,Nebraska,L,Peach,Spring,4.4,No,Standard,No,No,50,Venmo,Annually,0,Medium Value,0.541875,Satisfied,High Loyalty,Low Risk,Mature,Low,No
2949,61,Female,Pants,Clothing,83,Vermont,M,Violet,Winter,3.1,No,Standard,No,No,38,Debit Card,Bi-Weekly,0,High Value,0.705905612244898,Unsatisfied,High Loyalty,Low Risk,Mature,Low,Yes
2950,25,Female,Jewelry,Accessories,93,Iowa,M,Peach,Spring,3.8,No,Store Pickup,No,No,15,PayPal,Annually,0,Medium Value,0.49633928571428576,Unsatisfied,Medium Loyalty,Low Risk,Young Adult,Low,No
2951,22,Female,Jeans,Clothing,91,Iowa,S,Maroon,Winter,4.1,No,2-Day Shipping,No,No,44,Debit Card,Every 3 Months,0,High Value,0.7126403061224489,Satisfied,High Loyalty,Low Risk,Young Adult,Low,Yes
2952,47,Female,Scarf,Accessories,99,Arkansas,L,Maroon,Fall,4.6,No,Free Shipping,No,No,14,Cash,Weekly,0,High Value,0.6739668367346938,Satisfied,Medium Loyalty,Low Risk,Mature,Low,No
2953,50,Female,Belt,Accessories,24,Alabama,M,Peach,Spring,4.9,No,Next Day Air,No,No,5,Debit Card,Monthly,0,Low Value,0.12198979591836737,Satisfied,Low Loyalty,Low Risk,Mature,Low,No
2954,45,Female,Dress,Clothing,82,Maryland,M,Silver,Summer,4.8,No,Next Day Air,No,No,11,Credit Card,Annually,0,Medium Value,0.40997448979591844,Satisfied,Medium Loyalty,Low Risk,Mature,Low,No
2955,33,Female,T-shirt,Clothing,28,South Dakota,M,Indigo,Winter,3.9,No,Express,No,No,15,Credit Card,Annually,0,Low Value,0.1307142857142857,Unsatisfied,Medium Loyalty,Low Risk,Adult,Low,No
2956,42,Female,Boots,Footwear,67,Vermont,M,Silver,Winter,2.6,No,Free Shipping,No,No,46,Credit Card,Annually,0,Medium Value,0.5398852040816327,Unsatisfied,High Loyalty,Low Risk,Mature,Low,No
2957,52,Female,Dress,Clothing,88,Montana,M,Olive,Fall,3.7,No,Standard,No,No,30,Venmo,Monthly,0,High Value,0.6350510204081632,Unsatisfied,High Loyalty,Low Risk,Mature,Low,Yes
2958,69,Female,Jewelry,Accessories,70,South Dakota,S,Gray,Fall,4.7,No,Standard,No,No,2,Cash,Annually,0,Low Value,0.28737244897959185,Satisfied,Low Loyalty,Low Risk,Mature,Low,No
2959,55,Female,Skirt,Clothing,100,Ohio,M,Black,Summer,4.5,No,Standard,No,No,28,PayPal,Monthly,0,High Value,0.6903061224489795,Satisfied,High Loyalty,Low Risk,Mature,Low,Yes
2960,38,Female,Handbag,Accessories,28,Texas,L,Maroon,Summer,4.7,No,Free Shipping,No,No,9,PayPal,Quarterly,0,Low Value,0.1189795918367347,Satisfied,Medium Loyalty,Low Risk,Adult,Low,No
2961,57,Female,Coat,Outerwear,48,Indiana,S,Olive,Spring,3.6,No,Standard,No,No,47,Credit Card,Weekly,0,High Value,0.5891326530612244,Unsatisfied,High Loyalty,Low Risk,Mature,Low,Yes
2962,33,Female,Hoodie,Clothing,43,New Hampshire,S,Gold,Fall,2.8,No,Free Shipping,No,No,21,Debit Card,Bi-Weekly,0,Low Value,0.3768239795918367,Unsatisfied,Medium Loyalty,Low Risk,Adult,Low,No
2963,57,Female,Pants,Clothing,40,California,L,Pink,Fall,4.0,No,Express,No,No,42,Credit Card,Every 3 Months,0,Medium Value,0.41352040816326524,Satisfied,High Loyalty,Low Risk,Mature,Low,No
2964,52,Female,Boots,Footwear,97,Maine,M,Brown,Spring,3.6,No,Free Shipping,No,No,28,Credit Card,Weekly,0,High Value,0.7484311224489797,Unsatisfied,High Loyalty,Low Risk,Mature,Low,Yes
2965,44,Female,Coat,Outerwear,25,Ohio,S,White,Fall,3.8,No,2-Day Shipping,No,No,13,Venmo,Fortnightly,0,Low Value,0.20159438775510202,Unsatisfied,Medium Loyalty,Low Risk,Mature,Low,No
2966,48,Female,Scarf,Accessories,45,Delaware,M,Blue,Summer,4.4,No,Standard,No,No,25,PayPal,Fortnightly,0,Low Value,0.38756377551020404,Satisfied,Medium Loyalty,Low Risk,Mature,Low,No
2967,52,Female,Boots,Footwear,49,Oklahoma,L,Orange,Fall,2.8,No,Store Pickup,No,No,38,Debit Card,Every 3 Months,0,Medium Value,0.43965561224489796,Unsatisfied,High Loyalty,Low Risk,Mature,Low,No
2968,34,Female,Sneakers,Footwear,36,Indiana,L,Silver,Summer,3.4,No,Free Shipping,No,No,40,Venmo,Annually,0,Low Value,0.3287755102040816,Unsatisfied,High Loyalty,Low Risk,Adult,Low,No
2969,26,Female,Sweater,Clothing,48,South Carolina,S,Gray,Fall,4.9,No,Express,No,No,25,Cash,Every 3 Months,0,Low Value,0.35443877551020414,Satisfied,Medium Loyalty,Low Risk,Adult,Low,No
2970,36,Female,Belt,Accessories,62,Vermont,S,Blue,Fall,4.3,No,Next Day Air,No,No,20,Cash,Every 3 Months,0,Medium Value,0.4025765306122449,Satisfied,Medium Loyalty,Low Risk,Adult,Low,No
2971,24,Female,Jewelry,Accessories,74,Kansas,M,White,Winter,3.4,No,Free Shipping,No,No,44,Credit Card,Bi-Weekly,0,High Value,0.692015306122449,Unsatisfied,High Loyalty,Low Risk,Young Adult,Low,Yes
2972,30,Female,Handbag,Accessories,100,Utah,L,Yellow,Fall,3.9,No,Next Day Air,No,No,9,PayPal,Every 3 Months,0,Medium Value,0.5489795918367347,Unsatisfied,Medium Loyalty,Low Risk,Adult,Low,No
2973,31,Female,Jacket,Outerwear,39,New York,S,Indigo,Fall,4.2,No,Free Shipping,No,No,11,Venmo,Every 3 Months,0,Low Value,0.21809948979591837,Satisfied,Medium Loyalty,Low Risk,Adult,Low,No
2974,25,Female,Boots,Footwear,65,Indiana,M,Blue,Summer,2.7,No,Store Pickup,No,No,3,Bank Transfer,Fortnightly,0,Low Value,0.3653698979591836,Unsatisfied,Low Loyalty,Low Risk,Young Adult,Low,No
2975,57,Female,Sneakers,Footwear,99,Tennessee,XL,Peach,Summer,4.1,No,Store Pickup,No,No,34,Credit Card,Weekly,0,High Value,0.7964158163265305,Satisfied,High Loyalty,Low Risk,Mature,Low,Yes
2976,61,Female,Scarf,Accessories,68,Georgia,XL,Lavender,Winter,4.5,No,2-Day Shipping,No,No,48,Cash,Every 3 Months,0,High Value,0.6077551020408164,Satisfied,High Loyalty,Low Risk,Mature,Low,Yes
2977,30,Female,Coat,Outerwear,97,Nebraska,M,Silver,Summer,2.8,No,Express,No,No,28,Cash,Fortnightly,0,High Value,0.6984311224489796,Unsatisfied,High Loyalty,Low Risk,Adult,Low,Yes
2978,38,Female,Shorts,Clothing,47,Washington,L,Gold,Winter,3.4,No,Standard,No,No,20,Venmo,Annually,0,Low Value,0.2682015306122449,Unsatisfied,Medium Loyalty,Low Risk,Adult,Low,No
2979,53,Female,Shorts,Clothing,56,Idaho,S,Cyan,Spring,3.9,No,Free Shipping,No,No,49,Bank Transfer,Fortnightly,0,High Value,0.5963775510204081,Unsatisfied,High Loyalty,Low Risk,Mature,Low,Yes
2980,31,Female,Jeans,Clothing,91,Louisiana,L,Olive,Fall,2.6,No,Next Day Air,No,No,14,PayPal,Weekly,0,High Value,0.6289668367346939,Unsatisfied,Medium Loyalty,Low Risk,Adult,Low,No
2981,70,Female,Gloves,Accessories,93,New Jersey,L,Teal,Fall,4.4,No,2-Day Shipping,No,No,9,Bank Transfer,Monthly,0,Medium Value,0.5346045918367347,Satisfied,Medium Loyalty,Low Risk,Mature,Low,No
2982,21,Female,Pants,Clothing,36,Delaware,L,Pink,Winter,4.9,No,Standard,No,No,37,Venmo,Annually,0,Low Value,0.3104081632653061,Satisfied,High Loyalty,Low Risk,Young Adult,Low,No
2983,33,Female,Dress,Clothing,45,Wisconsin,M,Orange,Summer,3.6,No,Store Pickup,No,No,4,Credit Card,Weekly,0,Low Value,0.3089923469387755,Unsatisfied,Low Loyalty,Low Risk,Adult,Low,No
2984,60,Female,Pants,Clothing,44,West Virginia,M,Charcoal,Winter,2.8,No,2-Day Shipping,No,No,1,Credit Card,Quarterly,0,Low Value,0.16000000000000003,Unsatisfied,Low Loyalty,Low Risk,Mature,Low,No
2985,45,Female,Gloves,Accessories,32,Texas,L,Red,Spring,4.3,No,2-Day Shipping,No,No,36,Debit Card,Bi-Weekly,0,Medium Value,0.40678571428571425,Satisfied,High Loyalty,Low Risk,Mature,Low,No
2986,46,Female,Belt,Accessories,36,Hawaii,S,Teal,Summer,3.0,No,Express,No,No,21,Cash,Bi-Weekly,0,Low Value,0.33744897959183673,Unsatisfied,Medium Loyalty,Low Risk,Mature,Low,No
2987,62,Female,Belt,Accessories,85,Arizona,S,Silver,Summer,3.3,No,2-Day Shipping,No,No,16,Credit Card,Monthly,0,Medium Value,0.5324617346938776,Unsatisfied,Medium Loyalty,Low Risk,Mature,Low,No
2988,63,Female,Skirt,Clothing,36,Louisiana,L,Black,Winter,2.5,No,Store Pickup,No,No,42,Cash,Monthly,0,Medium Value,0.4160204081632653,Unsatisfied,High Loyalty,Low Risk,Mature,Low,No
2989,69,Female,Socks,Clothing,55,Nevada,S,Pink,Spring,5.0,No,2-Day Shipping,No,No,31,Debit Card,Monthly,0,Medium Value,0.45554846938775506,Satisfied,High Loyalty,Low Risk,Mature,Low,No
2990,46,Female,Belt,Accessories,20,Rhode Island,XL,Teal,Summer,4.3,No,2-Day Shipping,No,No,6,Credit Card,Weekly,0,Low Value,0.18061224489795916,Satisfied,Low Loyalty,Low Risk,Mature,Low,No
2991,69,Female,Shirt,Clothing,91,Illinois,M,Teal,Fall,4.2,No,Free Shipping,No,No,24,Venmo,Monthly,0,High Value,0.6151913265306121,Satisfied,Medium Loyalty,Low Risk,Mature,Low,No
2992,66,Female,Dress,Clothing,71,Utah,L,Green,Summer,3.9,No,Standard,No,No,7,PayPal,Bi-Weekly,0,Medium Value,0.44860969387755106,Unsatisfied,Low Loyalty,Low Risk,Mature,Low,No
2993,41,Female,Socks,Clothing,64,North Dakota,M,Charcoal,Spring,3.9,No,Store Pickup,No,No,25,Venmo,Weekly,0,Medium Value,0.544438775510204,Unsatisfied,Medium Loyalty,Low Risk,Mature,Low,No
2994,32,Female,Jacket,Outerwear,21,Kansas,L,Indigo,Spring,4.2,No,Free Shipping,No,No,18,Cash,Bi-Weekly,0,Low Value,0.23470663265306121,Satisfied,Medium Loyalty,Low Risk,Adult,Low,No
2995,69,Female,Sweater,Clothing,100,Nevada,S,White,Winter,3.5,No,Store Pickup,No,No,14,Bank Transfer,Quarterly,0,High Value,0.5545918367346939,Unsatisfied,Medium Loyalty,Low Risk,Mature,Low,No
2996,29,Female,Jeans,Clothing,96,Virginia,M,Orange,Summer,2.5,No,Standard,No,No,42,Debit Card,Bi-Weekly,0,High Value,0.8035204081632654,Unsatisfied,High Loyalty,Low Risk,Adult,Low,Yes
2997,70,Female,Jewelry,Accessories,91,Utah,M,White,Spring,2.9,No,Express,No,No,6,Venmo,Every 3 Months,0,Medium Value,0.47998724489795913,Unsatisfied,Low Loyalty,Low Risk,Mature,Low,No
2998,41,Female,Sweater,Clothing,40,Idaho,S,Yellow,Spring,2.7,No,Next Day Air,No,No,14,Venmo,Every 3 Months,0,Low Value,0.24209183673469387,Unsatisfied,Medium Loyalty,Low Risk,Mature,Low,No
2999,31,Female,Hoodie,Clothing,53,Alaska,M,Red,Summer,4.7,No,Express,No,No,30,Debit Card,Quarterly,0,Low Value,0.3881760204081633,Satisfied,High Loyalty,Low Risk,Adult,Low,No
3000,31,Female,Sunglasses,Accessories,48,New Hampshire,S,Charcoal,Winter,3.8,No,Standard,No,No,10,Cash,Monthly,0,Low Value,0.28760204081632657,Unsatisfied,Medium Loyalty,Low Risk,Adult,Low,No
3001,57,Female,Sandals,Footwear,70,Ohio,M,Lavender,Winter,3.7,No,Express,No,No,7,PayPal,Weekly,0,Medium Value,0.467984693877551,Unsatisfied,Low Loyalty,Low Risk,Mature,Low,No
3002,29,Female,Coat,Outerwear,29,Montana,L,Charcoal,Summer,4.7,No,Express,No,No,28,Credit Card,Quarterly,0,Low Value,0.2409311224489796,Satisfied,High Loyalty,Low Risk,Adult,Low,No
3003,70,Female,Belt,Accessories,29,Louisiana,M,Maroon,Fall,3.6,No,Next Day Air,No,No,19,Bank Transfer,Quarterly,0,Low Value,0.18582908163265308,Unsatisfied,Medium Loyalty,Low Risk,Mature,Low,No
3004,51,Female,Blouse,Clothing,53,Oregon,M,Brown,Fall,2.8,No,Express,No,No,13,Credit Card,Every 3 Months,0,Low Value,0.30909438775510206,Unsatisfied,Medium Loyalty,Low Risk,Mature,Low,No
3005,45,Female,Skirt,Clothing,79,Arizona,M,Lavender,Winter,3.7,No,Store Pickup,No,No,23,Venmo,Fortnightly,0,High Value,0.5665688775510204,Unsatisfied,Medium Loyalty,Low Risk,Mature,Low,No
3006,18,Female,Shorts,Clothing,65,Alaska,XL,Brown,Spring,3.5,No,Express,No,No,5,Venmo,Weekly,0,Medium Value,0.4276147959183673,Unsatisfied,Low Loyalty,Low Risk,Young Adult,Low,No
3007,37,Female,Dress,Clothing,99,Utah,M,Olive,Summer,3.7,No,Store Pickup,No,No,17,Venmo,Bi-Weekly,0,High Value,0.6673341836734694,Unsatisfied,Medium Loyalty,Low Risk,Adult,Low,No
3008,23,Female,Sunglasses,Accessories,60,New York,L,Lavender,Winter,3.0,No,Next Day Air,No,No,31,Venmo,Weekly,0,High Value,0.5586734693877551,Unsatisfied,High Loyalty,Low Risk,Young Adult,Low,Yes
3009,39,Female,Shoes,Footwear,86,New Mexico,M,Gold,Winter,4.9,No,Free Shipping,No,No,19,PayPal,Weekly,0,High Value,0.631454081632653,Satisfied,Medium Loyalty,Low Risk,Adult,Low,No
3010,62,Female,Belt,Accessories,73,Louisiana,M,Silver,Winter,4.6,No,Free Shipping,No,No,8,Venmo,Fortnightly,0,Medium Value,0.4409821428571429,Satisfied,Medium Loyalty,Low Risk,Mature,Low,No
3011,70,Female,Belt,Accessories,45,Ohio,M,Violet,Winter,3.3,No,Free Shipping,No,No,15,Credit Card,Annually,0,Low Value,0.2263392857142857,Unsatisfied,Medium Loyalty,Low Risk,Mature,Low,No
3012,20,Female,Belt,Accessories,70,Nevada,S,Brown,Summer,3.0,No,Next Day Air,No,No,18,Credit Card,Every 3 Months,0,Medium Value,0.4353316326530612,Unsatisfied,Medium Loyalty,Low Risk,Young Adult,Low,No
3013,42,Female,Belt,Accessories,65,Idaho,M,Teal,Fall,3.5,No,Standard,No,No,16,PayPal,Annually,0,Low Value,0.34496173469387753,Unsatisfied,Medium Loyalty,Low Risk,Mature,Low,No
3014,41,Female,Skirt,Clothing,55,Arizona,L,Peach,Summer,4.2,No,Store Pickup,No,No,13,Cash,Monthly,0,Low Value,0.34534438775510207,Satisfied,Medium Loyalty,Low Risk,Mature,Low,No
3015,24,Female,T-shirt,Clothing,65,Utah,M,Maroon,Spring,4.5,No,Express,No,No,38,PayPal,Every 3 Months,0,Medium Value,0.529655612244898,Satisfied,High Loyalty,Low Risk,Young Adult,Low,No
3016,37,Female,Scarf,Accessories,21,Wyoming,XL,Lavender,Spring,2.8,No,Express,No,No,27,Bank Transfer,Bi-Weekly,0,Low Value,0.2898086734693877,Unsatisfied,High Loyalty,Low Risk,Adult,Low,No
3017,30,Female,Blouse,Clothing,26,Indiana,L,Lavender,Summer,4.9,No,Store Pickup,No,No,31,Bank Transfer,Quarterly,0,Low Value,0.24242346938775505,Satisfied,High Loyalty,Low Risk,Adult,Low,No
3018,58,Female,Sunglasses,Accessories,71,Wisconsin,S,Purple,Summer,3.3,No,Next Day Air,No,No,24,Cash,Bi-Weekly,0,Medium Value,0.5526913265306123,Unsatisfied,Medium Loyalty,Low Risk,Mature,Low,No
3019,43,Female,Boots,Footwear,41,Texas,M,Green,Summer,3.0,No,Free Shipping,No,No,21,Debit Card,Bi-Weekly,0,Low Value,0.36557397959183674,Unsatisfied,Medium Loyalty,Low Risk,Mature,Low,No
3020,19,Female,Jacket,Outerwear,44,Utah,M,Yellow,Winter,3.9,No,2-Day Shipping,No,No,15,PayPal,Annually,0,Low Value,0.22071428571428572,Unsatisfied,Medium Loyalty,Low Risk,Young Adult,Low,No
3021,23,Female,Jeans,Clothing,81,Arkansas,S,Charcoal,Fall,2.8,No,Store Pickup,No,No,48,Venmo,Every 3 Months,0,High Value,0.6808801020408164,Unsatisfied,High Loyalty,Low Risk,Young Adult,Low,Yes
3022,65,Female,Sunglasses,Accessories,77,Pennsylvania,S,Blue,Summer,4.5,No,2-Day Shipping,No,No,47,Cash,Quarterly,0,High Value,0.6272576530612245,Satisfied,High Loyalty,Low Risk,Mature,Low,Yes
3023,58,Female,Sandals,Footwear,26,Georgia,M,Lavender,Fall,4.0,No,Free Shipping,No,No,23,PayPal,Weekly,0,Low Value,0.3184438775510203,Satisfied,Medium Loyalty,Low Risk,Mature,Low,No
3024,50,Female,Backpack,Accessories,31,Indiana,M,Brown,Summer,2.9,No,Express,No,No,4,PayPal,Quarterly,0,Low Value,0.10524234693877552,Unsatisfied,Low Loyalty,Low Risk,Mature,Low,No
3025,67,Female,Blouse,Clothing,82,Idaho,S,White,Spring,4.0,No,Free Shipping,No,No,47,Credit Card,Every 3 Months,0,High Value,0.6803826530612246,Satisfied,High Loyalty,Low Risk,Mature,Low,Yes
3026,40,Female,Shoes,Footwear,60,Montana,XL,Green,Summer,3.4,No,Store Pickup,No,No,7,PayPal,Monthly,0,Low Value,0.336734693877551,Unsatisfied,Low Loyalty,Low Risk,Adult,Low,No
3027,55,Female,Shirt,Clothing,70,Tennessee,L,Magenta,Fall,2.5,No,Free Shipping,No,No,6,Credit Card,Annually,0,Low Value,0.31186224489795916,Unsatisfied,Low Loyalty,Low Risk,Mature,Low,No
3028,52,Female,Hoodie,Clothing,26,West Virginia,XL,Peach,Winter,2.8,No,2-Day Shipping,No,No,47,Credit Card,Quarterly,0,Low Value,0.3403826530612245,Unsatisfied,High Loyalty,Low Risk,Mature,Low,No
3029,62,Female,Dress,Clothing,100,California,L,Charcoal,Summer,3.0,No,Free Shipping,No,No,7,PayPal,Every 3 Months,0,Medium Value,0.536734693877551,Unsatisfied,Low Loyalty,Low Risk,Mature,Low,No
3030,64,Female,Dress,Clothing,82,Georgia,M,Gold,Summer,3.1,No,Free Shipping,No,No,1,Debit Card,Quarterly,0,Low Value,0.3737500000000001,Unsatisfied,Low Loyalty,Low Risk,Mature,Low,No
3031,43,Female,Sneakers,Footwear,24,Maryland,XL,Purple,Spring,2.6,No,2-Day Shipping,No,No,23,Credit Card,Weekly,0,Low Value,0.30719387755102034,Unsatisfied,Medium Loyalty,Low Risk,Mature,Low,No
3032,61,Female,Blouse,Clothing,74,Idaho,L,Teal,Summer,4.9,No,2-Day Shipping,No,No,30,Credit Card,Monthly,0,High Value,0.5563010204081632,Satisfied,High Loyalty,Low Risk,Mature,Low,Yes
3033,26,Female,Backpack,Accessories,58,California,XL,Green,Summer,3.5,No,Next Day Air,No,No,24,Credit Card,Quarterly,0,Low Value,0.3795663265306123,Unsatisfied,Medium Loyalty,Low Risk,Adult,Low,No
3034,22,Female,Sweater,Clothing,56,Alabama,L,Orange,Spring,2.6,No,Store Pickup,No,No,9,PayPal,Weekly,0,Medium Value,0.4014795918367347,Unsatisfied,Medium Loyalty,Low Risk,Young Adult,Low,No
3035,51,Female,Boots,Footwear,37,Utah,L,Peach,Spring,3.5,No,2-Day Shipping,No,No,25,Credit Card,Quarterly,0,Low Value,0.2675637755102041,Unsatisfied,Medium Loyalty,Low Risk,Mature,Low,No
3036,69,Female,Handbag,Accessories,64,Kentucky,M,Gold,Spring,4.5,No,Free Shipping,No,No,18,Cash,Bi-Weekly,0,Medium Value,0.47658163265306125,Satisfied,Medium Loyalty,Low Risk,Mature,Low,No
3037,50,Female,Hoodie,Clothing,58,Vermont,S,Violet,Spring,4.3,No,Next Day Air,No,No,7,Venmo,Fortnightly,0,Low Value,0.35048469387755105,Satisfied,Low Loyalty,Low Risk,Mature,Low,No
3038,51,Female,Belt,Accessories,44,Iowa,L,Charcoal,Summer,4.8,No,Next Day Air,No,No,2,Cash,Annually,0,Low Value,0.14112244897959186,Satisfied,Low Loyalty,Low Risk,Mature,Low,No
3039,56,Female,Jewelry,Accessories,39,Georgia,M,Brown,Summer,4.2,No,Free Shipping,No,No,36,Debit Card,Annually,0,Low Value,0.32116071428571424,Satisfied,High Loyalty,Low Risk,Mature,Low,No
3040,59,Female,Blouse,Clothing,48,Alabama,L,Blue,Spring,3.2,No,Next Day Air,No,No,31,PayPal,Bi-Weekly,0,Medium Value,0.4661734693877551,Unsatisfied,High Loyalty,Low Risk,Mature,Low,No
3041,18,Female,Handbag,Accessories,32,Nebraska,M,Gold,Fall,4.1,No,Express,No,No,10,Cash,Fortnightly,0,Low Value,0.22260204081632654,Satisfied,Medium Loyalty,Low Risk,Young Adult,Low,No
3042,48,Female,Handbag,Accessories,79,Rhode Island,M,Orange,Winter,4.0,No,Express,No,No,27,PayPal,Monthly,0,High Value,0.5660586734693878,Satisfied,High Loyalty,Low Risk,Mature,Low,Yes
3043,53,Female,Coat,Outerwear,27,South Dakota,L,Turquoise,Winter,2.9,No,Next Day Air,No,No,14,PayPal,Every 3 Months,0,Low Value,0.16896683673469387,Unsatisfied,Medium Loyalty,Low Risk,Mature,Low,No
3044,45,Female,Belt,Accessories,98,Illinois,S,Peach,Fall,2.6,No,Store Pickup,No,No,17,Credit Card,Monthly,0,High Value,0.6117091836734694,Unsatisfied,Medium Loyalty,Low Risk,Mature,Low,No
3045,21,Female,Boots,Footwear,67,North Carolina,M,Magenta,Winter,2.7,No,Free Shipping,No,No,10,Bank Transfer,Quarterly,0,Low Value,0.3444770408163266,Unsatisfied,Medium Loyalty,Low Risk,Young Adult,Low,No
3046,42,Female,Socks,Clothing,37,Florida,L,Black,Winter,4.6,No,2-Day Shipping,No,No,4,PayPal,Bi-Weekly,0,Low Value,0.23899234693877552,Satisfied,Low Loyalty,Low Risk,Mature,Low,No
3047,60,Female,Shoes,Footwear,49,Pennsylvania,M,White,Spring,3.2,No,Store Pickup,No,No,25,Cash,Every 3 Months,0,Low Value,0.3600637755102041,Unsatisfied,Medium Loyalty,Low Risk,Mature,Low,No
3048,21,Female,Sneakers,Footwear,74,Vermont,M,Violet,Fall,4.1,No,2-Day Shipping,No,No,3,PayPal,Bi-Weekly,0,Medium Value,0.4409948979591837,Satisfied,Low Loyalty,Low Risk,Young Adult,Low,No
3049,69,Female,Jewelry,Accessories,93,Colorado,M,Olive,Summer,3.9,No,Standard,No,No,47,Venmo,Fortnightly,0,High Value,0.7922576530612245,Unsatisfied,High Loyalty,Low Risk,Mature,Low,Yes
3050,40,Female,Handbag,Accessories,60,Utah,L,Red,Summer,3.0,No,Next Day Air,No,No,41,Bank Transfer,Bi-Weekly,0,High Value,0.5948979591836734,Unsatisfied,High Loyalty,Low Risk,Adult,Low,Yes
3051,31,Female,Coat,Outerwear,76,Kentucky,S,Green,Spring,3.6,No,Standard,No,No,28,Venmo,Every 3 Months,0,Medium Value,0.5303061224489797,Unsatisfied,High Loyalty,Low Risk,Adult,Low,No
3052,44,Female,Sunglasses,Accessories,64,Wyoming,L,Gold,Summer,4.6,No,Express,No,No,49,Debit Card,Every 3 Months,0,High Value,0.5913775510204082,Satisfied,High Loyalty,Low Risk,Mature,Low,Yes
3053,48,Female,Shoes,Footwear,38,Maine,XL,Olive,Spring,4.5,No,Store Pickup,No,No,7,Bank Transfer,Fortnightly,0,Low Value,0.237984693877551,Satisfied,Low Loyalty,Low Risk,Mature,Low,No
3054,32,Female,Shoes,Footwear,91,Maine,L,Brown,Winter,3.2,No,Next Day Air,No,No,22,Bank Transfer,Monthly,0,High Value,0.6029464285714284,Unsatisfied,Medium Loyalty,Low Risk,Adult,Low,No
3055,42,Female,Boots,Footwear,70,New Hampshire,S,Magenta,Summer,4.9,No,2-Day Shipping,No,No,34,Venmo,Monthly,0,High Value,0.5582908163265305,Satisfied,High Loyalty,Low Risk,Mature,Low,Yes
3056,27,Female,Sandals,Footwear,22,Kansas,M,Violet,Fall,5.0,No,Standard,No,No,5,Debit Card,Bi-Weekly,0,Low Value,0.16073979591836735,Satisfied,Low Loyalty,Low Risk,Adult,Low,No
3057,69,Female,Gloves,Accessories,59,New Jersey,M,Beige,Spring,3.8,No,Standard,No,No,15,Cash,Bi-Weekly,0,Medium Value,0.43008928571428573,Unsatisfied,Medium Loyalty,Low Risk,Mature,Low,No
3058,67,Female,Backpack,Accessories,22,North Carolina,M,Blue,Spring,3.4,No,Next Day Air,No,No,26,Bank Transfer,Weekly,0,Low Value,0.31431122448979587,Unsatisfied,High Loyalty,Low Risk,Mature,Low,No
3059,41,Female,Handbag,Accessories,74,West Virginia,S,Orange,Winter,3.8,No,Store Pickup,No,No,3,Bank Transfer,Fortnightly,0,Medium Value,0.41599489795918365,Unsatisfied,Low Loyalty,Low Risk,Mature,Low,No
3060,46,Female,Sweater,Clothing,71,Kentucky,L,Maroon,Spring,3.2,No,Express,No,No,42,Credit Card,Quarterly,0,High Value,0.5628954081632653,Unsatisfied,High Loyalty,Low Risk,Mature,Low,Yes
3061,47,Female,Coat,Outerwear,80,California,S,Charcoal,Summer,4.7,No,Store Pickup,No,No,1,Venmo,Monthly,0,Medium Value,0.41250000000000003,Satisfied,Low Loyalty,Low Risk,Mature,Low,No
3062,33,Female,T-shirt,Clothing,59,South Dakota,L,Olive,Fall,4.5,No,Express,No,No,20,PayPal,Every 3 Months,0,Low Value,0.3857015306122449,Satisfied,Medium Loyalty,Low Risk,Adult,Low,No
3063,51,Female,Backpack,Accessories,96,California,L,Green,Fall,3.3,No,Standard,No,No,39,PayPal,Monthly,0,High Value,0.7351530612244899,Unsatisfied,High Loyalty,Low Risk,Mature,Low,Yes
3064,26,Female,Sunglasses,Accessories,43,Connecticut,L,Brown,Winter,3.9,No,Store Pickup,No,No,24,Credit Card,Fortnightly,0,Low Value,0.3701913265306122,Unsatisfied,Medium Loyalty,Low Risk,Adult,Low,No
3065,22,Female,Belt,Accessories,76,Idaho,S,Cyan,Winter,3.6,No,Express,No,No,49,Bank Transfer,Quarterly,0,High Value,0.6338775510204082,Unsatisfied,High Loyalty,Low Risk,Young Adult,Low,Yes
3066,49,Female,Jacket,Outerwear,59,North Dakota,M,Beige,Fall,2.8,No,Store Pickup,No,No,7,Venmo,Bi-Weekly,0,Low Value,0.381109693877551,Unsatisfied,Low Loyalty,Low Risk,Mature,Low,No
3067,58,Female,Skirt,Clothing,48,Michigan,L,Teal,Summer,4.3,No,Free Shipping,No,No,13,Venmo,Every 3 Months,0,Low Value,0.2809693877551021,Satisfied,Medium Loyalty,Low Risk,Mature,Low,No
3068,70,Female,Belt,Accessories,22,Missouri,S,Gray,Spring,3.5,No,Free Shipping,No,No,2,Cash,Weekly,0,Low Value,0.1673724489795918,Unsatisfied,Low Loyalty,Low Risk,Mature,Low,No
3069,32,Female,Boots,Footwear,40,California,M,Indigo,Winter,4.2,No,Express,No,No,4,Debit Card,Weekly,0,Low Value,0.28086734693877546,Satisfied,Low Loyalty,Low Risk,Adult,Low,No
3070,62,Female,Jeans,Clothing,73,Delaware,L,Magenta,Spring,4.6,No,Express,No,No,17,Debit Card,Quarterly,0,Medium Value,0.42108418367346945,Satisfied,Medium Loyalty,Low Risk,Mature,Low,No
3071,52,Female,Shoes,Footwear,26,Alabama,XL,Red,Fall,2.6,No,Free Shipping,No,No,43,PayPal,Bi-Weekly,0,Medium Value,0.4158928571428571,Unsatisfied,High Loyalty,Low Risk,Mature,Low,No
3072,23,Female,Sweater,Clothing,41,New Hampshire,L,Turquoise,Spring,3.4,No,Next Day Air,No,No,6,PayPal,Monthly,0,Low Value,0.2237372448979592,Unsatisfied,Low Loyalty,Low Risk,Young Adult,Low,No
3073,26,Female,Jewelry,Accessories,98,New York,L,Peach,Spring,3.1,No,Standard,No,No,46,PayPal,Quarterly,0,High Value,0.7392602040816326,Unsatisfied,High Loyalty,Low Risk,Adult,Low,Yes
3074,58,Female,Shirt,Clothing,63,Oregon,L,White,Winter,3.6,No,Free Shipping,No,No,7,Debit Card,Bi-Weekly,0,Medium Value,0.4036096938775511,Unsatisfied,Low Loyalty,Low Risk,Mature,Low,No
3075,26,Female,Boots,Footwear,55,Massachusetts,L,Maroon,Winter,4.2,No,Next Day Air,No,No,34,Debit Card,Fortnightly,0,Medium Value,0.4989158163265306,Satisfied,High Loyalty,Low Risk,Adult,Low,No
3076,54,Female,Shorts,Clothing,90,Utah,XL,Beige,Winter,3.6,No,Standard,No,No,21,PayPal,Every 3 Months,0,High Value,0.5661989795918367,Unsatisfied,Medium Loyalty,Low Risk,Mature,Low,No
3077,66,Female,Handbag,Accessories,46,New Hampshire,M,Blue,Summer,3.6,No,Express,No,No,13,Venmo,Bi-Weekly,0,Low Value,0.3447193877551021,Unsatisfied,Medium Loyalty,Low Risk,Mature,Low,No
3078,60,Female,Sweater,Clothing,88,Illinois,S,Red,Spring,3.0,No,Store Pickup,No,No,33,Debit Card,Bi-Weekly,0,High Value,0.7034183673469389,Unsatisfied,High Loyalty,Low Risk,Mature,Low,Yes
3079,32,Female,Belt,Accessories,95,Alaska,M,Blue,Spring,2.5,No,2-Day Shipping,No,No,24,Bank Transfer,Bi-Weekly,0,High Value,0.6876913265306123,Unsatisfied,Medium Loyalty,Low Risk,Adult,Low,No
3080,48,Female,Belt,Accessories,31,Wyoming,M,Maroon,Fall,4.0,No,Store Pickup,No,No,4,Bank Transfer,Annually,0,Low Value,0.08024234693877552,Satisfied,Low Loyalty,Low Risk,Mature,Low,No
3081,69,Female,Hoodie,Clothing,42,Colorado,L,Yellow,Spring,4.1,No,Next Day Air,No,No,5,Cash,Bi-Weekly,0,Low Value,0.27323979591836733,Satisfied,Low Loyalty,Low Risk,Mature,Low,No
3082,64,Female,Sneakers,Footwear,44,Vermont,L,Pink,Winter,4.9,No,Next Day Air,No,No,11,Credit Card,Weekly,0,Low Value,0.34622448979591836,Satisfied,Medium Loyalty,Low Risk,Mature,Low,No
3083,56,Female,T-shirt,Clothing,99,Utah,M,Maroon,Spring,4.0,No,Next Day Air,No,No,20,Bank Transfer,Annually,0,High Value,0.5607015306122449,Satisfied,Medium Loyalty,Low Risk,Mature,Low,No
3084,22,Female,Pants,Clothing,20,Illinois,S,Purple,Summer,3.5,No,Store Pickup,No,No,28,PayPal,Quarterly,0,Low Value,0.19030612244897957,Unsatisfied,High Loyalty,Low Risk,Young Adult,Low,No
3085,46,Female,Scarf,Accessories,37,Idaho,S,Indigo,Spring,3.2,No,Store Pickup,No,No,43,PayPal,Monthly,0,Medium Value,0.42776785714285714,Unsatisfied,High Loyalty,Low Risk,Mature,Low,No
3086,24,Female,Sweater,Clothing,50,Nevada,L,Gray,Winter,2.8,No,Store Pickup,No,No,10,Venmo,Every 3 Months,0,Low Value,0.2738520408163265,Unsatisfied,Medium Loyalty,Low Risk,Young Adult,Low,No
3087,47,Female,Handbag,Accessories,73,Utah,M,Lavender,Summer,3.5,No,Next Day Air,No,No,26,Venmo,Every 3 Months,0,Medium Value,0.501186224489796,Unsatisfied,High Loyalty,Low Risk,Mature,Low,No
3088,62,Female,Shirt,Clothing,84,North Carolina,M,Charcoal,Spring,3.1,No,Free Shipping,No,No,29,Bank Transfer,Monthly,0,High Value,0.6064285714285714,Unsatisfied,High Loyalty,Low Risk,Mature,Low,Yes
3089,34,Female,Dress,Clothing,64,Arkansas,M,Teal,Spring,3.3,No,Store Pickup,No,No,35,Bank Transfer,Quarterly,0,Medium Value,0.48066326530612247,Unsatisfied,High Loyalty,Low Risk,Adult,Low,No
3090,50,Female,Sandals,Footwear,21,North Carolina,L,Blue,Fall,4.6,No,Free Shipping,No,No,23,Cash,Bi-Weekly,0,Low Value,0.2653188775510204,Satisfied,Medium Loyalty,Low Risk,Mature,Low,No
3091,29,Female,Shirt,Clothing,36,Texas,M,Peach,Summer,4.9,No,Store Pickup,No,No,15,Bank Transfer,Quarterly,0,Low Value,0.2007142857142857,Satisfied,Medium Loyalty,Low Risk,Adult,Low,No
3092,68,Female,Dress,Clothing,81,Nevada,L,Orange,Winter,3.4,No,2-Day Shipping,No,No,46,Credit Card,Annually,0,High Value,0.6186352040816326,Unsatisfied,High Loyalty,Low Risk,Mature,Low,Yes
3093,52,Female,Sunglasses,Accessories,54,Utah,L,Silver,Fall,3.5,No,Next Day Air,No,No,14,Bank Transfer,Bi-Weekly,0,Medium Value,0.39584183673469386,Unsatisfied,Medium Loyalty,Low Risk,Mature,Low,No
3094,29,Female,Socks,Clothing,63,Pennsylvania,L,Red,Summer,4.8,No,Store Pickup,No,No,17,Cash,Every 3 Months,0,Low Value,0.3898341836734694,Satisfied,Medium Loyalty,Low Risk,Adult,Low,No
3095,22,Female,Sandals,Footwear,59,Georgia,M,Gray,Summer,2.7,No,Store Pickup,No,No,9,Cash,Weekly,0,Medium Value,0.4183545918367347,Unsatisfied,Medium Loyalty,Low Risk,Young Adult,Low,No
3096,62,Female,Hat,Accessories,53,Minnesota,S,Beige,Fall,3.4,No,Standard,No,No,13,Venmo,Fortnightly,0,Low Value,0.35909438775510205,Unsatisfied,Medium Loyalty,Low Risk,Mature,Low,No
3097,69,Female,Shirt,Clothing,63,Kansas,L,White,Winter,3.5,No,Next Day Air,No,No,20,Bank Transfer,Monthly,0,Medium Value,0.4332015306122449,Unsatisfied,Medium Loyalty,Low Risk,Mature,Low,No
3098,48,Female,Shoes,Footwear,33,Delaware,M,Silver,Fall,3.7,No,Free Shipping,No,No,39,Bank Transfer,Quarterly,0,Low Value,0.3307780612244898,Unsatisfied,High Loyalty,Low Risk,Mature,Low,No
3099,66,Female,Pants,Clothing,64,New Mexico,L,Cyan,Summer,3.3,No,Next Day Air,No,No,50,Bank Transfer,Quarterly,0,High Value,0.5725,Unsatisfied,High Loyalty,Low Risk,Mature,Low,Yes
3100,42,Female,Shirt,Clothing,98,Michigan,S,Maroon,Fall,2.9,No,Free Shipping,No,No,21,Bank Transfer,Bi-Weekly,0,High Value,0.6861989795918367,Unsatisfied,Medium Loyalty,Low Risk,Mature,Low,No
3101,50,Female,Hat,Accessories,85,Vermont,L,Purple,Winter,3.9,No,Express,No,No,3,Bank Transfer,Weekly,0,Medium Value,0.5278698979591836,Unsatisfied,Low Loyalty,Low Risk,Mature,Low,No
3102,32,Female,Jewelry,Accessories,82,Idaho,S,Brown,Summer,2.7,No,Express,No,No,9,PayPal,Fortnightly,0,Medium Value,0.4977295918367347,Unsatisfied,Medium Loyalty,Low Risk,Adult,Low,No
3103,51,Female,Jacket,Outerwear,85,South Dakota,M,Green,Summer,4.3,No,Standard,No,No,29,Cash,Bi-Weekly,0,High Value,0.6620535714285715,Satisfied,High Loyalty,Low Risk,Mature,Low,Yes
3104,27,Female,Shirt,Clothing,37,Illinois,S,Peach,Winter,3.0,No,2-Day Shipping,No,No,42,Bank Transfer,Weekly,0,Medium Value,0.49664540816326525,Unsatisfied,High Loyalty,Low Risk,Adult,Low,No
3105,43,Female,Pants,Clothing,56,Georgia,S,Turquoise,Summer,5.0,No,2-Day Shipping,No,No,41,Debit Card,Fortnightly,0,Medium Value,0.5473979591836735,Satisfied,High Loyalty,Low Risk,Mature,Low,No
3106,48,Female,Skirt,Clothing,33,Oregon,M,Olive,Fall,2.7,No,Express,No,No,17,Debit Card,Monthly,0,Low Value,0.2460841836734694,Unsatisfied,Medium Loyalty,Low Risk,Mature,Low,No
3107,62,Female,Sandals,Footwear,57,Alabama,M,Yellow,Winter,4.7,No,Next Day Air,No,No,20,PayPal,Annually,0,Low Value,0.32445153061224485,Satisfied,Medium Loyalty,Low Risk,Mature,Low,No
3108,65,Female,Blouse,Clothing,31,Hawaii,L,Gray,Winter,4.6,No,Standard,No,No,18,Credit Card,Bi-Weekly,0,Low Value,0.2909566326530612,Satisfied,Medium Loyalty,Low Risk,Mature,Low,No
3109,50,Female,Socks,Clothing,69,Oregon,M,Purple,Fall,3.2,No,2-Day Shipping,No,No,7,PayPal,Monthly,0,Low Value,0.38735969387755104,Unsatisfied,Low Loyalty,Low Risk,Mature,Low,No
3110,60,Female,Jacket,Outerwear,92,Illinois,M,Gray,Winter,4.3,No,Free Shipping,No,No,47,Bank Transfer,Fortnightly,0,High Value,0.7866326530612245,Satisfied,High Loyalty,Low Risk,Mature,Low,Yes
3111,19,Female,Handbag,Accessories,46,Texas,L,Lavender,Fall,4.6,No,Next Day Air,No,No,2,Bank Transfer,Bi-Weekly,0,Low Value,0.2773724489795919,Satisfied,Low Loyalty,Low Risk,Young Adult,Low,No
3112,21,Female,Belt,Accessories,81,Kansas,XL,Indigo,Spring,4.9,No,Free Shipping,No,No,25,Debit Card,Quarterly,0,Medium Value,0.5150637755102041,Satisfied,Medium Loyalty,Low Risk,Young Adult,Low,No
3113,19,Female,Blouse,Clothing,97,Texas,S,Green,Fall,3.8,No,Express,No,No,26,Venmo,Annually,0,High Value,0.586186224489796,Unsatisfied,High Loyalty,Low Risk,Young Adult,Low,Yes
3114,46,Female,Shirt,Clothing,93,Nebraska,L,Green,Summer,2.6,No,Express,No,No,2,Debit Card,Weekly,0,High Value,0.5667474489795918,Unsatisfied,Low Loyalty,Low Risk,Mature,Low,No
3115,21,Female,Handbag,Accessories,56,Arkansas,M,Olive,Spring,4.7,No,Store Pickup,No,No,45,Venmo,Bi-Weekly,0,High Value,0.5968877551020408,Satisfied,High Loyalty,Low Risk,Young Adult,Low,Yes
3116,26,Female,Scarf,Accessories,53,South Dakota,M,Charcoal,Fall,4.1,No,Free Shipping,No,No,9,Bank Transfer,Bi-Weekly,0,Low Value,0.35960459183673477,Satisfied,Medium Loyalty,Low Risk,Adult,Low,No
3117,50,Female,Coat,Outerwear,66,Montana,L,Gray,Spring,3.7,No,Store Pickup,No,No,1,Venmo,Weekly,0,Medium Value,0.40875,Unsatisfied,Low Loyalty,Low Risk,Mature,Low,No
3118,43,Female,Hoodie,Clothing,50,Florida,M,Olive,Fall,3.0,No,Free Shipping,No,No,4,PayPal,Bi-Weekly,0,Low Value,0.3121173469387755,Unsatisfied,Low Loyalty,Low Risk,Mature,Low,No
3119,61,Female,Shorts,Clothing,97,Virginia,L,Blue,Summer,4.7,No,Standard,No,No,31,Debit Card,Quarterly,0,High Value,0.6417984693877552,Satisfied,High Loyalty,Low Risk,Mature,Low,Yes
3120,63,Female,Sandals,Footwear,79,Louisiana,XL,Silver,Winter,4.7,No,2-Day Shipping,No,No,21,Credit Card,Every 3 Months,0,Medium Value,0.5043239795918367,Satisfied,Medium Loyalty,Low Risk,Mature,Low,No
3121,46,Female,Shirt,Clothing,76,Louisiana,M,Magenta,Fall,4.0,No,Store Pickup,No,No,32,Debit Card,Fortnightly,0,High Value,0.6047959183673469,Satisfied,High Loyalty,Low Risk,Mature,Low,Yes
3122,63,Female,Hoodie,Clothing,38,Louisiana,L,Black,Fall,2.6,No,Standard,No,No,16,Venmo,Weekly,0,Low Value,0.3430867346938775,Unsatisfied,Medium Loyalty,Low Risk,Mature,Low,No
3123,23,Female,Socks,Clothing,45,Georgia,M,Pink,Fall,3.0,No,Express,No,No,34,Credit Card,Fortnightly,0,Medium Value,0.44266581632653057,Unsatisfied,High Loyalty,Low Risk,Young Adult,Low,No
3124,57,Female,Handbag,Accessories,77,Iowa,XL,Red,Fall,3.3,No,Next Day Air,No,No,40,Venmo,Bi-Weekly,0,High Value,0.6844005102040815,Unsatisfied,High Loyalty,Low Risk,Mature,Low,Yes
3125,57,Female,Jewelry,Accessories,51,California,M,Peach,Summer,3.4,No,Standard,No,No,4,Cash,Every 3 Months,0,Low Value,0.24274234693877556,Unsatisfied,Low Loyalty,Low Risk,Mature,Low,No
3126,33,Female,Coat,Outerwear,26,Oregon,L,Lavender,Spring,4.0,No,Standard,No,No,3,Cash,Quarterly,0,Low Value,0.07099489795918368,Satisfied,Low Loyalty,Low Risk,Adult,Low,No
3127,57,Female,Sunglasses,Accessories,76,Maine,L,Lavender,Winter,2.6,No,Store Pickup,No,No,28,Bank Transfer,Bi-Weekly,0,High Value,0.6053061224489796,Unsatisfied,High Loyalty,Low Risk,Mature,Low,Yes
3128,55,Female,Gloves,Accessories,94,Louisiana,M,Beige,Winter,3.4,No,Free Shipping,No,No,43,Credit Card,Every 3 Months,0,High Value,0.7233928571428572,Unsatisfied,High Loyalty,Low Risk,Mature,Low,Yes
3129,65,Female,Jacket,Outerwear,32,Arkansas,S,Indigo,Fall,4.4,No,Standard,No,No,20,Cash,Annually,0,Low Value,0.1838265306122449,Satisfied,Medium Loyalty,Low Risk,Mature,Low,No
3130,60,Female,Sandals,Footwear,20,Maryland,S,Cyan,Summer,4.7,No,Express,No,No,40,Venmo,Every 3 Months,0,Low Value,0.2887755102040816,Satisfied,High Loyalty,Low Risk,Mature,Low,No
3131,52,Female,Pants,Clothing,20,Vermont,M,Yellow,Summer,4.5,No,Store Pickup,No,No,34,Venmo,Every 3 Months,0,Low Value,0.2520408163265306,Satisfied,High Loyalty,Low Risk,Mature,Low,No
3132,34,Female,Jacket,Outerwear,59,North Dakota,M,Peach,Fall,2.9,No,Store Pickup,No,No,11,Bank Transfer,Every 3 Months,0,Low Value,0.33059948979591836,Unsatisfied,Medium Loyalty,Low Risk,Adult,Low,No
3133,33,Female,Sweater,Clothing,97,Michigan,M,Yellow,Summer,4.2,No,Express,No,No,26,Cash,Quarterly,0,High Value,0.611186224489796,Satisfied,High Loyalty,Low Risk,Adult,Low,Yes
3134,58,Female,T-shirt,Clothing,68,Arkansas,M,Orange,Spring,4.1,No,Next Day Air,No,No,29,Cash,Bi-Weekly,0,High Value,0.5664285714285715,Satisfied,High Loyalty,Low Risk,Mature,Low,Yes
3135,35,Female,Boots,Footwear,66,Kentucky,L,Gray,Spring,4.4,No,Store Pickup,No,No,47,Bank Transfer,Weekly,0,High Value,0.6903826530612245,Satisfied,High Loyalty,Low Risk,Adult,Low,Yes
3136,68,Female,Shoes,Footwear,85,Indiana,L,Yellow,Spring,4.7,No,Free Shipping,No,No,48,Venmo,Fortnightly,0,High Value,0.7533801020408163,Satisfied,High Loyalty,Low Risk,Mature,Low,Yes
3137,58,Female,Skirt,Clothing,32,Minnesota,M,Gray,Fall,3.1,No,Next Day Air,No,No,29,Cash,Bi-Weekly,0,Low Value,0.36392857142857143,Unsatisfied,High Loyalty,Low Risk,Mature,Low,No
3138,34,Female,Coat,Outerwear,44,Louisiana,M,Turquoise,Spring,2.7,No,2-Day Shipping,No,No,14,Bank Transfer,Monthly,0,Low Value,0.2895918367346939,Unsatisfied,Medium Loyalty,Low Risk,Adult,Low,No
3139,47,Female,Blouse,Clothing,95,Kentucky,L,Gray,Fall,4.6,No,Next Day Air,No,No,40,Cash,Every 3 Months,0,High Value,0.7106505102040817,Satisfied,High Loyalty,Low Risk,Mature,Low,Yes
3140,35,Female,Sunglasses,Accessories,85,Georgia,M,Olive,Winter,4.4,No,Next Day Air,No,No,4,Venmo,Weekly,0,Medium Value,0.5339923469387755,Satisfied,Low Loyalty,Low Risk,Adult,Low,No
3141,34,Female,Gloves,Accessories,44,Alaska,XL,Peach,Summer,4.6,No,Free Shipping,No,No,37,Bank Transfer,Weekly,0,Medium Value,0.505408163265306,Satisfied,High Loyalty,Low Risk,Adult,Low,No
3142,36,Female,Sunglasses,Accessories,30,Mississippi,S,Peach,Winter,4.9,No,Express,No,No,47,Credit Card,Bi-Weekly,0,Medium Value,0.4628826530612245,Satisfied,High Loyalty,Low Risk,Adult,Low,No
3143,23,Female,Sneakers,Footwear,21,Kansas,L,Magenta,Winter,4.0,No,2-Day Shipping,No,No,1,Venmo,Quarterly,0,Low Value,0.030625000000000003,Satisfied,Low Loyalty,Low Risk,Young Adult,Low,No
3144,68,Female,Hoodie,Clothing,22,Arizona,M,Purple,Summer,2.9,No,Store Pickup,No,No,26,Cash,Quarterly,0,Low Value,0.1893112244897959,Unsatisfied,High Loyalty,Low Risk,Mature,Low,No
3145,23,Female,Boots,Footwear,70,Maine,L,Beige,Spring,2.6,No,Free Shipping,No,No,12,Debit Card,Quarterly,0,Low Value,0.37359693877551026,Unsatisfied,Medium Loyalty,Low Risk,Young Adult,Low,No
3146,57,Female,Handbag,Accessories,29,Texas,XL,Purple,Spring,4.6,No,Standard,No,No,16,PayPal,Fortnightly,0,Low Value,0.24246173469387755,Satisfied,Medium Loyalty,Low Risk,Mature,Low,No
3147,21,Female,Shirt,Clothing,83,Virginia,S,Yellow,Winter,4.9,No,Free Shipping,No,No,19,PayPal,Annually,0,Medium Value,0.4645790816326531,Satisfied,Medium Loyalty,Low Risk,Young Adult,Low,No
3148,45,Female,Sweater,Clothing,99,North Dakota,M,Pink,Winter,4.3,No,Express,No,No,21,Credit Card,Weekly,0,High Value,0.7168239795918367,Satisfied,Medium Loyalty,Low Risk,Mature,Low,No
3149,37,Female,Shorts,Clothing,35,West Virginia,L,Purple,Fall,4.3,No,Free Shipping,No,No,15,Venmo,Weekly,0,Low Value,0.32008928571428563,Satisfied,Medium Loyalty,Low Risk,Adult,Low,No
3150,18,Female,Belt,Accessories,40,North Carolina,M,Lavender,Winter,4.6,No,Free Shipping,No,No,9,Venmo,Annually,0,Low Value,0.1614795918367347,Satisfied,Medium Loyalty,Low Risk,Young Adult,Low,No
3151,55,Female,Blouse,Clothing,25,Georgia,M,Peach,Spring,2.6,No,Express,No,No,7,Bank Transfer,Bi-Weekly,0,Low Value,0.18985969387755103,Unsatisfied,Low Loyalty,Low Risk,Mature,Low,No
3152,52,Female,T-shirt,Clothing,64,New Mexico,L,Orange,Fall,3.1,No,2-Day Shipping,No,No,47,Bank Transfer,Quarterly,0,High Value,0.5541326530612245,Unsatisfied,High Loyalty,Low Risk,Mature,Low,Yes
3153,49,Female,Belt,Accessories,90,North Carolina,M,Red,Fall,3.1,No,Store Pickup,No,No,17,PayPal,Monthly,0,High Value,0.5667091836734693,Unsatisfied,Medium Loyalty,Low Risk,Mature,Low,No
3154,56,Female,Socks,Clothing,88,Alabama,L,Red,Fall,3.1,No,Next Day Air,No,No,46,Venmo,Fortnightly,0,High Value,0.7580102040816327,Unsatisfied,High Loyalty,Low Risk,Mature,Low,Yes
3155,27,Female,Belt,Accessories,55,Connecticut,M,Gold,Winter,4.4,No,Standard,No,No,32,Cash,Quarterly,0,Medium Value,0.4116709183673469,Satisfied,High Loyalty,Low Risk,Adult,Low,No
3156,22,Female,Handbag,Accessories,90,Montana,M,Brown,Fall,4.3,No,Free Shipping,No,No,34,Cash,Annually,0,High Value,0.5957908163265306,Satisfied,High Loyalty,Low Risk,Young Adult,Low,Yes
3157,18,Female,Shirt,Clothing,50,Montana,M,Black,Winter,3.1,No,2-Day Shipping,No,No,18,Cash,Monthly,0,Low Value,0.3478316326530612,Unsatisfied,Medium Loyalty,Low Risk,Young Adult,Low,No
3158,21,Female,Belt,Accessories,34,Maine,L,Red,Fall,3.1,No,Store Pickup,No,No,5,Debit Card,Fortnightly,0,Low Value,0.20323979591836738,Unsatisfied,Low Loyalty,Low Risk,Young Adult,Low,No
3159,30,Female,Jewelry,Accessories,77,Mississippi,M,Gray,Winter,4.9,No,2-Day Shipping,No,No,44,Credit Card,Monthly,0,High Value,0.6588903061224489,Satisfied,High Loyalty,Low Risk,Adult,Low,Yes
3160,62,Female,Hat,Accessories,89,Louisiana,L,Pink,Winter,2.9,No,Store Pickup,No,No,4,Bank Transfer,Quarterly,0,Medium Value,0.4314923469387756,Unsatisfied,Low Loyalty,Low Risk,Mature,Low,No
3161,28,Female,Backpack,Accessories,87,Nebraska,XL,Turquoise,Fall,3.8,No,Next Day Air,No,No,37,Cash,Fortnightly,0,High Value,0.6972831632653061,Unsatisfied,High Loyalty,Low Risk,Adult,Low,Yes
3162,66,Female,Dress,Clothing,77,Massachusetts,S,Charcoal,Winter,4.2,No,2-Day Shipping,No,No,43,Cash,Monthly,0,High Value,0.652767857142857,Satisfied,High Loyalty,Low Risk,Mature,Low,Yes
3163,66,Female,Shoes,Footwear,85,Wisconsin,L,Blue,Winter,3.9,No,Standard,No,No,28,Bank Transfer,Quarterly,0,High Value,0.5559311224489797,Unsatisfied,High Loyalty,Low Risk,Mature,Low,Yes
3164,49,Female,Pants,Clothing,66,Nebraska,XL,Turquoise,Summer,2.8,No,Express,No,No,36,Cash,Monthly,0,Medium Value,0.5480357142857143,Unsatisfied,High Loyalty,Low Risk,Mature,Low,No
3165,40,Female,Dress,Clothing,32,Arizona,L,Silver,Winter,2.6,No,Standard,No,No,16,Credit Card,Annually,0,Low Value,0.15933673469387755,Unsatisfied,Medium Loyalty,Low Risk,Adult,Low,No
3166,49,Female,Jacket,Outerwear,92,Hawaii,M,Lavender,Spring,3.0,No,Store Pickup,No,No,38,Bank Transfer,Every 3 Months,0,High Value,0.6815306122448981,Unsatisfied,High Loyalty,Low Risk,Mature,Low,Yes
3167,19,Female,Shirt,Clothing,80,Georgia,M,Gold,Winter,2.7,No,Next Day Air,No,No,37,Bank Transfer,Fortnightly,0,High Value,0.6579081632653061,Unsatisfied,High Loyalty,Low Risk,Young Adult,Low,Yes
3168,24,Female,Dress,Clothing,78,Oregon,M,Blue,Fall,2.8,No,2-Day Shipping,No,No,9,Cash,Bi-Weekly,0,Medium Value,0.5002295918367348,Unsatisfied,Medium Loyalty,Low Risk,Young Adult,Low,No
3169,31,Female,Jeans,Clothing,24,Montana,M,Orange,Spring,2.9,No,2-Day Shipping,No,No,14,PayPal,Fortnightly,0,Low Value,0.20209183673469389,Unsatisfied,Medium Loyalty,Low Risk,Adult,Low,No
3170,35,Female,T-shirt,Clothing,59,Georgia,M,White,Fall,3.8,No,Free Shipping,No,No,3,Venmo,Weekly,0,Low Value,0.38161989795918366,Unsatisfied,Low Loyalty,Low Risk,Adult,Low,No
3171,65,Female,Sunglasses,Accessories,41,Rhode Island,XL,Charcoal,Spring,4.4,No,Express,No,No,10,Credit Card,Fortnightly,0,Low Value,0.27322704081632654,Satisfied,Medium Loyalty,Low Risk,Mature,Low,No
3172,68,Female,Jewelry,Accessories,26,Tennessee,M,Maroon,Spring,3.1,No,Express,No,No,26,Bank Transfer,Bi-Weekly,0,Low Value,0.3118112244897959,Unsatisfied,High Loyalty,Low Risk,Mature,Low,No
3173,57,Female,Socks,Clothing,52,Missouri,M,Olive,Fall,3.7,No,Standard,No,No,30,Debit Card,Bi-Weekly,0,Medium Value,0.4825510204081632,Unsatisfied,High Loyalty,Low Risk,Mature,Low,No
3174,69,Female,Skirt,Clothing,46,Washington,L,Teal,Summer,4.9,No,Next Day Air,No,No,32,PayPal,Fortnightly,0,Medium Value,0.43604591836734696,Satisfied,High Loyalty,Low Risk,Mature,Low,No
3175,45,Female,Pants,Clothing,52,Oklahoma,L,Orange,Winter,3.8,No,Store Pickup,No,No,35,PayPal,Monthly,0,Medium Value,0.46316326530612245,Unsatisfied,High Loyalty,Low Risk,Mature,Low,No
3176,35,Female,Socks,Clothing,42,Connecticut,M,Maroon,Fall,3.4,No,Store Pickup,No,No,26,Debit Card,Every 3 Months,0,Low Value,0.3268112244897959,Unsatisfied,High Loyalty,Low Risk,Adult,Low,No
3177,36,Female,Sandals,Footwear,37,Arkansas,XL,Turquoise,Spring,4.6,No,2-Day Shipping,No,No,39,Credit Card,Monthly,0,Medium Value,0.4032780612244898,Satisfied,High Loyalty,Low Risk,Adult,Low,No
3178,55,Female,Belt,Accessories,52,Missouri,L,Beige,Fall,3.2,No,Standard,No,No,31,Credit Card,Monthly,0,Medium Value,0.4386734693877551,Unsatisfied,High Loyalty,Low Risk,Mature,Low,No
3179,66,Female,Sandals,Footwear,34,Washington,L,Beige,Spring,2.7,No,Free Shipping,No,No,28,Credit Card,Annually,0,Low Value,0.24405612244897962,Unsatisfied,High Loyalty,Low Risk,Mature,Low,No
3180,57,Female,Shorts,Clothing,88,Idaho,M,Olive,Spring,4.3,No,Free Shipping,No,No,12,Debit Card,Bi-Weekly,0,High Value,0.5748469387755103,Satisfied,Medium Loyalty,Low Risk,Mature,Low,No
3181,18,Female,Handbag,Accessories,88,Montana,L,Turquoise,Fall,3.8,No,Standard,No,No,46,PayPal,Weekly,0,High Value,0.8080102040816326,Unsatisfied,High Loyalty,Low Risk,Young Adult,Low,Yes
3182,31,Female,Jacket,Outerwear,51,Montana,M,Charcoal,Summer,4.4,No,Free Shipping,No,No,27,PayPal,Every 3 Months,0,Low Value,0.3835586734693877,Satisfied,High Loyalty,Low Risk,Adult,Low,No
3183,50,Female,Sunglasses,Accessories,97,Georgia,L,Green,Fall,3.6,No,Free Shipping,No,No,4,Credit Card,Annually,0,Medium Value,0.4514923469387756,Unsatisfied,Low Loyalty,Low Risk,Mature,Low,No
3184,50,Female,Sneakers,Footwear,56,Mississippi,M,Green,Winter,3.5,No,Standard,No,No,14,Cash,Every 3 Months,0,Low Value,0.3320918367346939,Unsatisfied,Medium Loyalty,Low Risk,Mature,Low,No
3185,61,Female,Sweater,Clothing,53,Hawaii,L,Green,Spring,4.2,No,2-Day Shipping,No,No,30,Venmo,Quarterly,0,Low Value,0.3881760204081633,Satisfied,High Loyalty,Low Risk,Mature,Low,No
3186,52,Female,Skirt,Clothing,71,Ohio,L,Gold,Fall,4.7,No,Express,No,No,6,PayPal,Annually,0,Low Value,0.3174872448979592,Satisfied,Low Loyalty,Low Risk,Mature,Low,No
3187,38,Female,Jewelry,Accessories,93,Virginia,S,Cyan,Winter,4.8,No,Store Pickup,No,No,43,Venmo,Annually,0,High Value,0.6677678571428571,Satisfied,High Loyalty,Low Risk,Adult,Low,Yes
3188,67,Female,Blouse,Clothing,72,Texas,L,Indigo,Winter,3.2,No,Free Shipping,No,No,28,Debit Card,Weekly,0,High Value,0.6078061224489796,Unsatisfied,High Loyalty,Low Risk,Mature,Low,Yes
3189,42,Female,Blouse,Clothing,59,Vermont,M,Lavender,Winter,3.5,No,Standard,No,No,39,Bank Transfer,Monthly,0,Medium Value,0.5270280612244898,Unsatisfied,High Loyalty,Low Risk,Mature,Low,No
3190,25,Female,Boots,Footwear,87,Kansas,M,Beige,Summer,4.2,No,Store Pickup,No,No,30,PayPal,Bi-Weekly,0,High Value,0.6794260204081632,Satisfied,High Loyalty,Low Risk,Young Adult,Low,Yes
3191,41,Female,Jeans,Clothing,78,California,S,Purple,Fall,3.4,No,Free Shipping,No,No,5,Credit Card,Fortnightly,0,Medium Value,0.4507397959183674,Unsatisfied,Low Loyalty,Low Risk,Mature,Low,No
3192,62,Female,Hoodie,Clothing,68,Mississippi,XL,Maroon,Winter,4.7,No,Store Pickup,No,No,42,Credit Card,Every 3 Months,0,High Value,0.5710204081632654,Satisfied,High Loyalty,Low Risk,Mature,Low,Yes
3193,19,Female,Sweater,Clothing,76,Iowa,S,Maroon,Fall,3.0,No,Free Shipping,No,No,20,Cash,Fortnightly,0,Medium Value,0.5313265306122449,Unsatisfied,Medium Loyalty,Low Risk,Young Adult,Low,No
3194,63,Female,Gloves,Accessories,99,Virginia,L,Teal,Winter,4.0,No,Express,No,No,35,Credit Card,Fortnightly,0,High Value,0.7525382653061224,Satisfied,High Loyalty,Low Risk,Mature,Low,Yes
3195,43,Female,Sneakers,Footwear,52,Maryland,L,Gold,Summer,4.6,No,Standard,No,No,10,Credit Card,Bi-Weekly,0,Low Value,0.3601020408163266,Satisfied,Medium Loyalty,Low Risk,Mature,Low,No
3196,68,Female,Sunglasses,Accessories,58,Missouri,S,Red,Spring,4.9,No,Next Day Air,No,No,36,Credit Card,Quarterly,0,Medium Value,0.4530357142857143,Satisfied,High Loyalty,Low Risk,Mature,Low,No
3197,24,Female,Belt,Accessories,59,Wisconsin,L,Maroon,Winter,2.8,No,Express,No,No,21,Debit Card,Fortnightly,0,Medium Value,0.4418239795918367,Unsatisfied,Medium Loyalty,Low Risk,Young Adult,Low,No
3198,27,Female,Sweater,Clothing,71,Maine,M,Teal,Spring,3.2,No,Free Shipping,No,No,29,Credit Card,Every 3 Months,0,Medium Value,0.5083035714285715,Unsatisfied,High Loyalty,Low Risk,Adult,Low,No
3199,61,Female,Gloves,Accessories,94,Pennsylvania,L,Peach,Winter,2.8,No,Free Shipping,No,No,39,Debit Card,Weekly,0,High Value,0.7989030612244896,Unsatisfied,High Loyalty,Low Risk,Mature,Low,Yes
3200,59,Female,Handbag,Accessories,40,Maine,XL,Pink,Winter,4.2,No,Express,No,No,16,PayPal,Monthly,0,Low Value,0.27933673469387754,Satisfied,Medium Loyalty,Low Risk,Mature,Low,No
3201,67,Female,Socks,Clothing,24,Missouri,L,Black,Spring,4.8,No,Free Shipping,No,No,32,Credit Card,Monthly,0,Low Value,0.2872959183673469,Satisfied,High Loyalty,Low Risk,Mature,Low,No
3202,46,Female,Pants,Clothing,38,Vermont,S,Indigo,Fall,2.8,No,2-Day Shipping,No,No,34,Cash,Monthly,0,Low Value,0.3782908163265306,Unsatisfied,High Loyalty,Low Risk,Mature,Low,No
3203,65,Female,Scarf,Accessories,37,Wisconsin,L,Green,Fall,4.5,No,Standard,No,No,38,Venmo,Annually,0,Low Value,0.32215561224489797,Satisfied,High Loyalty,Low Risk,Mature,Low,No
3204,63,Female,Coat,Outerwear,29,New Jersey,L,Teal,Spring,4.1,No,Express,No,No,14,Venmo,Annually,0,Low Value,0.1302168367346939,Satisfied,Medium Loyalty,Low Risk,Mature,Low,No
3205,57,Female,Jacket,Outerwear,92,New Mexico,XL,Lavender,Fall,4.3,No,Free Shipping,No,No,23,Debit Card,Bi-Weekly,0,High Value,0.6646938775510205,Satisfied,Medium Loyalty,Low Risk,Mature,Low,No
3206,40,Female,Hoodie,Clothing,24,Colorado,XL,Magenta,Fall,4.4,No,2-Day Shipping,No,No,50,Bank Transfer,Every 3 Months,0,Low Value,0.3725,Satisfied,High Loyalty,Low Risk,Adult,Low,No
3207,36,Female,Boots,Footwear,52,California,M,Brown,Winter,3.0,No,Free Shipping,No,No,49,PayPal,Monthly,0,Medium Value,0.5488775510204081,Unsatisfied,High Loyalty,Low Risk,Adult,Low,No
3208,67,Female,Socks,Clothing,29,Arizona,XL,Beige,Summer,2.7,No,Next Day Air,No,No,14,PayPal,Annually,0,Low Value,0.1302168367346939,Unsatisfied,Medium Loyalty,Low Risk,Mature,Low,No
3209,61,Female,Jewelry,Accessories,30,Indiana,L,Indigo,Winter,3.3,No,2-Day Shipping,No,No,42,PayPal,Weekly,0,Medium Value,0.45727040816326525,Unsatisfied,High Loyalty,Low Risk,Mature,Low,No
3210,64,Female,Shoes,Footwear,31,Arkansas,L,Peach,Fall,4.3,No,Standard,No,No,39,Debit Card,Annually,0,Low Value,0.29452806122448977,Satisfied,High Loyalty,Low Risk,Mature,Low,No
3211,30,Female,Socks,Clothing,67,Nevada,M,Magenta,Summer,2.9,No,Express,No,No,43,Venmo,Bi-Weekly,0,High Value,0.6465178571428571,Unsatisfied,High Loyalty,Low Risk,Adult,Low,Yes
3212,53,Female,Pants,Clothing,65,Rhode Island,L,Turquoise,Winter,4.9,No,Standard,No,No,12,Cash,Monthly,0,Medium Value,0.3954719387755102,Satisfied,Medium Loyalty,Low Risk,Mature,Low,No
3213,27,Female,Sneakers,Footwear,22,Wyoming,M,Indigo,Winter,3.6,No,2-Day Shipping,No,No,21,Debit Card,Weekly,0,Low Value,0.2836989795918367,Unsatisfied,Medium Loyalty,Low Risk,Adult,Low,No
3214,27,Female,Sunglasses,Accessories,56,Texas,M,Brown,Winter,3.3,No,Standard,No,No,33,Credit Card,Monthly,0,Medium Value,0.4734183673469388,Unsatisfied,High Loyalty,Low Risk,Adult,Low,No
3215,53,Female,Skirt,Clothing,78,Washington,M,Yellow,Spring,3.1,No,Free Shipping,No,No,6,Debit Card,Annually,0,Low Value,0.3568622448979592,Unsatisfied,Low Loyalty,Low Risk,Mature,Low,No
3216,34,Female,Coat,Outerwear,90,Rhode Island,M,Magenta,Summer,2.7,No,Free Shipping,No,No,10,PayPal,Every 3 Months,0,Medium Value,0.4988520408163265,Unsatisfied,Medium Loyalty,Low Risk,Adult,Low,No
3217,39,Female,Hoodie,Clothing,85,Illinois,S,Olive,Winter,3.4,No,Next Day Air,No,No,18,Cash,Weekly,0,High Value,0.6197066326530611,Unsatisfied,Medium Loyalty,Low Risk,Adult,Low,No
3218,44,Female,Sunglasses,Accessories,58,Oregon,M,Silver,Fall,3.4,No,Express,No,No,46,Venmo,Weekly,0,High Value,0.6392602040816326,Unsatisfied,High Loyalty,Low Risk,Mature,Low,Yes
3219,37,Female,Skirt,Clothing,34,Florida,M,Teal,Fall,3.9,No,Express,No,No,49,PayPal,Monthly,0,Medium Value,0.4476275510204082,Unsatisfied,High Loyalty,Low Risk,Adult,Low,No
3220,57,Female,Coat,Outerwear,40,Kansas,L,White,Summer,3.5,No,2-Day Shipping,No,No,39,Credit Card,Weekly,0,Medium Value,0.4951530612244897,Unsatisfied,High Loyalty,Low Risk,Mature,Low,No
3221,38,Female,Handbag,Accessories,29,North Dakota,M,Blue,Fall,4.1,No,Free Shipping,No,No,16,Cash,Monthly,0,Low Value,0.21746173469387753,Satisfied,Medium Loyalty,Low Risk,Adult,Low,No
3222,21,Female,T-shirt,Clothing,76,New Hampshire,M,Yellow,Winter,3.2,No,Standard,No,No,28,Cash,Annually,0,Medium Value,0.48030612244897963,Unsatisfied,High Loyalty,Low Risk,Young Adult,Low,No
3223,45,Female,Sunglasses,Accessories,84,Texas,S,Maroon,Fall,4.6,No,Store Pickup,No,No,22,PayPal,Quarterly,0,Medium Value,0.5135714285714286,Satisfied,Medium Loyalty,Low Risk,Mature,Low,No
3224,68,Female,Shirt,Clothing,65,Montana,S,Gray,Spring,3.9,No,Standard,No,No,36,Venmo,Bi-Weekly,0,High Value,0.5924107142857142,Unsatisfied,High Loyalty,Low Risk,Mature,Low,Yes
3225,37,Female,Hoodie,Clothing,80,Delaware,L,Indigo,Winter,2.7,No,Free Shipping,No,No,18,PayPal,Monthly,0,Medium Value,0.5165816326530612,Unsatisfied,Medium Loyalty,Low Risk,Adult,Low,No
3226,53,Female,Blouse,Clothing,98,New Hampshire,M,Pink,Fall,3.0,No,Store Pickup,No,No,31,Credit Card,Weekly,0,High Value,0.772423469387755,Unsatisfied,High Loyalty,Low Risk,Mature,Low,Yes
3227,57,Female,Sneakers,Footwear,71,Minnesota,XL,Beige,Spring,3.3,No,Next Day Air,No,No,38,Bank Transfer,Fortnightly,0,High Value,0.613405612244898,Unsatisfied,High Loyalty,Low Risk,Mature,Low,Yes
3228,28,Female,Scarf,Accessories,69,Alaska,XL,White,Fall,2.7,No,Free Shipping,No,No,42,Debit Card,Quarterly,0,Medium Value,0.5516454081632652,Unsatisfied,High Loyalty,Low Risk,Adult,Low,No
3229,37,Female,Jewelry,Accessories,95,Connecticut,M,Yellow,Spring,4.6,No,2-Day Shipping,No,No,27,PayPal,Annually,0,High Value,0.5810586734693877,Satisfied,High Loyalty,Low Risk,Adult,Low,Yes
3230,54,Female,Pants,Clothing,67,Connecticut,M,Teal,Fall,2.7,No,Express,No,No,24,Cash,Monthly,0,Medium Value,0.4801913265306123,Unsatisfied,Medium Loyalty,Low Risk,Mature,Low,No
3231,49,Female,Sneakers,Footwear,49,Kansas,M,Olive,Summer,2.5,No,Next Day Air,No,No,38,Debit Card,Annually,0,Low Value,0.389655612244898,Unsatisfied,High Loyalty,Low Risk,Mature,Low,No
3232,62,Female,Shoes,Footwear,97,Nevada,M,Maroon,Winter,4.4,No,Free Shipping,No,No,9,Credit Card,Annually,0,Medium Value,0.48210459183673476,Satisfied,Medium Loyalty,Low Risk,Mature,Low,No
3233,45,Female,T-shirt,Clothing,34,Massachusetts,M,White,Spring,4.0,No,Next Day Air,No,No,19,Bank Transfer,Monthly,0,Low Value,0.2639540816326531,Satisfied,Medium Loyalty,Low Risk,Mature,Low,No
3234,45,Female,Belt,Accessories,74,Indiana,M,Lavender,Fall,3.8,No,Express,No,No,11,Debit Card,Bi-Weekly,0,Medium Value,0.4899744897959184,Unsatisfied,Medium Loyalty,Low Risk,Mature,Low,No
3235,49,Female,Jewelry,Accessories,96,Washington,M,Black,Winter,2.5,No,2-Day Shipping,No,No,16,Debit Card,Quarterly,0,Medium Value,0.5443367346938777,Unsatisfied,Medium Loyalty,Low Risk,Mature,Low,No
3236,27,Female,Belt,Accessories,68,Kansas,M,Green,Summer,4.0,No,Free Shipping,No,No,18,Venmo,Monthly,0,Medium Value,0.4490816326530613,Satisfied,Medium Loyalty,Low Risk,Adult,Low,No
3237,63,Female,Belt,Accessories,84,South Carolina,L,Olive,Fall,4.1,No,Next Day Air,No,No,8,Cash,Monthly,0,Medium Value,0.4778571428571429,Satisfied,Medium Loyalty,Low Risk,Mature,Low,No
3238,61,Female,T-shirt,Clothing,57,Vermont,M,Gray,Summer,2.8,No,Express,No,No,4,Cash,Weekly,0,Low Value,0.3764923469387755,Unsatisfied,Low Loyalty,Low Risk,Mature,Low,No
3239,25,Female,Sneakers,Footwear,84,Wyoming,XL,Teal,Fall,3.4,No,2-Day Shipping,No,No,37,Cash,Quarterly,0,High Value,0.6054081632653062,Unsatisfied,High Loyalty,Low Risk,Young Adult,Low,Yes
3240,33,Female,Sunglasses,Accessories,32,Colorado,M,Charcoal,Fall,2.7,No,2-Day Shipping,No,No,30,Cash,Monthly,0,Low Value,0.32005102040816324,Unsatisfied,High Loyalty,Low Risk,Adult,Low,No
3241,56,Female,Sandals,Footwear,37,West Virginia,M,Violet,Fall,3.8,No,2-Day Shipping,No,No,37,Bank Transfer,Monthly,0,Low Value,0.3910331632653061,Unsatisfied,High Loyalty,Low Risk,Mature,Low,No
3242,50,Female,Handbag,Accessories,58,Connecticut,M,Lavender,Summer,4.4,No,Store Pickup,No,No,30,PayPal,Quarterly,0,Medium Value,0.4163010204081633,Satisfied,High Loyalty,Low Risk,Mature,Low,No
3243,45,Female,Socks,Clothing,74,Oregon,S,Beige,Fall,2.8,No,Express,No,No,17,Venmo,Weekly,0,Medium Value,0.5517091836734693,Unsatisfied,Medium Loyalty,Low Risk,Mature,Low,No
3244,45,Female,Hoodie,Clothing,99,Idaho,L,Black,Summer,5.0,No,Store Pickup,No,No,11,Bank Transfer,Every 3 Months,0,High Value,0.5555994897959184,Satisfied,Medium Loyalty,Low Risk,Mature,Low,No
3245,65,Female,Sweater,Clothing,81,Arkansas,M,Black,Fall,4.7,No,Express,No,No,42,Credit Card,Annually,0,High Value,0.5941454081632653,Satisfied,High Loyalty,Low Risk,Mature,Low,Yes
3246,63,Female,Pants,Clothing,76,Kansas,M,Purple,Fall,3.2,No,Next Day Air,No,No,20,Cash,Weekly,0,High Value,0.5813265306122448,Unsatisfied,Medium Loyalty,Low Risk,Mature,Low,No
3247,70,Female,Sneakers,Footwear,98,Michigan,M,Magenta,Summer,2.9,No,Store Pickup,No,No,37,Cash,Monthly,0,High Value,0.734158163265306,Unsatisfied,High Loyalty,Low Risk,Mature,Low,Yes
3248,53,Female,Gloves,Accessories,91,Arkansas,M,Teal,Summer,3.7,No,Express,No,No,12,PayPal,Fortnightly,0,High Value,0.5667219387755101,Unsatisfied,Medium Loyalty,Low Risk,Mature,Low,No
3249,22,Female,T-shirt,Clothing,79,Pennsylvania,S,Teal,Summer,4.2,No,Free Shipping,No,No,41,Bank Transfer,Quarterly,0,High Value,0.6017729591836735,Satisfied,High Loyalty,Low Risk,Young Adult,Low,Yes
3250,26,Female,Backpack,Accessories,83,Virginia,M,Pink,Summer,3.4,No,Express,No,No,32,Credit Card,Quarterly,0,High Value,0.569170918367347,Unsatisfied,High Loyalty,Low Risk,Adult,Low,Yes
3251,23,Female,Coat,Outerwear,90,Minnesota,M,Teal,Spring,2.9,No,2-Day Shipping,No,No,15,Venmo,Weekly,0,High Value,0.6294642857142856,Unsatisfied,Medium Loyalty,Low Risk,Young Adult,Low,No
3252,25,Female,Coat,Outerwear,20,Nevada,M,Gold,Winter,3.7,No,Standard,No,No,39,Venmo,Quarterly,0,Low Value,0.2576530612244898,Unsatisfied,High Loyalty,Low Risk,Young Adult,Low,No
3253,69,Female,Sandals,Footwear,21,Montana,L,Brown,Spring,2.7,No,Store Pickup,No,No,48,Credit Card,Fortnightly,0,Low Value,0.39338010204081625,Unsatisfied,High Loyalty,Low Risk,Mature,Low,No
3254,36,Female,Backpack,Accessories,60,Nebraska,M,Brown,Fall,3.2,No,2-Day Shipping,No,No,8,Venmo,Fortnightly,0,Low Value,0.3678571428571428,Unsatisfied,Medium Loyalty,Low Risk,Adult,Low,No
3255,21,Female,Sweater,Clothing,31,Indiana,S,Magenta,Winter,4.9,No,Store Pickup,No,No,11,Bank Transfer,Every 3 Months,0,Low Value,0.17309948979591838,Satisfied,Medium Loyalty,Low Risk,Young Adult,Low,No
3256,57,Female,Shorts,Clothing,40,New Jersey,M,Black,Fall,2.8,No,Next Day Air,No,No,36,Bank Transfer,Monthly,0,Medium Value,0.40178571428571425,Unsatisfied,High Loyalty,Low Risk,Mature,Low,No
3257,60,Female,Sunglasses,Accessories,26,Wisconsin,L,Teal,Winter,4.7,No,Free Shipping,No,No,50,Venmo,Every 3 Months,0,Low Value,0.38375,Satisfied,High Loyalty,Low Risk,Mature,Low,No
3258,44,Female,Shirt,Clothing,98,Minnesota,M,Brown,Fall,3.3,No,Express,No,No,39,Venmo,Every 3 Months,0,High Value,0.7214030612244898,Unsatisfied,High Loyalty,Low Risk,Mature,Low,Yes
3259,31,Female,Shoes,Footwear,51,New Jersey,M,Magenta,Spring,4.3,No,Express,No,No,11,Credit Card,Bi-Weekly,0,Low Value,0.3605994897959184,Satisfied,Medium Loyalty,Low Risk,Adult,Low,No
3260,57,Female,Hat,Accessories,95,Oklahoma,XL,Indigo,Fall,3.7,No,2-Day Shipping,No,No,5,Debit Card,Every 3 Months,0,Medium Value,0.49636479591836735,Unsatisfied,Low Loyalty,Low Risk,Mature,Low,No
3261,39,Female,Scarf,Accessories,36,Wisconsin,M,Violet,Summer,4.5,No,2-Day Shipping,No,No,7,Credit Card,Annually,0,Low Value,0.12673469387755104,Satisfied,Low Loyalty,Low Risk,Adult,Low,No
3262,48,Female,Belt,Accessories,52,Rhode Island,L,Cyan,Winter,3.4,No,Store Pickup,No,No,50,Debit Card,Weekly,0,High Value,0.6299999999999999,Unsatisfied,High Loyalty,Low Risk,Mature,Low,Yes
3263,42,Female,T-shirt,Clothing,35,Indiana,M,Violet,Spring,2.7,No,Standard,No,No,21,Cash,Every 3 Months,0,Low Value,0.2568239795918367,Unsatisfied,Medium Loyalty,Low Risk,Mature,Low,No
3264,56,Female,Shorts,Clothing,68,Vermont,S,Black,Fall,4.4,No,Express,No,No,31,Debit Card,Fortnightly,0,High Value,0.5536734693877551,Satisfied,High Loyalty,Low Risk,Mature,Low,Yes
3265,28,Female,Pants,Clothing,50,Maine,S,Charcoal,Winter,4.0,No,Express,No,No,39,Cash,Bi-Weekly,0,Medium Value,0.5264030612244898,Satisfied,High Loyalty,Low Risk,Adult,Low,No
3266,40,Female,Sunglasses,Accessories,100,Alabama,M,White,Winter,3.2,No,Express,No,No,28,Credit Card,Fortnightly,0,High Value,0.7153061224489795,Unsatisfied,High Loyalty,Low Risk,Adult,Low,Yes
3267,49,Female,Coat,Outerwear,74,Alabama,S,Gray,Winter,4.2,No,Next Day Air,No,No,33,Bank Transfer,Weekly,0,High Value,0.6496683673469388,Satisfied,High Loyalty,Low Risk,Mature,Low,Yes
3268,37,Female,Hoodie,Clothing,45,Idaho,L,Pink,Winter,3.0,No,Store Pickup,No,No,42,Credit Card,Quarterly,0,Medium Value,0.4166454081632653,Unsatisfied,High Loyalty,Low Risk,Adult,Low,No
3269,22,Female,Dress,Clothing,97,Arkansas,M,Cyan,Fall,2.8,No,Free Shipping,No,No,5,Bank Transfer,Every 3 Months,0,Medium Value,0.5076147959183674,Unsatisfied,Low Loyalty,Low Risk,Young Adult,Low,No
3270,27,Female,Blouse,Clothing,60,Ohio,M,Blue,Winter,4.9,No,Express,No,No,25,Cash,Monthly,0,Medium Value,0.44693877551020406,Satisfied,Medium Loyalty,Low Risk,Adult,Low,No
3271,59,Female,Socks,Clothing,25,Illinois,M,Indigo,Winter,4.7,No,Express,No,No,48,PayPal,Annually,0,Low Value,0.3158801020408163,Satisfied,High Loyalty,Low Risk,Mature,Low,No
3272,35,Female,Socks,Clothing,55,Nevada,XL,Magenta,Spring,4.4,No,Standard,No,No,30,Credit Card,Weekly,0,Medium Value,0.5244260204081632,Satisfied,High Loyalty,Low Risk,Adult,Low,No
3273,58,Female,Shoes,Footwear,99,Texas,M,Lavender,Winter,3.1,No,Next Day Air,No,No,34,PayPal,Quarterly,0,High Value,0.6714158163265306,Unsatisfied,High Loyalty,Low Risk,Mature,Low,Yes
3274,58,Female,Belt,Accessories,45,Nevada,S,Orange,Summer,2.6,No,Free Shipping,No,No,34,PayPal,Every 3 Months,0,Low Value,0.3926658163265306,Unsatisfied,High Loyalty,Low Risk,Mature,Low,No
3275,46,Female,Sweater,Clothing,20,Oklahoma,M,Cyan,Spring,3.9,No,Store Pickup,No,No,14,Cash,Fortnightly,0,Low Value,0.17959183673469387,Unsatisfied,Medium Loyalty,Low Risk,Mature,Low,No
3276,43,Female,Pants,Clothing,88,Alabama,XL,Green,Summer,2.6,No,2-Day Shipping,No,No,2,Debit Card,Weekly,0,Medium Value,0.5386224489795919,Unsatisfied,Low Loyalty,Low Risk,Mature,Low,No
3277,39,Female,Scarf,Accessories,99,South Dakota,M,White,Summer,4.0,No,Store Pickup,No,No,41,PayPal,Every 3 Months,0,High Value,0.7392729591836735,Satisfied,High Loyalty,Low Risk,Adult,Low,Yes
3278,59,Female,Skirt,Clothing,86,Texas,M,Blue,Spring,4.9,No,Store Pickup,No,No,3,Credit Card,Monthly,0,Medium Value,0.45849489795918363,Satisfied,Low Loyalty,Low Risk,Mature,Low,No
3279,59,Female,Dress,Clothing,70,Montana,M,Black,Summer,3.3,No,2-Day Shipping,No,No,18,Bank Transfer,Weekly,0,Medium Value,0.5353316326530612,Unsatisfied,Medium Loyalty,Low Risk,Mature,Low,No
3280,59,Female,Hat,Accessories,50,Wyoming,S,Red,Fall,3.0,No,Express,No,No,1,Debit Card,Fortnightly,0,Low Value,0.26875,Unsatisfied,Low Loyalty,Low Risk,Mature,Low,No
3281,45,Female,Handbag,Accessories,57,New York,L,Red,Winter,2.7,No,Next Day Air,No,No,5,PayPal,Monthly,0,Low Value,0.3076147959183673,Unsatisfied,Low Loyalty,Low Risk,Mature,Low,No
3282,27,Female,Pants,Clothing,69,Oregon,L,Gold,Winter,3.1,No,Free Shipping,No,No,41,Bank Transfer,Annually,0,Medium Value,0.5205229591836734,Unsatisfied,High Loyalty,Low Risk,Adult,Low,No
3283,24,Female,T-shirt,Clothing,94,California,M,Red,Fall,4.8,No,Next Day Air,No,No,5,Credit Card,Monthly,0,Medium Value,0.5157397959183674,Satisfied,Low Loyalty,Low Risk,Young Adult,Low,No
3284,47,Female,Jacket,Outerwear,24,North Carolina,L,Purple,Spring,2.9,No,Express,No,No,10,Debit Card,Every 3 Months,0,Low Value,0.12760204081632653,Unsatisfied,Medium Loyalty,Low Risk,Mature,Low,No
3285,70,Female,Scarf,Accessories,79,Kentucky,L,White,Spring,4.5,No,2-Day Shipping,No,No,20,Venmo,Annually,0,Medium Value,0.4482015306122449,Satisfied,Medium Loyalty,Low Risk,Mature,Low,No
3286,58,Female,Hat,Accessories,31,Hawaii,XL,Magenta,Fall,4.6,No,Free Shipping,No,No,11,Cash,Weekly,0,Low Value,0.27309948979591836,Satisfied,Medium Loyalty,Low Risk,Mature,Low,No
3287,45,Female,Jacket,Outerwear,67,Illinois,L,Pink,Winter,5.0,No,Express,No,No,4,Venmo,Fortnightly,0,Low Value,0.3827423469387755,Satisfied,Low Loyalty,Low Risk,Mature,Low,No
3288,24,Female,Skirt,Clothing,63,West Virginia,L,Black,Spring,4.3,No,2-Day Shipping,No,No,38,Credit Card,Weekly,0,High Value,0.618405612244898,Satisfied,High Loyalty,Low Risk,Young Adult,Low,Yes
3289,67,Female,Handbag,Accessories,61,South Carolina,XL,White,Spring,4.9,No,Next Day Air,No,No,19,Credit Card,Bi-Weekly,0,Medium Value,0.4658290816326531,Satisfied,Medium Loyalty,Low Risk,Mature,Low,No
3290,31,Female,Backpack,Accessories,50,Montana,M,Maroon,Summer,4.0,No,2-Day Shipping,No,No,16,Venmo,Every 3 Months,0,Low Value,0.31058673469387754,Satisfied,Medium Loyalty,Low Risk,Adult,Low,No
3291,52,Female,Coat,Outerwear,82,North Dakota,L,Black,Spring,3.1,No,Free Shipping,No,No,2,PayPal,Monthly,0,Medium Value,0.4298724489795919,Unsatisfied,Low Loyalty,Low Risk,Mature,Low,No
3292,29,Female,Belt,Accessories,51,New Mexico,L,Olive,Fall,2.6,No,2-Day Shipping,No,No,11,Cash,Monthly,0,Low Value,0.3105994897959184,Unsatisfied,Medium Loyalty,Low Risk,Adult,Low,No
3293,62,Female,Handbag,Accessories,23,Missouri,L,Gray,Spring,4.9,No,Standard,No,No,18,Bank Transfer,Fortnightly,0,Low Value,0.2209566326530612,Satisfied,Medium Loyalty,Low Risk,Mature,Low,No
3294,19,Female,Coat,Outerwear,91,West Virginia,M,Gold,Spring,3.5,No,2-Day Shipping,No,No,47,Credit Card,Fortnightly,0,High Value,0.7810076530612244,Unsatisfied,High Loyalty,Low Risk,Young Adult,Low,Yes
3295,62,Female,Sweater,Clothing,60,South Carolina,S,Magenta,Spring,4.5,No,Store Pickup,No,No,15,Bank Transfer,Bi-Weekly,0,Medium Value,0.4357142857142857,Satisfied,Medium Loyalty,Low Risk,Mature,Low,No
3296,70,Female,Blouse,Clothing,34,West Virginia,S,Lavender,Summer,2.8,No,Next Day Air,No,No,15,Cash,Weekly,0,Low Value,0.3144642857142857,Unsatisfied,Medium Loyalty,Low Risk,Mature,Low,No
3297,20,Female,Blouse,Clothing,23,Alaska,M,Green,Spring,4.2,No,Next Day Air,No,No,47,Venmo,Quarterly,0,Low Value,0.32350765306122453,Satisfied,High Loyalty,Low Risk,Young Adult,Low,No
3298,67,Female,Belt,Accessories,82,West Virginia,M,Violet,Fall,4.1,No,Free Shipping,No,No,47,PayPal,Monthly,0,High Value,0.7053826530612245,Satisfied,High Loyalty,Low Risk,Mature,Low,Yes
3299,65,Female,Jacket,Outerwear,73,New Mexico,M,Brown,Fall,3.5,No,Express,No,No,6,Bank Transfer,Every 3 Months,0,Low Value,0.3787372448979592,Unsatisfied,Low Loyalty,Low Risk,Mature,Low,No
3300,45,Female,Shorts,Clothing,32,South Dakota,L,Teal,Spring,4.0,No,2-Day Shipping,No,No,18,Venmo,Monthly,0,Low Value,0.2465816326530612,Satisfied,Medium Loyalty,Low Risk,Mature,Low,No
3301,26,Female,Hat,Accessories,80,Oklahoma,M,Charcoal,Spring,4.0,No,Express,No,No,40,Bank Transfer,Bi-Weekly,0,High Value,0.7012755102040816,Satisfied,High Loyalty,Low Risk,Adult,Low,Yes
3302,36,Female,Pants,Clothing,58,Oklahoma,XL,Charcoal,Summer,2.5,No,Free Shipping,No,No,31,Credit Card,Fortnightly,0,Medium Value,0.49742346938775506,Unsatisfied,High Loyalty,Low Risk,Adult,Low,No
3303,36,Female,Blouse,Clothing,82,Alabama,XL,Beige,Winter,4.2,No,Standard,No,No,31,Venmo,Bi-Weekly,0,High Value,0.6574234693877551,Satisfied,High Loyalty,Low Risk,Adult,Low,Yes
3304,20,Female,Belt,Accessories,60,Mississippi,S,Turquoise,Summer,3.4,No,Next Day Air,No,No,4,Credit Card,Fortnightly,0,Low Value,0.3433673469387755,Unsatisfied,Low Loyalty,Low Risk,Young Adult,Low,No
3305,30,Female,Handbag,Accessories,79,Mississippi,XL,Orange,Fall,4.8,No,Next Day Air,No,No,36,Bank Transfer,Every 3 Months,0,High Value,0.5961607142857144,Satisfied,High Loyalty,Low Risk,Adult,Low,Yes
3306,34,Female,Hoodie,Clothing,41,Nebraska,L,Cyan,Summer,4.9,No,Standard,No,No,31,PayPal,Bi-Weekly,0,Medium Value,0.4267984693877551,Satisfied,High Loyalty,Low Risk,Adult,Low,No
3307,63,Female,Jacket,Outerwear,39,Colorado,L,Orange,Summer,3.6,No,Store Pickup,No,No,6,Venmo,Fortnightly,0,Low Value,0.2374872448979592,Unsatisfied,Low Loyalty,Low Risk,Mature,Low,No
3308,18,Female,Scarf,Accessories,36,Pennsylvania,S,Green,Winter,4.0,No,Store Pickup,No,No,1,Cash,Monthly,0,Low Value,0.165,Satisfied,Low Loyalty,Low Risk,Young Adult,Low,No
3309,55,Female,Jeans,Clothing,70,Utah,M,Pink,Fall,2.6,No,Express,No,No,29,Cash,Monthly,0,Medium Value,0.5276785714285713,Unsatisfied,High Loyalty,Low Risk,Mature,Low,No
3310,48,Female,Handbag,Accessories,47,Massachusetts,M,Blue,Summer,3.1,No,Store Pickup,No,No,19,PayPal,Monthly,0,Low Value,0.33707908163265304,Unsatisfied,Medium Loyalty,Low Risk,Mature,Low,No
3311,45,Female,Jacket,Outerwear,27,Iowa,M,Pink,Winter,3.6,No,Free Shipping,No,No,12,PayPal,Fortnightly,0,Low Value,0.2067219387755102,Unsatisfied,Medium Loyalty,Low Risk,Mature,Low,No
3312,29,Female,Hat,Accessories,52,Florida,L,Blue,Summer,4.0,No,Express,No,No,18,Bank Transfer,Annually,0,Low Value,0.28408163265306124,Satisfied,Medium Loyalty,Low Risk,Adult,Low,No
3313,55,Female,Sneakers,Footwear,75,Louisiana,L,Black,Summer,3.9,No,Next Day Air,No,No,45,Cash,Quarterly,0,High Value,0.6037627551020408,Unsatisfied,High Loyalty,Low Risk,Mature,Low,Yes
3314,55,Female,Hat,Accessories,30,Kansas,XL,Black,Fall,3.9,No,Express,No,No,45,Credit Card,Monthly,0,Medium Value,0.4006377551020408,Unsatisfied,High Loyalty,Low Risk,Mature,Low,No
3315,55,Female,Socks,Clothing,94,Kansas,M,Violet,Spring,3.3,No,Standard,No,No,8,Credit Card,Quarterly,0,Medium Value,0.4841071428571429,Unsatisfied,Medium Loyalty,Low Risk,Mature,Low,No
3316,48,Female,Scarf,Accessories,68,Kentucky,S,Gold,Summer,2.9,No,Standard,No,No,4,PayPal,Every 3 Months,0,Low Value,0.33836734693877557,Unsatisfied,Low Loyalty,Low Risk,Mature,Low,No
3317,42,Female,Socks,Clothing,45,New Mexico,M,Olive,Summer,3.1,No,Free Shipping,No,No,5,Debit Card,Fortnightly,0,Low Value,0.26511479591836734,Unsatisfied,Low Loyalty,Low Risk,Mature,Low,No
3318,21,Female,Hat,Accessories,67,North Carolina,XL,Pink,Summer,4.7,No,Standard,No,No,30,Cash,Quarterly,0,Medium Value,0.4669260204081633,Satisfied,High Loyalty,Low Risk,Young Adult,Low,No
3319,45,Female,Jacket,Outerwear,46,North Dakota,M,Olive,Summer,3.9,No,Free Shipping,No,No,15,PayPal,Monthly,0,Low Value,0.30696428571428575,Unsatisfied,Medium Loyalty,Low Risk,Mature,Low,No
3320,23,Female,Shorts,Clothing,31,North Dakota,M,Indigo,Summer,4.3,No,Next Day Air,No,No,17,Credit Card,Every 3 Months,0,Low Value,0.2098341836734694,Satisfied,Medium Loyalty,Low Risk,Young Adult,Low,No
3321,66,Female,Blouse,Clothing,44,Illinois,XL,Silver,Fall,4.2,No,2-Day Shipping,No,No,45,Cash,Every 3 Months,0,Medium Value,0.4543877551020408,Satisfied,High Loyalty,Low Risk,Mature,Low,No
3322,32,Female,Coat,Outerwear,100,Maine,S,Charcoal,Winter,4.3,No,Next Day Air,No,No,3,Venmo,Annually,0,Medium Value,0.46224489795918366,Satisfied,Low Loyalty,Low Risk,Adult,Low,No
3323,52,Female,Sweater,Clothing,92,Indiana,XL,Orange,Winter,4.6,No,Next Day Air,No,No,43,PayPal,Weekly,0,High Value,0.812142857142857,Satisfied,High Loyalty,Low Risk,Mature,Low,Yes
3324,54,Female,Handbag,Accessories,78,North Dakota,M,Yellow,Winter,3.8,No,Free Shipping,No,No,4,Credit Card,Monthly,0,Medium Value,0.41961734693877556,Unsatisfied,Low Loyalty,Low Risk,Mature,Low,No
3325,37,Female,T-shirt,Clothing,32,Missouri,S,Red,Fall,3.3,No,Standard,No,No,41,Venmo,Weekly,0,Medium Value,0.46239795918367343,Unsatisfied,High Loyalty,Low Risk,Adult,Low,No
3326,29,Female,Sandals,Footwear,97,Alaska,M,Maroon,Fall,3.7,No,2-Day Shipping,No,No,16,Venmo,Monthly,0,High Value,0.5999617346938776,Unsatisfied,Medium Loyalty,Low Risk,Adult,Low,No
3327,47,Female,Gloves,Accessories,95,North Dakota,M,Magenta,Summer,4.3,No,Standard,No,No,10,Debit Card,Annually,0,Medium Value,0.4769770408163265,Satisfied,Medium Loyalty,Low Risk,Mature,Low,No
3328,47,Female,Shorts,Clothing,64,Connecticut,M,Black,Spring,4.1,No,Express,No,No,2,Debit Card,Quarterly,0,Low Value,0.2786224489795919,Satisfied,Low Loyalty,Low Risk,Mature,Low,No
3329,42,Female,Sandals,Footwear,35,Wisconsin,M,Violet,Spring,3.2,No,Free Shipping,No,No,11,Cash,Bi-Weekly,0,Low Value,0.27059948979591836,Unsatisfied,Medium Loyalty,Low Risk,Mature,Low,No
3330,34,Female,Backpack,Accessories,54,New Jersey,M,Gray,Winter,3.8,No,Express,No,No,1,Debit Card,Bi-Weekly,0,Low Value,0.31625000000000003,Unsatisfied,Low Loyalty,Low Risk,Adult,Low,No
3331,38,Female,Sneakers,Footwear,96,Missouri,M,Black,Spring,3.2,No,2-Day Shipping,No,No,41,Bank Transfer,Quarterly,0,High Value,0.6973979591836735,Unsatisfied,High Loyalty,Low Risk,Adult,Low,Yes
3332,55,Female,Sunglasses,Accessories,58,California,M,Pink,Summer,3.5,No,Free Shipping,No,No,39,PayPal,Quarterly,0,Medium Value,0.4714030612244898,Unsatisfied,High Loyalty,Low Risk,Mature,Low,No
3333,27,Female,T-shirt,Clothing,23,Washington,M,Silver,Summer,3.1,No,2-Day Shipping,No,No,1,PayPal,Bi-Weekly,0,Low Value,0.14187500000000003,Unsatisfied,Low Loyalty,Low Risk,Adult,Low,No
3334,55,Female,Jeans,Clothing,35,Minnesota,M,Violet,Spring,4.2,No,Express,No,No,3,PayPal,Monthly,0,Low Value,0.1716198979591837,Satisfied,Low Loyalty,Low Risk,Mature,Low,No
3335,66,Female,Shirt,Clothing,23,California,M,Beige,Summer,3.4,No,Free Shipping,No,No,21,Credit Card,Annually,0,Low Value,0.13932397959183673,Unsatisfied,Medium Loyalty,Low Risk,Mature,Low,No
3336,44,Female,Hat,Accessories,94,Texas,XL,Cyan,Winter,3.5,No,Express,No,No,48,Bank Transfer,Quarterly,0,High Value,0.7290051020408163,Unsatisfied,High Loyalty,Low Risk,Mature,Low,Yes
3337,39,Female,Blouse,Clothing,45,Montana,M,Brown,Fall,4.0,No,Free Shipping,No,No,24,Debit Card,Annually,0,Low Value,0.28144132653061227,Satisfied,Medium Loyalty,Low Risk,Adult,Low,No
3338,23,Female,Jacket,Outerwear,23,Arizona,L,Blue,Winter,4.4,No,2-Day Shipping,No,No,45,Bank Transfer,Bi-Weekly,0,Medium Value,0.4112627551020408,Satisfied,High Loyalty,Low Risk,Young Adult,Low,No
3339,29,Female,Skirt,Clothing,94,Minnesota,L,White,Winter,2.9,No,2-Day Shipping,No,No,46,Credit Card,Monthly,0,High Value,0.7667602040816326,Unsatisfied,High Loyalty,Low Risk,Adult,Low,Yes
3340,20,Female,Gloves,Accessories,99,Nebraska,M,Cyan,Fall,3.6,No,Store Pickup,No,No,35,Cash,Fortnightly,0,High Value,0.7525382653061224,Unsatisfied,High Loyalty,Low Risk,Young Adult,Low,Yes
3341,42,Female,T-shirt,Clothing,36,Virginia,XL,Maroon,Fall,4.4,No,Free Shipping,No,No,47,Credit Card,Fortnightly,0,Medium Value,0.4716326530612245,Satisfied,High Loyalty,Low Risk,Mature,Low,No
3342,55,Female,Jacket,Outerwear,50,Connecticut,XL,Olive,Summer,4.5,No,Standard,No,No,35,Credit Card,Monthly,0,Medium Value,0.45191326530612247,Satisfied,High Loyalty,Low Risk,Mature,Low,No
3343,66,Female,Jacket,Outerwear,81,New Jersey,M,Violet,Spring,3.8,No,Free Shipping,No,No,45,Credit Card,Weekly,0,High Value,0.7625127551020408,Unsatisfied,High Loyalty,Low Risk,Mature,Low,Yes
3344,24,Female,Shorts,Clothing,31,Kentucky,XL,Green,Winter,3.6,No,2-Day Shipping,No,No,6,Cash,Bi-Weekly,0,Low Value,0.21748724489795918,Unsatisfied,Low Loyalty,Low Risk,Young Adult,Low,No
3345,62,Female,Hat,Accessories,48,Washington,XL,Magenta,Fall,4.3,No,Free Shipping,No,No,20,Cash,Annually,0,Low Value,0.27382653061224493,Satisfied,Medium Loyalty,Low Risk,Mature,Low,No
3346,28,Female,Handbag,Accessories,91,Florida,M,Turquoise,Summer,4.0,No,2-Day Shipping,No,No,3,Venmo,Bi-Weekly,0,Medium Value,0.5366198979591836,Satisfied,Low Loyalty,Low Risk,Adult,Low,No
3347,30,Female,Jeans,Clothing,99,Oklahoma,M,Black,Summer,3.4,No,Express,No,No,30,Venmo,Quarterly,0,High Value,0.6469260204081633,Unsatisfied,High Loyalty,Low Risk,Adult,Low,Yes
3348,22,Female,Shoes,Footwear,70,Iowa,XL,Cyan,Summer,4.4,No,Standard,No,No,28,PayPal,Bi-Weekly,0,High Value,0.5715561224489796,Satisfied,High Loyalty,Low Risk,Young Adult,Low,Yes
3349,28,Female,T-shirt,Clothing,74,New Hampshire,L,Gray,Winter,2.8,No,Standard,No,No,15,Cash,Every 3 Months,0,Medium Value,0.4394642857142857,Unsatisfied,Medium Loyalty,Low Risk,Adult,Low,No
3350,35,Female,Jewelry,Accessories,79,Georgia,M,Red,Fall,2.8,No,Store Pickup,No,No,29,PayPal,Quarterly,0,Medium Value,0.5283035714285714,Unsatisfied,High Loyalty,Low Risk,Adult,Low,No
3351,45,Female,Handbag,Accessories,33,Mississippi,S,Olive,Fall,4.9,No,2-Day Shipping,No,No,15,Cash,Bi-Weekly,0,Low Value,0.28383928571428574,Satisfied,Medium Loyalty,Low Risk,Mature,Low,No
3352,43,Female,Shirt,Clothing,49,New Hampshire,L,Cyan,Spring,4.2,No,2-Day Shipping,No,No,18,Bank Transfer,Fortnightly,0,Low Value,0.3672066326530612,Satisfied,Medium Loyalty,Low Risk,Mature,Low,No
3353,55,Female,Belt,Accessories,96,Washington,M,Teal,Summer,2.9,No,Next Day Air,No,No,7,Bank Transfer,Bi-Weekly,0,High Value,0.5892346938775511,Unsatisfied,Low Loyalty,Low Risk,Mature,Low,No
3354,31,Female,Dress,Clothing,66,Ohio,L,Teal,Fall,4.6,No,Free Shipping,No,No,19,Credit Card,Every 3 Months,0,Medium Value,0.4189540816326531,Satisfied,Medium Loyalty,Low Risk,Adult,Low,No
3355,42,Female,Skirt,Clothing,45,Maryland,M,Orange,Fall,2.8,No,Next Day Air,No,No,15,PayPal,Weekly,0,Low Value,0.37633928571428565,Unsatisfied,Medium Loyalty,Low Risk,Mature,Low,No
3356,40,Female,Blouse,Clothing,28,Delaware,M,Peach,Spring,2.6,No,Store Pickup,No,No,3,Bank Transfer,Bi-Weekly,0,Low Value,0.1822448979591837,Unsatisfied,Low Loyalty,Low Risk,Adult,Low,No
3357,39,Female,Jeans,Clothing,48,Tennessee,M,Silver,Summer,3.5,No,Store Pickup,No,No,13,PayPal,Bi-Weekly,0,Low Value,0.3559693877551021,Unsatisfied,Medium Loyalty,Low Risk,Adult,Low,No
3358,41,Female,Hoodie,Clothing,67,Arkansas,M,Pink,Winter,3.5,No,Free Shipping,No,No,37,Credit Card,Monthly,0,High Value,0.5597831632653061,Unsatisfied,High Loyalty,Low Risk,Mature,Low,Yes
3359,56,Female,T-shirt,Clothing,59,Tennessee,M,Magenta,Fall,3.4,No,2-Day Shipping,No,No,26,Cash,Annually,0,Low Value,0.3724362244897959,Unsatisfied,High Loyalty,Low Risk,Mature,Low,No
3360,43,Female,Sunglasses,Accessories,74,New Hampshire,L,Red,Fall,3.9,No,Next Day Air,No,No,29,Debit Card,Monthly,0,Medium Value,0.5501785714285714,Unsatisfied,High Loyalty,Low Risk,Mature,Low,No
3361,22,Female,Jacket,Outerwear,81,Minnesota,M,Maroon,Spring,3.3,No,2-Day Shipping,No,No,47,Cash,Every 3 Months,0,High Value,0.6747576530612245,Unsatisfied,High Loyalty,Low Risk,Young Adult,Low,Yes
3362,47,Female,Shoes,Footwear,26,Florida,M,Silver,Spring,4.1,No,Free Shipping,No,No,47,Credit Card,Bi-Weekly,0,Medium Value,0.4403826530612245,Satisfied,High Loyalty,Low Risk,Mature,Low,No
3363,50,Female,Handbag,Accessories,61,Tennessee,M,Gray,Summer,3.0,No,Next Day Air,No,No,48,Venmo,Fortnightly,0,High Value,0.6183801020408163,Unsatisfied,High Loyalty,Low Risk,Mature,Low,Yes
3364,58,Female,Sweater,Clothing,23,California,M,Turquoise,Winter,3.0,No,Next Day Air,No,No,46,Bank Transfer,Bi-Weekly,0,Medium Value,0.41738520408163265,Unsatisfied,High Loyalty,Low Risk,Mature,Low,No
3365,50,Female,Scarf,Accessories,33,Oregon,M,Peach,Fall,3.2,No,Standard,No,No,7,Credit Card,Monthly,0,Low Value,0.18485969387755102,Unsatisfied,Low Loyalty,Low Risk,Mature,Low,No
3366,43,Female,Skirt,Clothing,58,Tennessee,L,Teal,Fall,3.9,No,Express,No,No,45,Credit Card,Every 3 Months,0,Medium Value,0.5331377551020409,Unsatisfied,High Loyalty,Low Risk,Mature,Low,No
3367,38,Female,Gloves,Accessories,65,North Carolina,M,Red,Spring,3.6,No,2-Day Shipping,No,No,47,Debit Card,Quarterly,0,High Value,0.5597576530612245,Unsatisfied,High Loyalty,Low Risk,Adult,Low,Yes
3368,44,Female,T-shirt,Clothing,48,Tennessee,M,Blue,Summer,3.1,No,Store Pickup,No,No,6,Venmo,Fortnightly,0,Low Value,0.2881122448979592,Unsatisfied,Low Loyalty,Low Risk,Mature,Low,No
3369,30,Female,Sandals,Footwear,25,Nebraska,M,Blue,Spring,4.8,No,Express,No,No,29,Bank Transfer,Every 3 Months,0,Low Value,0.24955357142857143,Satisfied,High Loyalty,Low Risk,Adult,Low,No
3370,47,Female,Sweater,Clothing,51,Maine,M,Indigo,Winter,3.8,No,2-Day Shipping,No,No,42,Cash,Monthly,0,Medium Value,0.5003954081632652,Unsatisfied,High Loyalty,Low Risk,Mature,Low,No
3371,30,Female,Belt,Accessories,31,Illinois,M,Charcoal,Summer,2.8,No,Store Pickup,No,No,46,Cash,Fortnightly,0,Medium Value,0.4373852040816326,Unsatisfied,High Loyalty,Low Risk,Adult,Low,No
3372,49,Female,Hoodie,Clothing,99,Colorado,S,Turquoise,Winter,4.0,No,Next Day Air,No,No,28,PayPal,Annually,0,High Value,0.6096811224489795,Satisfied,High Loyalty,Low Risk,Mature,Low,Yes
3373,56,Female,Socks,Clothing,25,Pennsylvania,M,Maroon,Winter,4.6,No,Free Shipping,No,No,14,Credit Card,Every 3 Months,0,Low Value,0.15771683673469386,Satisfied,Medium Loyalty,Low Risk,Mature,Low,No
3374,70,Female,Sandals,Footwear,52,Minnesota,M,Purple,Spring,3.5,No,Store Pickup,No,No,12,Debit Card,Every 3 Months,0,Low Value,0.2973469387755102,Unsatisfied,Medium Loyalty,Low Risk,Mature,Low,No
3375,22,Female,Blouse,Clothing,47,Nevada,S,Lavender,Spring,3.7,No,2-Day Shipping,No,No,41,Debit Card,Annually,0,Medium Value,0.39677295918367345,Unsatisfied,High Loyalty,Low Risk,Young Adult,Low,No
3376,51,Female,Boots,Footwear,98,Connecticut,XL,Yellow,Fall,4.9,No,Express,No,No,8,Credit Card,Annually,0,Medium Value,0.4816071428571429,Satisfied,Medium Loyalty,Low Risk,Mature,Low,No
3377,22,Female,Hat,Accessories,46,Ohio,M,Green,Winter,4.1,No,Store Pickup,No,No,24,Cash,Quarterly,0,Low Value,0.3120663265306123,Satisfied,Medium Loyalty,Low Risk,Young Adult,Low,No
3378,37,Female,Shirt,Clothing,32,Kentucky,M,Yellow,Winter,4.6,No,Next Day Air,No,No,18,PayPal,Fortnightly,0,Low Value,0.27158163265306123,Satisfied,Medium Loyalty,Low Risk,Adult,Low,No
3379,49,Female,Shorts,Clothing,75,Minnesota,L,Gold,Fall,4.5,No,Next Day Air,No,No,6,Cash,Quarterly,0,Low Value,0.3649872448979592,Satisfied,Low Loyalty,Low Risk,Mature,Low,No
3380,61,Female,Handbag,Accessories,51,Tennessee,L,Turquoise,Summer,5.0,No,Store Pickup,No,No,40,Cash,Weekly,0,High Value,0.5631505102040816,Satisfied,High Loyalty,Low Risk,Mature,Low,Yes
3381,41,Female,Dress,Clothing,52,North Dakota,L,Blue,Summer,3.8,No,Standard,No,No,6,PayPal,Every 3 Months,0,Low Value,0.2606122448979592,Unsatisfied,Low Loyalty,Low Risk,Mature,Low,No
3382,57,Female,Hat,Accessories,66,Minnesota,L,Turquoise,Winter,4.7,No,Standard,No,No,27,Credit Card,Quarterly,0,Medium Value,0.4429336734693878,Satisfied,High Loyalty,Low Risk,Mature,Low,No
3383,34,Female,Sweater,Clothing,35,Nebraska,M,Maroon,Spring,2.8,No,Express,No,No,2,Bank Transfer,Weekly,0,Low Value,0.2404974489795918,Unsatisfied,Low Loyalty,Low Risk,Adult,Low,No
3384,27,Female,Coat,Outerwear,43,Delaware,M,Pink,Fall,2.6,No,Next Day Air,No,No,39,Venmo,Bi-Weekly,0,Medium Value,0.4870280612244897,Unsatisfied,High Loyalty,Low Risk,Adult,Low,No
3385,39,Female,Hoodie,Clothing,24,Minnesota,L,Maroon,Summer,3.8,No,Free Shipping,No,No,9,Venmo,Quarterly,0,Low Value,0.09647959183673471,Unsatisfied,Medium Loyalty,Low Risk,Adult,Low,No
3386,62,Female,Jewelry,Accessories,83,Rhode Island,M,Olive,Winter,2.8,No,Standard,No,No,16,Credit Card,Every 3 Months,0,Medium Value,0.4962117346938776,Unsatisfied,Medium Loyalty,Low Risk,Mature,Low,No
3387,34,Female,T-shirt,Clothing,62,Michigan,M,Lavender,Fall,2.6,No,2-Day Shipping,No,No,36,Cash,Quarterly,0,Medium Value,0.4755357142857143,Unsatisfied,High Loyalty,Low Risk,Adult,Low,No
3388,53,Female,Pants,Clothing,78,New Jersey,S,Pink,Spring,3.4,No,2-Day Shipping,No,No,2,Credit Card,Bi-Weekly,0,Medium Value,0.4573724489795919,Unsatisfied,Low Loyalty,Low Risk,Mature,Low,No
3389,35,Female,Sweater,Clothing,61,South Dakota,M,Cyan,Spring,4.5,No,Store Pickup,No,No,21,Credit Card,Weekly,0,Medium Value,0.5030739795918366,Satisfied,Medium Loyalty,Low Risk,Adult,Low,No
3390,38,Female,Pants,Clothing,57,North Carolina,L,Maroon,Fall,3.8,No,Free Shipping,No,No,39,Venmo,Annually,0,Medium Value,0.44077806122448976,Unsatisfied,High Loyalty,Low Risk,Adult,Low,No
3391,32,Female,Socks,Clothing,70,Oregon,S,Red,Summer,3.0,No,Next Day Air,No,No,38,PayPal,Annually,0,Medium Value,0.5077806122448979,Unsatisfied,High Loyalty,Low Risk,Adult,Low,No
3392,47,Female,Hoodie,Clothing,57,Montana,M,Silver,Fall,3.7,No,2-Day Shipping,No,No,6,Debit Card,Every 3 Months,0,Low Value,0.2887372448979592,Unsatisfied,Low Loyalty,Low Risk,Mature,Low,No
3393,53,Female,Scarf,Accessories,74,New Jersey,XL,Blue,Winter,4.4,No,Free Shipping,No,No,6,Venmo,Bi-Weekly,0,Medium Value,0.4593622448979592,Satisfied,Low Loyalty,Low Risk,Mature,Low,No
3394,60,Female,Dress,Clothing,90,Arizona,M,Gold,Fall,3.1,No,Next Day Air,No,No,50,Debit Card,Monthly,0,High Value,0.7687499999999999,Unsatisfied,High Loyalty,Low Risk,Mature,Low,Yes
3395,31,Female,Sandals,Footwear,98,Vermont,S,Yellow,Spring,4.2,No,Store Pickup,No,No,9,PayPal,Annually,0,Medium Value,0.4877295918367347,Satisfied,Medium Loyalty,Low Risk,Adult,Low,No
3396,44,Female,Dress,Clothing,43,Colorado,M,Silver,Winter,3.1,No,Free Shipping,No,No,15,Debit Card,Every 3 Months,0,Low Value,0.2650892857142857,Unsatisfied,Medium Loyalty,Low Risk,Mature,Low,No
3397,29,Female,Pants,Clothing,37,Tennessee,XL,Black,Winter,5.0,No,Next Day Air,No,No,5,PayPal,Quarterly,0,Low Value,0.14511479591836737,Satisfied,Low Loyalty,Low Risk,Adult,Low,No
3398,19,Female,Blouse,Clothing,38,New Jersey,L,Yellow,Summer,2.7,No,Standard,No,No,13,Bank Transfer,Bi-Weekly,0,Low Value,0.29971938775510204,Unsatisfied,Medium Loyalty,Low Risk,Young Adult,Low,No
3399,54,Female,Jeans,Clothing,60,Montana,L,Pink,Winter,3.8,No,Standard,No,No,44,Cash,Fortnightly,0,High Value,0.5882653061224489,Unsatisfied,High Loyalty,Low Risk,Mature,Low,Yes
3400,40,Female,Pants,Clothing,55,Montana,XL,Yellow,Winter,3.3,No,Standard,No,No,36,Debit Card,Annually,0,Medium Value,0.4111607142857142,Unsatisfied,High Loyalty,Low Risk,Adult,Low,No
3401,39,Female,Sunglasses,Accessories,51,Nevada,M,Lavender,Fall,4.8,No,Free Shipping,No,No,18,Venmo,Fortnightly,0,Low Value,0.37845663265306123,Satisfied,Medium Loyalty,Low Risk,Adult,Low,No
3402,44,Female,Backpack,Accessories,71,Nevada,L,Peach,Winter,3.4,No,Standard,No,No,39,Credit Card,Weekly,0,High Value,0.6695280612244898,Unsatisfied,High Loyalty,Low Risk,Mature,Low,Yes
3403,22,Female,Hoodie,Clothing,61,Louisiana,M,Black,Spring,4.4,No,2-Day Shipping,No,No,11,PayPal,Every 3 Months,0,Low Value,0.3418494897959184,Satisfied,Medium Loyalty,Low Risk,Young Adult,Low,No
3404,30,Female,Boots,Footwear,65,Illinois,M,Olive,Summer,3.9,No,Standard,No,No,1,Cash,Bi-Weekly,0,Low Value,0.378125,Unsatisfied,Low Loyalty,Low Risk,Adult,Low,No
3405,69,Female,Gloves,Accessories,34,South Carolina,L,Olive,Fall,3.9,No,2-Day Shipping,No,No,34,Credit Card,Annually,0,Low Value,0.28079081632653063,Unsatisfied,High Loyalty,Low Risk,Mature,Low,No
3406,28,Female,Blouse,Clothing,87,Washington,M,White,Summer,4.2,No,Store Pickup,No,No,47,Bank Transfer,Bi-Weekly,0,High Value,0.7835076530612246,Satisfied,High Loyalty,Low Risk,Adult,Low,Yes
3407,57,Female,Sweater,Clothing,79,Nebraska,M,Red,Spring,4.0,No,Store Pickup,No,No,24,Venmo,Quarterly,0,Medium Value,0.4976913265306123,Satisfied,Medium Loyalty,Low Risk,Mature,Low,No
3408,46,Female,Dress,Clothing,46,Alabama,S,Purple,Spring,2.6,No,Store Pickup,No,No,20,Cash,Quarterly,0,Low Value,0.287576530612245,Unsatisfied,Medium Loyalty,Low Risk,Mature,Low,No
3409,48,Female,Socks,Clothing,72,Montana,L,Purple,Summer,4.4,No,Standard,No,No,11,Bank Transfer,Annually,0,Low Value,0.3537244897959184,Satisfied,Medium Loyalty,Low Risk,Mature,Low,No
3410,24,Female,Shirt,Clothing,93,Minnesota,M,Teal,Summer,3.2,No,Next Day Air,No,No,3,Credit Card,Every 3 Months,0,Medium Value,0.4728698979591837,Unsatisfied,Low Loyalty,Low Risk,Young Adult,Low,No
3411,50,Female,Sandals,Footwear,76,Ohio,L,Teal,Summer,4.3,No,Free Shipping,No,No,38,Bank Transfer,Bi-Weekly,0,High Value,0.666530612244898,Satisfied,High Loyalty,Low Risk,Mature,Low,Yes
3412,29,Female,Shoes,Footwear,56,New York,L,Gray,Winter,4.9,No,2-Day Shipping,No,No,45,Cash,Weekly,0,High Value,0.6218877551020408,Satisfied,High Loyalty,Low Risk,Adult,Low,Yes
3413,61,Female,Sandals,Footwear,83,Indiana,M,Magenta,Fall,3.8,No,Store Pickup,No,No,31,Venmo,Quarterly,0,High Value,0.5630484693877551,Unsatisfied,High Loyalty,Low Risk,Mature,Low,Yes
3414,34,Female,Gloves,Accessories,90,Delaware,XL,Black,Winter,2.5,No,Express,No,No,16,PayPal,Bi-Weekly,0,High Value,0.6105867346938776,Unsatisfied,Medium Loyalty,Low Risk,Adult,Low,No
3415,27,Female,Boots,Footwear,94,Connecticut,M,Maroon,Spring,4.9,No,Next Day Air,No,No,3,Bank Transfer,Quarterly,0,Medium Value,0.4534948979591837,Satisfied,Low Loyalty,Low Risk,Adult,Low,No
3416,38,Female,Blouse,Clothing,68,New York,M,Gold,Fall,3.0,No,2-Day Shipping,No,No,15,Bank Transfer,Annually,0,Low Value,0.35571428571428576,Unsatisfied,Medium Loyalty,Low Risk,Adult,Low,No
3417,25,Female,Sandals,Footwear,53,Alabama,M,Purple,Spring,3.2,No,Store Pickup,No,No,11,Bank Transfer,Every 3 Months,0,Low Value,0.2968494897959184,Unsatisfied,Medium Loyalty,Low Risk,Young Adult,Low,No
3418,54,Female,Coat,Outerwear,35,Massachusetts,M,Blue,Summer,2.9,No,2-Day Shipping,No,No,22,Debit Card,Fortnightly,0,Low Value,0.3129464285714285,Unsatisfied,Medium Loyalty,Low Risk,Mature,Low,No
3419,53,Female,Jacket,Outerwear,30,South Carolina,M,Beige,Summer,2.8,No,Free Shipping,No,No,35,Debit Card,Annually,0,Low Value,0.2644132653061224,Unsatisfied,High Loyalty,Low Risk,Mature,Low,No
3420,23,Female,Jewelry,Accessories,26,West Virginia,L,Indigo,Winter,3.1,No,Store Pickup,No,No,5,Venmo,Bi-Weekly,0,Low Value,0.18323979591836737,Unsatisfied,Low Loyalty,Low Risk,Young Adult,Low,No
3421,19,Female,Hat,Accessories,60,Kentucky,M,Purple,Winter,3.4,No,Express,No,No,35,PayPal,Bi-Weekly,0,High Value,0.5581632653061224,Unsatisfied,High Loyalty,Low Risk,Young Adult,Low,Yes
3422,57,Female,Shoes,Footwear,30,New Jersey,M,Maroon,Summer,2.9,No,Free Shipping,No,No,27,PayPal,Weekly,0,Low Value,0.3654336734693877,Unsatisfied,High Loyalty,Low Risk,Mature,Low,No
3423,19,Female,Coat,Outerwear,91,New York,L,Beige,Winter,3.2,No,Next Day Air,No,No,9,Venmo,Monthly,0,Medium Value,0.5233545918367346,Unsatisfied,Medium Loyalty,Low Risk,Young Adult,Low,No
3424,33,Female,Boots,Footwear,71,Massachusetts,M,Brown,Spring,3.8,No,Next Day Air,No,No,21,PayPal,Bi-Weekly,0,Medium Value,0.5343239795918368,Unsatisfied,Medium Loyalty,Low Risk,Adult,Low,No
3425,33,Female,Scarf,Accessories,64,Florida,L,Green,Summer,3.6,No,2-Day Shipping,No,No,23,Credit Card,Monthly,0,Medium Value,0.4571938775510204,Unsatisfied,Medium Loyalty,Low Risk,Adult,Low,No
3426,38,Female,Hat,Accessories,54,Michigan,M,Blue,Summer,4.3,No,Next Day Air,No,No,3,Debit Card,Bi-Weekly,0,Low Value,0.32849489795918374,Satisfied,Low Loyalty,Low Risk,Adult,Low,No
3427,47,Female,Socks,Clothing,35,Oregon,XL,Magenta,Fall,4.8,No,2-Day Shipping,No,No,31,Credit Card,Annually,0,Low Value,0.26804846938775506,Satisfied,High Loyalty,Low Risk,Mature,Low,No
3428,39,Female,T-shirt,Clothing,38,Michigan,XL,Turquoise,Winter,2.5,No,Store Pickup,No,No,44,Cash,Annually,0,Low Value,0.3645153061224489,Unsatisfied,High Loyalty,Low Risk,Adult,Low,No
3429,32,Female,Jewelry,Accessories,69,Washington,M,Gray,Fall,2.5,No,Next Day Air,No,No,20,Venmo,Monthly,0,Medium Value,0.46695153061224487,Unsatisfied,Medium Loyalty,Low Risk,Adult,Low,No
3430,27,Female,Skirt,Clothing,96,Alaska,S,Purple,Winter,4.6,No,Express,No,No,34,Debit Card,Weekly,0,High Value,0.7795408163265307,Satisfied,High Loyalty,Low Risk,Adult,Low,Yes
3431,67,Female,Socks,Clothing,73,Montana,M,Lavender,Winter,4.2,No,Next Day Air,No,No,17,Bank Transfer,Every 3 Months,0,Medium Value,0.4460841836734694,Satisfied,Medium Loyalty,Low Risk,Mature,Low,No
3432,46,Female,Belt,Accessories,49,New Mexico,S,Green,Summer,4.2,No,Express,No,No,20,Venmo,Annually,0,Low Value,0.2794515306122449,Satisfied,Medium Loyalty,Low Risk,Mature,Low,No
3433,36,Female,Boots,Footwear,44,Connecticut,M,Gray,Summer,4.8,No,2-Day Shipping,No,No,46,PayPal,Every 3 Months,0,Medium Value,0.4605102040816326,Satisfied,High Loyalty,Low Risk,Adult,Low,No
3434,62,Female,Socks,Clothing,93,Alaska,M,Yellow,Spring,4.5,No,Free Shipping,No,No,28,PayPal,Annually,0,High Value,0.5759311224489796,Satisfied,High Loyalty,Low Risk,Mature,Low,Yes
3435,31,Female,Pants,Clothing,72,Ohio,S,Orange,Summer,3.3,No,2-Day Shipping,No,No,6,Venmo,Fortnightly,0,Medium Value,0.4231122448979592,Unsatisfied,Low Loyalty,Low Risk,Adult,Low,No
3436,68,Female,Socks,Clothing,91,Montana,M,Beige,Summer,2.7,No,2-Day Shipping,No,No,50,Debit Card,Bi-Weekly,0,High Value,0.824375,Unsatisfied,High Loyalty,Low Risk,Mature,Low,Yes
3437,57,Female,Belt,Accessories,83,Nebraska,L,Peach,Winter,2.8,No,2-Day Shipping,No,No,41,Bank Transfer,Monthly,0,High Value,0.6742729591836735,Unsatisfied,High Loyalty,Low Risk,Mature,Low,Yes
3438,22,Female,Jacket,Outerwear,62,Oklahoma,S,Green,Winter,3.5,No,2-Day Shipping,No,No,50,PayPal,Annually,0,Medium Value,0.53625,Unsatisfied,High Loyalty,Low Risk,Young Adult,Low,No
3439,26,Female,Shirt,Clothing,71,Kentucky,M,Violet,Fall,3.0,No,Store Pickup,No,No,33,Credit Card,Monthly,0,High Value,0.5577933673469387,Unsatisfied,High Loyalty,Low Risk,Adult,Low,Yes
3440,43,Female,Gloves,Accessories,93,Idaho,M,Gray,Summer,4.5,No,Express,No,No,25,Venmo,Quarterly,0,High Value,0.5825637755102041,Satisfied,Medium Loyalty,Low Risk,Mature,Low,No
3441,45,Female,Handbag,Accessories,63,Maryland,L,Magenta,Fall,4.3,No,2-Day Shipping,No,No,2,PayPal,Weekly,0,Medium Value,0.39799744897959183,Satisfied,Low Loyalty,Low Risk,Mature,Low,No
3442,64,Female,Sweater,Clothing,96,Tennessee,XL,Charcoal,Fall,4.1,No,Standard,No,No,15,Credit Card,Annually,0,Medium Value,0.5132142857142858,Satisfied,Medium Loyalty,Low Risk,Mature,Low,No
3443,28,Female,Skirt,Clothing,78,Michigan,M,Violet,Spring,4.3,No,Next Day Air,No,No,12,PayPal,Weekly,0,Medium Value,0.5435969387755102,Satisfied,Medium Loyalty,Low Risk,Adult,Low,No
3444,47,Female,Dress,Clothing,24,Tennessee,L,Silver,Summer,5.0,No,Free Shipping,No,No,28,Cash,Bi-Weekly,0,Low Value,0.3128061224489796,Satisfied,High Loyalty,Low Risk,Mature,Low,No
3445,53,Female,Pants,Clothing,63,Rhode Island,S,Green,Summer,3.8,No,2-Day Shipping,No,No,12,Bank Transfer,Bi-Weekly,0,Medium Value,0.43422193877551024,Unsatisfied,Medium Loyalty,Low Risk,Mature,Low,No
3446,42,Female,Hat,Accessories,58,Florida,M,Magenta,Fall,4.9,No,Standard,No,No,3,Debit Card,Annually,0,Low Value,0.22599489795918373,Satisfied,Low Loyalty,Low Risk,Mature,Low,No
3447,51,Female,Boots,Footwear,55,Louisiana,S,Purple,Spring,5.0,No,2-Day Shipping,No,No,20,Cash,Weekly,0,Medium Value,0.46320153061224484,Satisfied,Medium Loyalty,Low Risk,Mature,Low,No
3448,62,Female,Sandals,Footwear,58,Arkansas,M,Blue,Fall,4.3,No,Express,No,No,3,Bank Transfer,Bi-Weekly,0,Low Value,0.3509948979591837,Satisfied,Low Loyalty,Low Risk,Mature,Low,No
3449,18,Female,Coat,Outerwear,28,Kentucky,S,Yellow,Winter,4.1,No,Express,No,No,32,Bank Transfer,Fortnightly,0,Low Value,0.3347959183673469,Satisfied,High Loyalty,Low Risk,Young Adult,Low,No
3450,48,Female,Blouse,Clothing,37,Kansas,M,Brown,Spring,4.5,No,Standard,No,No,35,Cash,Monthly,0,Low Value,0.3787882653061225,Satisfied,High Loyalty,Low Risk,Mature,Low,No
3451,20,Female,Shorts,Clothing,78,Vermont,M,Pink,Spring,3.6,No,Store Pickup,No,No,31,PayPal,Monthly,0,High Value,0.5849234693877551,Unsatisfied,High Loyalty,Low Risk,Young Adult,Low,Yes
3452,32,Female,Blouse,Clothing,73,Nevada,XL,Silver,Fall,3.0,No,Free Shipping,No,No,13,Credit Card,Annually,0,Low Value,0.37159438775510206,Unsatisfied,Medium Loyalty,Low Risk,Adult,Low,No
3453,26,Female,Jacket,Outerwear,20,Oklahoma,M,Indigo,Spring,3.7,No,Next Day Air,No,No,3,Venmo,Fortnightly,0,Low Value,0.11224489795918366,Unsatisfied,Low Loyalty,Low Risk,Adult,Low,No
3454,31,Female,Shirt,Clothing,60,Alabama,L,Pink,Winter,4.3,No,Standard,No,No,48,Venmo,Bi-Weekly,0,High Value,0.6377551020408163,Satisfied,High Loyalty,Low Risk,Adult,Low,Yes
3455,55,Female,Handbag,Accessories,71,Louisiana,S,Lavender,Fall,4.6,No,Store Pickup,No,No,15,PayPal,Bi-Weekly,0,Medium Value,0.49758928571428573,Satisfied,Medium Loyalty,Low Risk,Mature,Low,No
3456,49,Female,T-shirt,Clothing,89,Ohio,M,Orange,Fall,4.7,No,Standard,No,No,13,Venmo,Annually,0,Medium Value,0.4615943877551021,Satisfied,Medium Loyalty,Low Risk,Mature,Low,No
3457,42,Female,Hoodie,Clothing,53,Texas,M,Red,Fall,4.6,No,Express,No,No,21,Venmo,Monthly,0,Low Value,0.38307397959183676,Satisfied,Medium Loyalty,Low Risk,Mature,Low,No
3458,64,Female,Jewelry,Accessories,87,Maryland,M,Gray,Summer,3.0,No,Express,No,No,29,Cash,Fortnightly,0,High Value,0.6483035714285714,Unsatisfied,High Loyalty,Low Risk,Mature,Low,Yes
3459,68,Female,Jewelry,Accessories,37,West Virginia,L,Violet,Spring,3.4,No,Standard,No,No,24,Venmo,Quarterly,0,Low Value,0.26144132653061225,Unsatisfied,Medium Loyalty,Low Risk,Mature,Low,No
3460,68,Female,Hoodie,Clothing,37,Ohio,L,Green,Fall,3.8,No,Express,No,No,21,PayPal,Annually,0,Low Value,0.21807397959183672,Unsatisfied,Medium Loyalty,Low Risk,Mature,Low,No
3461,41,Female,Scarf,Accessories,78,Indiana,M,Gold,Spring,3.1,No,Express,No,No,5,Bank Transfer,Bi-Weekly,0,Medium Value,0.4757397959183674,Unsatisfied,Low Loyalty,Low Risk,Mature,Low,No
3462,51,Female,Shoes,Footwear,23,Wyoming,S,Maroon,Spring,4.4,No,Standard,No,No,47,Cash,Quarterly,0,Low Value,0.32350765306122453,Satisfied,High Loyalty,Low Risk,Mature,Low,No
3463,44,Female,Jeans,Clothing,73,Michigan,L,Olive,Spring,4.5,No,Standard,No,No,34,Credit Card,Every 3 Months,0,Medium Value,0.5501658163265306,Satisfied,High Loyalty,Low Risk,Mature,Low,No
3464,27,Female,Jewelry,Accessories,27,Maine,M,Yellow,Fall,2.8,No,2-Day Shipping,No,No,45,PayPal,Fortnightly,0,Medium Value,0.40876275510204074,Unsatisfied,High Loyalty,Low Risk,Adult,Low,No
3465,36,Female,Coat,Outerwear,59,Utah,S,Peach,Winter,2.7,No,Next Day Air,No,No,12,PayPal,Annually,0,Low Value,0.2867219387755102,Unsatisfied,Medium Loyalty,Low Risk,Adult,Low,No
3466,19,Female,Backpack,Accessories,53,Iowa,M,Gold,Spring,3.4,No,Standard,No,No,31,Debit Card,Weekly,0,Medium Value,0.5192984693877551,Unsatisfied,High Loyalty,Low Risk,Young Adult,Low,No
3467,49,Female,Socks,Clothing,42,Maryland,S,Purple,Summer,4.6,No,Standard,No,No,43,Bank Transfer,Annually,0,Low Value,0.38089285714285714,Satisfied,High Loyalty,Low Risk,Mature,Low,No
3468,18,Female,Scarf,Accessories,45,Texas,M,Charcoal,Fall,5.0,No,Next Day Air,No,No,5,Credit Card,Annually,0,Low Value,0.16511479591836734,Satisfied,Low Loyalty,Low Risk,Young Adult,Low,No
3469,36,Female,Sunglasses,Accessories,89,Ohio,S,Indigo,Winter,3.5,No,Standard,No,No,36,Debit Card,Quarterly,0,High Value,0.6274107142857143,Unsatisfied,High Loyalty,Low Risk,Adult,Low,Yes
3470,36,Female,Socks,Clothing,85,North Dakota,L,Magenta,Fall,3.3,No,Store Pickup,No,No,12,Cash,Annually,0,Medium Value,0.4329719387755102,Unsatisfied,Medium Loyalty,Low Risk,Adult,Low,No
3471,19,Female,Coat,Outerwear,69,West Virginia,S,Olive,Summer,4.5,No,Free Shipping,No,No,31,Cash,Bi-Weekly,0,High Value,0.5842984693877551,Satisfied,High Loyalty,Low Risk,Young Adult,Low,Yes
3472,43,Female,Sandals,Footwear,66,North Carolina,S,Blue,Spring,3.1,No,Store Pickup,No,No,31,Cash,Bi-Weekly,0,High Value,0.5674234693877551,Unsatisfied,High Loyalty,Low Risk,Mature,Low,Yes
3473,31,Female,Blouse,Clothing,42,Georgia,S,White,Summer,4.0,No,Free Shipping,No,No,15,Debit Card,Weekly,0,Low Value,0.3594642857142857,Satisfied,Medium Loyalty,Low Risk,Adult,Low,No
3474,63,Female,Dress,Clothing,40,Kansas,M,Cyan,Spring,2.5,No,Express,No,No,11,Cash,Weekly,0,Low Value,0.32372448979591834,Unsatisfied,Medium Loyalty,Low Risk,Mature,Low,No
3475,41,Female,Pants,Clothing,82,Maine,M,Cyan,Winter,4.4,No,Store Pickup,No,No,18,Venmo,Monthly,0,Medium Value,0.5278316326530612,Satisfied,Medium Loyalty,Low Risk,Mature,Low,No
3476,48,Female,Sneakers,Footwear,88,South Carolina,M,Orange,Spring,4.4,No,Express,No,No,9,Cash,Quarterly,0,Medium Value,0.45647959183673475,Satisfied,Medium Loyalty,Low Risk,Mature,Low,No
3477,68,Female,Boots,Footwear,99,South Carolina,XL,Orange,Summer,3.2,No,Free Shipping,No,No,11,Cash,Weekly,0,High Value,0.6555994897959183,Unsatisfied,Medium Loyalty,Low Risk,Mature,Low,No
3478,53,Female,Handbag,Accessories,85,Kentucky,S,Teal,Spring,3.8,No,Store Pickup,No,No,38,Debit Card,Bi-Weekly,0,High Value,0.717155612244898,Unsatisfied,High Loyalty,Low Risk,Mature,Low,Yes
3479,36,Female,Handbag,Accessories,57,Arizona,M,Magenta,Fall,4.6,No,Store Pickup,No,No,42,PayPal,Quarterly,0,Medium Value,0.4841454081632653,Satisfied,High Loyalty,Low Risk,Adult,Low,No
3480,46,Female,Sweater,Clothing,56,New York,S,Orange,Summer,4.9,No,Standard,No,No,41,Cash,Monthly,0,Medium Value,0.5223979591836735,Satisfied,High Loyalty,Low Risk,Mature,Low,No
3481,21,Female,Sandals,Footwear,79,New Hampshire,L,Peach,Winter,3.5,No,Free Shipping,No,No,45,PayPal,Monthly,0,High Value,0.6762627551020408,Unsatisfied,High Loyalty,Low Risk,Young Adult,Low,Yes
3482,52,Female,Socks,Clothing,67,Ohio,S,Maroon,Summer,3.4,No,Store Pickup,No,No,41,Debit Card,Bi-Weekly,0,High Value,0.6342729591836734,Unsatisfied,High Loyalty,Low Risk,Mature,Low,Yes
3483,66,Female,Gloves,Accessories,61,Hawaii,M,Gold,Winter,3.9,No,Next Day Air,No,No,35,Debit Card,Weekly,0,High Value,0.5887882653061225,Unsatisfied,High Loyalty,Low Risk,Mature,Low,Yes
3484,19,Female,Hoodie,Clothing,37,Texas,L,White,Winter,3.9,No,Express,No,No,21,Credit Card,Every 3 Months,0,Low Value,0.2680739795918367,Unsatisfied,Medium Loyalty,Low Risk,Young Adult,Low,No
3485,44,Female,Dress,Clothing,75,Illinois,L,Gray,Fall,4.2,No,Free Shipping,No,No,13,Credit Card,Bi-Weekly,0,Medium Value,0.507844387755102,Satisfied,Medium Loyalty,Low Risk,Mature,Low,No
3486,50,Female,Shirt,Clothing,21,Massachusetts,XL,Brown,Winter,3.4,No,Standard,No,No,23,Debit Card,Fortnightly,0,Low Value,0.24031887755102038,Unsatisfied,Medium Loyalty,Low Risk,Mature,Low,No
3487,51,Female,Shorts,Clothing,89,North Carolina,L,Charcoal,Winter,4.9,No,Standard,No,No,6,PayPal,Weekly,0,High Value,0.5687372448979592,Satisfied,Low Loyalty,Low Risk,Mature,Low,No
3488,25,Female,Sandals,Footwear,24,West Virginia,L,Beige,Fall,2.9,No,Store Pickup,No,No,39,Bank Transfer,Annually,0,Low Value,0.2551530612244898,Unsatisfied,High Loyalty,Low Risk,Young Adult,Low,No
3489,62,Female,Sweater,Clothing,27,Delaware,XL,Teal,Spring,4.9,No,Store Pickup,No,No,7,Cash,Quarterly,0,Low Value,0.10110969387755103,Satisfied,Low Loyalty,Low Risk,Mature,Low,No
3490,48,Female,Dress,Clothing,26,Idaho,L,Black,Summer,4.6,No,2-Day Shipping,No,No,32,PayPal,Every 3 Months,0,Low Value,0.27354591836734693,Satisfied,High Loyalty,Low Risk,Mature,Low,No
3491,62,Female,Boots,Footwear,82,Oregon,M,Violet,Spring,3.6,No,Store Pickup,No,No,43,Credit Card,Quarterly,0,High Value,0.6308928571428573,Unsatisfied,High Loyalty,Low Risk,Mature,Low,Yes
3492,22,Female,Pants,Clothing,28,Maine,M,Orange,Winter,4.3,No,Express,No,No,15,Cash,Monthly,0,Low Value,0.20571428571428568,Satisfied,Medium Loyalty,Low Risk,Young Adult,Low,No
3493,48,Female,Gloves,Accessories,65,South Dakota,M,Turquoise,Fall,4.6,No,Standard,No,No,48,Bank Transfer,Annually,0,Medium Value,0.5408801020408163,Satisfied,High Loyalty,Low Risk,Mature,Low,No
3494,48,Female,Pants,Clothing,82,New Mexico,XL,Black,Winter,4.7,No,Store Pickup,No,No,35,Credit Card,Weekly,0,High Value,0.7069132653061225,Satisfied,High Loyalty,Low Risk,Mature,Low,Yes
3495,62,Female,Scarf,Accessories,38,Washington,M,Silver,Winter,3.5,No,Free Shipping,No,No,41,PayPal,Quarterly,0,Low Value,0.3711479591836735,Unsatisfied,High Loyalty,Low Risk,Mature,Low,No
3496,24,Female,Shorts,Clothing,33,Georgia,XL,Gray,Spring,2.8,No,Free Shipping,No,No,14,Cash,Weekly,0,Low Value,0.30271683673469385,Unsatisfied,Medium Loyalty,Low Risk,Young Adult,Low,No
3497,39,Female,Shoes,Footwear,38,Idaho,M,Pink,Summer,4.0,No,Free Shipping,No,No,22,PayPal,Monthly,0,Low Value,0.3048214285714286,Satisfied,Medium Loyalty,Low Risk,Adult,Low,No
3498,35,Female,Handbag,Accessories,48,Colorado,M,Red,Spring,4.3,No,Store Pickup,No,No,16,Venmo,Every 3 Months,0,Low Value,0.29933673469387756,Satisfied,Medium Loyalty,Low Risk,Adult,Low,No
3499,47,Female,Sandals,Footwear,35,Kentucky,M,Lavender,Summer,3.8,No,Standard,No,No,2,Bank Transfer,Bi-Weekly,0,Low Value,0.21549744897959183,Unsatisfied,Low Loyalty,Low Risk,Mature,Low,No
3500,22,Female,Socks,Clothing,29,New Jersey,L,Indigo,Fall,3.0,No,Next Day Air,No,No,13,PayPal,Every 3 Months,0,Low Value,0.17409438775510205,Unsatisfied,Medium Loyalty,Low Risk,Young Adult,Low,No
3501,38,Female,Shirt,Clothing,48,Oregon,S,Silver,Fall,4.6,No,Next Day Air,No,No,38,Debit Card,Fortnightly,0,Medium Value,0.48403061224489796,Satisfied,High Loyalty,Low Risk,Adult,Low,No
3502,53,Female,Shoes,Footwear,87,Nebraska,M,Silver,Fall,4.8,No,Standard,No,No,43,Bank Transfer,Weekly,0,High Value,0.7840178571428571,Satisfied,High Loyalty,Low Risk,Mature,Low,Yes
3503,31,Female,Backpack,Accessories,62,Massachusetts,M,Green,Fall,4.7,No,Next Day Air,No,No,26,Bank Transfer,Quarterly,0,Medium Value,0.41431122448979596,Satisfied,High Loyalty,Low Risk,Adult,Low,No
3504,31,Female,Shirt,Clothing,96,Nebraska,M,Pink,Spring,3.9,No,Free Shipping,No,No,39,Cash,Weekly,0,High Value,0.8101530612244898,Unsatisfied,High Loyalty,Low Risk,Adult,Low,Yes
3505,65,Female,Handbag,Accessories,41,Hawaii,S,Violet,Fall,4.0,No,Next Day Air,No,No,50,Venmo,Monthly,0,Medium Value,0.49312500000000004,Satisfied,High Loyalty,Low Risk,Mature,Low,No
3506,48,Female,Jewelry,Accessories,42,Indiana,L,Red,Winter,3.7,No,2-Day Shipping,No,No,40,Bank Transfer,Every 3 Months,0,Medium Value,0.41252551020408157,Unsatisfied,High Loyalty,Low Risk,Mature,Low,No
3507,18,Female,Shirt,Clothing,57,Illinois,L,Olive,Winter,3.7,No,2-Day Shipping,No,No,12,Cash,Fortnightly,0,Low Value,0.3754719387755102,Unsatisfied,Medium Loyalty,Low Risk,Young Adult,Low,No
3508,46,Female,Handbag,Accessories,65,Colorado,S,Purple,Spring,4.2,No,Store Pickup,No,No,33,Credit Card,Every 3 Months,0,Medium Value,0.4990433673469387,Satisfied,High Loyalty,Low Risk,Mature,Low,No
3509,52,Female,Pants,Clothing,54,Pennsylvania,M,Gray,Fall,4.7,No,Standard,No,No,49,Bank Transfer,Weekly,0,High Value,0.6351275510204082,Satisfied,High Loyalty,Low Risk,Mature,Low,Yes
3510,50,Female,T-shirt,Clothing,22,Ohio,L,Brown,Winter,4.3,No,Next Day Air,No,No,43,Venmo,Bi-Weekly,0,Low Value,0.3933928571428571,Satisfied,High Loyalty,Low Risk,Mature,Low,No
3511,49,Female,Sneakers,Footwear,96,Pennsylvania,S,Orange,Fall,4.9,No,2-Day Shipping,No,No,14,Venmo,Monthly,0,High Value,0.5820918367346939,Satisfied,Medium Loyalty,Low Risk,Mature,Low,No
3512,69,Female,Jewelry,Accessories,81,Mississippi,M,Blue,Summer,3.9,No,2-Day Shipping,No,No,21,Credit Card,Every 3 Months,0,Medium Value,0.5155739795918367,Unsatisfied,Medium Loyalty,Low Risk,Mature,Low,No
3513,36,Female,Shirt,Clothing,46,Kentucky,M,White,Fall,3.4,No,Free Shipping,No,No,31,Debit Card,Quarterly,0,Low Value,0.3549234693877551,Unsatisfied,High Loyalty,Low Risk,Adult,Low,No
3514,30,Female,Blouse,Clothing,74,Alaska,XL,Charcoal,Spring,4.2,No,Store Pickup,No,No,29,Credit Card,Fortnightly,0,High Value,0.5751785714285714,Satisfied,High Loyalty,Low Risk,Adult,Low,Yes
3515,25,Female,Sneakers,Footwear,50,Georgia,XL,Gray,Winter,4.7,No,Express,No,No,32,Cash,Monthly,0,Medium Value,0.43354591836734696,Satisfied,High Loyalty,Low Risk,Young Adult,Low,No
3516,19,Female,Dress,Clothing,80,South Dakota,XL,Charcoal,Winter,4.0,No,Next Day Air,No,No,16,Debit Card,Bi-Weekly,0,High Value,0.5543367346938776,Satisfied,Medium Loyalty,Low Risk,Young Adult,Low,No
3517,34,Female,Boots,Footwear,56,South Carolina,S,White,Summer,4.0,No,Free Shipping,No,No,38,PayPal,Bi-Weekly,0,High Value,0.5540306122448979,Satisfied,High Loyalty,Low Risk,Adult,Low,Yes
3518,29,Female,Skirt,Clothing,69,Tennessee,M,Orange,Winter,3.1,No,Next Day Air,No,No,34,Debit Card,Every 3 Months,0,Medium Value,0.5276658163265306,Unsatisfied,High Loyalty,Low Risk,Adult,Low,No
3519,50,Female,Shirt,Clothing,97,Colorado,M,Black,Spring,4.2,No,Standard,No,No,30,PayPal,Quarterly,0,High Value,0.6356760204081634,Satisfied,High Loyalty,Low Risk,Mature,Low,Yes
3520,31,Female,Shorts,Clothing,66,Wisconsin,M,White,Winter,3.7,No,Next Day Air,No,No,14,Bank Transfer,Fortnightly,0,Medium Value,0.43834183673469385,Unsatisfied,Medium Loyalty,Low Risk,Adult,Low,No
3521,41,Female,Hat,Accessories,70,Georgia,S,Brown,Spring,3.1,No,Express,No,No,33,Bank Transfer,Monthly,0,Medium Value,0.5521683673469387,Unsatisfied,High Loyalty,Low Risk,Mature,Low,No
3522,52,Female,Shoes,Footwear,50,Maryland,M,Pink,Winter,3.7,No,Store Pickup,No,No,35,Venmo,Weekly,0,Medium Value,0.5269132653061224,Unsatisfied,High Loyalty,Low Risk,Mature,Low,No
3523,27,Female,Pants,Clothing,85,New Jersey,M,Yellow,Spring,3.2,No,Store Pickup,No,No,13,Cash,Quarterly,0,Medium Value,0.4640943877551021,Unsatisfied,Medium Loyalty,Low Risk,Adult,Low,No
3524,49,Female,Backpack,Accessories,59,Nevada,M,Cyan,Summer,2.8,No,Standard,No,No,30,Cash,Fortnightly,0,Medium Value,0.49692602040816325,Unsatisfied,High Loyalty,Low Risk,Mature,Low,No
3525,69,Female,Pants,Clothing,74,Michigan,L,Silver,Summer,2.9,No,Free Shipping,No,No,30,Credit Card,Monthly,0,High Value,0.5563010204081632,Unsatisfied,High Loyalty,Low Risk,Mature,Low,Yes
3526,45,Female,Sunglasses,Accessories,38,Wyoming,L,Olive,Winter,3.5,No,Standard,No,No,47,Bank Transfer,Annually,0,Low Value,0.3828826530612245,Unsatisfied,High Loyalty,Low Risk,Mature,Low,No
3527,20,Female,Sweater,Clothing,99,Massachusetts,M,Olive,Spring,3.8,No,Express,No,No,1,PayPal,Every 3 Months,0,Medium Value,0.494375,Unsatisfied,Low Loyalty,Low Risk,Young Adult,Low,No
3528,25,Female,Blouse,Clothing,97,Washington,S,Charcoal,Spring,4.7,No,Free Shipping,No,No,1,Cash,Weekly,0,High Value,0.5831250000000001,Satisfied,Low Loyalty,Low Risk,Young Adult,Low,No
3529,38,Female,Scarf,Accessories,67,Maine,L,Gray,Summer,4.5,No,Free Shipping,No,No,33,PayPal,Annually,0,Medium Value,0.4602933673469388,Satisfied,High Loyalty,Low Risk,Adult,Low,No
3530,55,Female,T-shirt,Clothing,20,Montana,S,Maroon,Winter,3.9,No,Next Day Air,No,No,43,Bank Transfer,Weekly,0,Medium Value,0.4071428571428571,Unsatisfied,High Loyalty,Low Risk,Mature,Low,No
3531,62,Female,Sunglasses,Accessories,45,Oklahoma,L,Black,Spring,3.4,No,Express,No,No,37,PayPal,Weekly,0,Medium Value,0.511033163265306,Unsatisfied,High Loyalty,Low Risk,Mature,Low,No
3532,54,Female,Shoes,Footwear,52,North Dakota,XL,Violet,Winter,4.6,No,2-Day Shipping,No,No,23,Cash,Quarterly,0,Low Value,0.33969387755102043,Satisfied,Medium Loyalty,Low Risk,Mature,Low,No
3533,61,Female,Pants,Clothing,68,Connecticut,L,Indigo,Fall,4.6,No,Standard,No,No,12,Credit Card,Annually,0,Low Value,0.33734693877551025,Satisfied,Medium Loyalty,Low Risk,Mature,Low,No
3534,50,Female,Sneakers,Footwear,98,Texas,L,Yellow,Fall,4.7,No,Standard,No,No,30,Venmo,Fortnightly,0,High Value,0.7163010204081632,Satisfied,High Loyalty,Low Risk,Mature,Low,Yes
3535,65,Female,Shoes,Footwear,83,Delaware,M,Gray,Fall,3.2,No,Express,No,No,7,Cash,Weekly,0,Medium Value,0.541109693877551,Unsatisfied,Low Loyalty,Low Risk,Mature,Low,No
3536,68,Female,Shorts,Clothing,51,Mississippi,M,Red,Summer,5.0,No,Express,No,No,20,Debit Card,Monthly,0,Low Value,0.3657015306122449,Satisfied,Medium Loyalty,Low Risk,Mature,Low,No
3537,55,Female,Handbag,Accessories,21,Minnesota,L,Peach,Spring,4.5,No,Express,No,No,10,Venmo,Monthly,0,Low Value,0.13572704081632653,Satisfied,Medium Loyalty,Low Risk,Mature,Low,No
3538,57,Female,Handbag,Accessories,92,Georgia,M,Gray,Spring,3.5,No,Standard,No,No,40,Credit Card,Every 3 Months,0,High Value,0.6937755102040817,Unsatisfied,High Loyalty,Low Risk,Mature,Low,Yes
3539,56,Female,Shoes,Footwear,63,Iowa,S,White,Spring,4.5,No,Store Pickup,No,No,21,Venmo,Monthly,0,Medium Value,0.4393239795918368,Satisfied,Medium Loyalty,Low Risk,Mature,Low,No
3540,29,Female,Jewelry,Accessories,56,New York,S,Green,Spring,3.2,No,Express,No,No,17,Credit Card,Bi-Weekly,0,Medium Value,0.4254591836734694,Unsatisfied,Medium Loyalty,Low Risk,Adult,Low,No
3541,24,Female,Shorts,Clothing,95,Nevada,M,Magenta,Spring,4.6,No,Free Shipping,No,No,5,Bank Transfer,Weekly,0,High Value,0.5963647959183673,Satisfied,Low Loyalty,Low Risk,Young Adult,Low,No
3542,59,Female,Blouse,Clothing,66,Virginia,M,Olive,Winter,4.0,No,Next Day Air,No,No,22,PayPal,Annually,0,Low Value,0.3873214285714286,Satisfied,Medium Loyalty,Low Risk,Mature,Low,No
3543,62,Female,Coat,Outerwear,28,Idaho,S,Olive,Spring,4.2,No,Express,No,No,5,Venmo,Weekly,0,Low Value,0.21948979591836731,Satisfied,Low Loyalty,Low Risk,Mature,Low,No
3544,58,Female,Hat,Accessories,83,Colorado,M,Blue,Winter,4.1,No,Standard,No,No,18,PayPal,Every 3 Months,0,Medium Value,0.5084566326530613,Satisfied,Medium Loyalty,Low Risk,Mature,Low,No
3545,64,Female,Socks,Clothing,55,Wisconsin,XL,Charcoal,Fall,3.6,No,2-Day Shipping,No,No,42,Cash,Every 3 Months,0,Medium Value,0.4978954081632652,Unsatisfied,High Loyalty,Low Risk,Mature,Low,No
3546,48,Female,Sandals,Footwear,28,Connecticut,M,Yellow,Spring,3.7,No,2-Day Shipping,No,No,22,Debit Card,Annually,0,Low Value,0.17357142857142854,Unsatisfied,Medium Loyalty,Low Risk,Mature,Low,No
3547,60,Female,Scarf,Accessories,79,Kansas,M,Violet,Summer,3.6,No,Free Shipping,No,No,37,Bank Transfer,Bi-Weekly,0,High Value,0.6772831632653061,Unsatisfied,High Loyalty,Low Risk,Mature,Low,Yes
3548,52,Female,Scarf,Accessories,31,Pennsylvania,L,Magenta,Summer,3.8,No,Standard,No,No,23,Credit Card,Annually,0,Low Value,0.1965688775510204,Unsatisfied,Medium Loyalty,Low Risk,Mature,Low,No
3549,63,Female,Blouse,Clothing,37,Utah,M,Red,Fall,3.0,No,Standard,No,No,47,Debit Card,Fortnightly,0,Medium Value,0.4772576530612245,Unsatisfied,High Loyalty,Low Risk,Mature,Low,No
3550,44,Female,T-shirt,Clothing,34,Oregon,M,Cyan,Summer,3.4,No,2-Day Shipping,No,No,11,Bank Transfer,Fortnightly,0,Low Value,0.2399744897959184,Unsatisfied,Medium Loyalty,Low Risk,Mature,Low,No
3551,63,Female,Shoes,Footwear,74,West Virginia,S,Orange,Winter,4.8,No,Standard,No,No,32,Cash,Weekly,0,High Value,0.6435459183673469,Satisfied,High Loyalty,Low Risk,Mature,Low,Yes
3552,66,Female,Gloves,Accessories,31,Montana,L,Black,Spring,2.6,No,Store Pickup,No,No,20,Venmo,Weekly,0,Low Value,0.3282015306122449,Unsatisfied,Medium Loyalty,Low Risk,Mature,Low,No
3553,22,Female,Sunglasses,Accessories,66,Kentucky,M,Blue,Winter,2.9,No,Next Day Air,No,No,3,PayPal,Quarterly,0,Low Value,0.2959948979591837,Unsatisfied,Low Loyalty,Low Risk,Young Adult,Low,No
3554,62,Female,Shoes,Footwear,99,Minnesota,M,Charcoal,Spring,4.9,No,Free Shipping,No,No,32,Bank Transfer,Weekly,0,High Value,0.7841709183673469,Satisfied,High Loyalty,Low Risk,Mature,Low,Yes
3555,39,Female,Dress,Clothing,55,Louisiana,M,Indigo,Spring,5.0,No,Free Shipping,No,No,5,Credit Card,Fortnightly,0,Low Value,0.3213647959183673,Satisfied,Low Loyalty,Low Risk,Adult,Low,No
3556,25,Female,Blouse,Clothing,23,Delaware,L,Silver,Spring,4.6,No,Next Day Air,No,No,45,Cash,Quarterly,0,Low Value,0.3112627551020408,Satisfied,High Loyalty,Low Risk,Young Adult,Low,No
3557,70,Female,Sweater,Clothing,88,Arizona,M,Brown,Fall,4.2,No,Express,No,No,43,Cash,Bi-Weekly,0,High Value,0.7646428571428572,Satisfied,High Loyalty,Low Risk,Mature,Low,Yes
3558,52,Female,Jacket,Outerwear,26,Nevada,M,Peach,Summer,4.9,No,Next Day Air,No,No,1,PayPal,Every 3 Months,0,Low Value,0.08375000000000002,Satisfied,Low Loyalty,Low Risk,Mature,Low,No
3559,68,Female,Backpack,Accessories,94,Alaska,L,Magenta,Summer,4.8,No,Standard,No,No,9,Venmo,Quarterly,0,Medium Value,0.4902295918367347,Satisfied,Medium Loyalty,Low Risk,Mature,Low,No
3560,18,Female,Shorts,Clothing,25,Utah,M,Beige,Fall,3.0,No,Next Day Air,No,No,13,Venmo,Every 3 Months,0,Low Value,0.15159438775510203,Unsatisfied,Medium Loyalty,Low Risk,Young Adult,Low,No
3561,18,Female,Socks,Clothing,96,Kansas,XL,Violet,Fall,3.5,No,Express,No,No,5,Credit Card,Annually,0,Medium Value,0.45198979591836747,Unsatisfied,Low Loyalty,Low Risk,Young Adult,Low,No
3562,63,Female,Sneakers,Footwear,29,North Carolina,L,Black,Spring,3.4,No,Standard,No,No,39,Credit Card,Fortnightly,0,Low Value,0.38327806122448976,Unsatisfied,High Loyalty,Low Risk,Mature,Low,No
3563,47,Female,Sneakers,Footwear,36,Maryland,M,Cyan,Winter,3.4,No,Free Shipping,No,No,7,Bank Transfer,Weekly,0,Low Value,0.276734693877551,Unsatisfied,Low Loyalty,Low Risk,Mature,Low,No
3564,43,Female,Blouse,Clothing,90,Maine,M,Green,Summer,4.9,No,Standard,No,No,8,Credit Card,Every 3 Months,0,Medium Value,0.48660714285714285,Satisfied,Medium Loyalty,Low Risk,Mature,Low,No
3565,60,Female,Gloves,Accessories,38,Illinois,S,Brown,Summer,4.4,No,Free Shipping,No,No,40,Venmo,Annually,0,Low Value,0.3400255102040816,Satisfied,High Loyalty,Low Risk,Mature,Low,No
3566,49,Female,Handbag,Accessories,52,Pennsylvania,S,Gray,Spring,4.2,No,Store Pickup,No,No,35,PayPal,Monthly,0,Medium Value,0.46316326530612245,Satisfied,High Loyalty,Low Risk,Mature,Low,No
3567,28,Female,Jeans,Clothing,88,Alaska,S,Orange,Spring,3.1,No,Next Day Air,No,No,14,Venmo,Monthly,0,Medium Value,0.5370918367346939,Unsatisfied,Medium Loyalty,Low Risk,Adult,Low,No
3568,32,Female,Scarf,Accessories,56,New Mexico,S,Silver,Summer,4.0,No,Next Day Air,No,No,26,Credit Card,Monthly,0,Medium Value,0.43056122448979595,Satisfied,High Loyalty,Low Risk,Adult,Low,No
3569,29,Female,Sandals,Footwear,71,Arkansas,M,Purple,Spring,4.8,No,Next Day Air,No,No,14,PayPal,Quarterly,0,Low Value,0.39146683673469396,Satisfied,Medium Loyalty,Low Risk,Adult,Low,No
3570,35,Female,Sandals,Footwear,94,Alaska,M,Olive,Fall,3.3,No,Express,No,No,9,Bank Transfer,Fortnightly,0,High Value,0.5652295918367347,Unsatisfied,Medium Loyalty,Low Risk,Adult,Low,No
3571,23,Female,Dress,Clothing,97,Louisiana,XL,Teal,Winter,4.7,No,Standard,No,No,32,Debit Card,Annually,0,High Value,0.622920918367347,Satisfied,High Loyalty,Low Risk,Young Adult,Low,Yes
3572,70,Female,Skirt,Clothing,27,North Dakota,M,White,Summer,3.2,No,Standard,No,No,15,Bank Transfer,Every 3 Months,0,Low Value,0.17508928571428573,Unsatisfied,Medium Loyalty,Low Risk,Mature,Low,No
3573,23,Female,Shorts,Clothing,28,Rhode Island,M,Black,Spring,5.0,No,Standard,No,No,25,Credit Card,Monthly,0,Low Value,0.26693877551020406,Satisfied,Medium Loyalty,Low Risk,Young Adult,Low,No
3574,43,Female,Jeans,Clothing,67,Connecticut,L,Maroon,Fall,4.9,No,Free Shipping,No,No,27,PayPal,Monthly,0,Medium Value,0.49855867346938776,Satisfied,High Loyalty,Low Risk,Mature,Low,No
3575,29,Female,Socks,Clothing,70,New York,M,Cyan,Fall,4.9,No,Express,No,No,39,Bank Transfer,Quarterly,0,Medium Value,0.5389030612244897,Satisfied,High Loyalty,Low Risk,Adult,Low,No
3576,61,Female,Coat,Outerwear,95,Kentucky,M,Violet,Fall,3.7,No,Express,No,No,49,Venmo,Bi-Weekly,0,High Value,0.8407525510204081,Unsatisfied,High Loyalty,Low Risk,Mature,Low,Yes
3577,29,Female,Boots,Footwear,24,Maine,L,Yellow,Spring,3.0,No,Express,No,No,12,Venmo,Bi-Weekly,0,Low Value,0.21484693877551023,Unsatisfied,Medium Loyalty,Low Risk,Adult,Low,No
3578,66,Female,Belt,Accessories,35,Missouri,S,Yellow,Winter,2.6,No,Standard,No,No,13,Bank Transfer,Weekly,0,Low Value,0.30784438775510203,Unsatisfied,Medium Loyalty,Low Risk,Mature,Low,No
3579,46,Female,Shoes,Footwear,22,Georgia,L,Olive,Winter,2.6,No,Standard,No,No,22,Bank Transfer,Quarterly,0,Low Value,0.16482142857142854,Unsatisfied,Medium Loyalty,Low Risk,Mature,Low,No
3580,34,Female,Scarf,Accessories,66,Arizona,L,Olive,Fall,4.8,No,Standard,No,No,19,Credit Card,Every 3 Months,0,Medium Value,0.4189540816326531,Satisfied,Medium Loyalty,Low Risk,Adult,Low,No
3581,51,Female,Blouse,Clothing,83,New Hampshire,M,Magenta,Summer,3.2,No,2-Day Shipping,No,No,3,Cash,Bi-Weekly,0,Medium Value,0.4916198979591837,Unsatisfied,Low Loyalty,Low Risk,Mature,Low,No
3582,26,Female,Dress,Clothing,95,Georgia,M,Orange,Fall,4.9,No,Next Day Air,No,No,50,Credit Card,Weekly,0,High Value,0.871875,Satisfied,High Loyalty,Low Risk,Adult,Low,Yes
3583,23,Female,Shorts,Clothing,41,California,S,Beige,Summer,3.4,No,2-Day Shipping,No,No,15,PayPal,Annually,0,Low Value,0.20383928571428572,Unsatisfied,Medium Loyalty,Low Risk,Young Adult,Low,No
3584,52,Female,Blouse,Clothing,77,Arizona,L,Brown,Summer,2.7,No,Store Pickup,No,No,44,Credit Card,Every 3 Months,0,High Value,0.633890306122449,Unsatisfied,High Loyalty,Low Risk,Mature,Low,Yes
3585,39,Female,Sneakers,Footwear,52,Florida,L,Indigo,Fall,4.8,No,Express,No,No,48,Debit Card,Monthly,0,Medium Value,0.5427551020408162,Satisfied,High Loyalty,Low Risk,Adult,Low,No
3586,39,Female,Gloves,Accessories,41,New York,XL,Gray,Winter,4.1,No,Standard,No,No,4,Venmo,Bi-Weekly,0,Low Value,0.26149234693877554,Satisfied,Low Loyalty,Low Risk,Adult,Low,No
3587,33,Female,Hoodie,Clothing,28,Idaho,M,Yellow,Winter,4.6,No,Store Pickup,No,No,12,PayPal,Bi-Weekly,0,Low Value,0.23734693877551022,Satisfied,Medium Loyalty,Low Risk,Adult,Low,No
3588,33,Female,Sweater,Clothing,90,Virginia,S,Violet,Summer,4.4,No,Standard,No,No,33,Debit Card,Annually,0,High Value,0.5896683673469387,Satisfied,High Loyalty,Low Risk,Adult,Low,Yes
3589,23,Female,Sunglasses,Accessories,55,Michigan,M,Magenta,Spring,3.5,No,2-Day Shipping,No,No,40,Cash,Annually,0,Medium Value,0.4356505102040816,Unsatisfied,High Loyalty,Low Risk,Young Adult,Low,No
3590,31,Female,Belt,Accessories,73,New Hampshire,M,Blue,Spring,4.8,No,Next Day Air,No,No,38,Cash,Every 3 Months,0,High Value,0.574655612244898,Satisfied,High Loyalty,Low Risk,Adult,Low,Yes
3591,27,Female,Dress,Clothing,87,South Dakota,M,Gray,Fall,2.9,No,2-Day Shipping,No,No,19,Venmo,Every 3 Months,0,Medium Value,0.5370790816326532,Unsatisfied,Medium Loyalty,Low Risk,Adult,Low,No
3592,48,Female,Jacket,Outerwear,89,South Dakota,M,Gold,Winter,3.2,No,2-Day Shipping,No,No,38,Bank Transfer,Quarterly,0,High Value,0.639655612244898,Unsatisfied,High Loyalty,Low Risk,Mature,Low,Yes
3593,61,Female,Boots,Footwear,82,New Jersey,L,Lavender,Spring,4.4,No,2-Day Shipping,No,No,18,Venmo,Fortnightly,0,Medium Value,0.5528316326530612,Satisfied,Medium Loyalty,Low Risk,Mature,Low,No
3594,63,Female,Sandals,Footwear,80,Wyoming,M,Black,Spring,4.6,No,Next Day Air,No,No,24,PayPal,Monthly,0,Medium Value,0.5533163265306122,Satisfied,Medium Loyalty,Low Risk,Mature,Low,No
3595,19,Female,Scarf,Accessories,87,Alabama,L,Charcoal,Summer,2.6,No,2-Day Shipping,No,No,29,Venmo,Quarterly,0,High Value,0.5733035714285715,Unsatisfied,High Loyalty,Low Risk,Young Adult,Low,Yes
3596,21,Female,Blouse,Clothing,41,South Dakota,M,Violet,Spring,3.1,No,Store Pickup,No,No,14,PayPal,Annually,0,Low Value,0.1977168367346939,Unsatisfied,Medium Loyalty,Low Risk,Young Adult,Low,No
3597,28,Female,Hoodie,Clothing,83,South Carolina,M,Charcoal,Spring,4.3,No,Standard,No,No,44,Cash,Fortnightly,0,High Value,0.7176403061224489,Satisfied,High Loyalty,Low Risk,Adult,Low,Yes
3598,29,Female,Sunglasses,Accessories,71,New Mexico,M,Maroon,Summer,3.1,No,Standard,No,No,18,Bank Transfer,Quarterly,0,Medium Value,0.41595663265306126,Unsatisfied,Medium Loyalty,Low Risk,Adult,Low,No
3599,23,Female,Hoodie,Clothing,76,Connecticut,XL,Purple,Spring,4.6,No,Store Pickup,No,No,19,Bank Transfer,Bi-Weekly,0,Medium Value,0.5502040816326531,Satisfied,Medium Loyalty,Low Risk,Young Adult,Low,No
3600,37,Female,Scarf,Accessories,34,Kansas,S,Peach,Spring,4.6,No,Express,No,No,4,Cash,Weekly,0,Low Value,0.24711734693877552,Satisfied,Low Loyalty,Low Risk,Adult,Low,No
3601,67,Female,Dress,Clothing,81,South Carolina,XL,Olive,Spring,2.7,No,Free Shipping,No,No,25,Cash,Bi-Weekly,0,High Value,0.6150637755102041,Unsatisfied,Medium Loyalty,Low Risk,Mature,Low,No
3602,34,Female,T-shirt,Clothing,47,North Carolina,M,Indigo,Summer,3.0,No,Next Day Air,No,No,3,PayPal,Monthly,0,Low Value,0.2391198979591837,Unsatisfied,Low Loyalty,Low Risk,Adult,Low,No
3603,58,Female,Skirt,Clothing,36,Wyoming,S,Magenta,Summer,3.3,No,Store Pickup,No,No,40,Debit Card,Quarterly,0,Low Value,0.3537755102040816,Unsatisfied,High Loyalty,Low Risk,Mature,Low,No
3604,45,Female,Jeans,Clothing,51,Louisiana,M,Gold,Spring,2.7,No,Free Shipping,No,No,5,Cash,Weekly,0,Low Value,0.34886479591836733,Unsatisfied,Low Loyalty,Low Risk,Mature,Low,No
3605,63,Female,Hoodie,Clothing,86,Louisiana,M,Orange,Fall,3.3,No,Standard,No,No,17,Debit Card,Annually,0,Medium Value,0.46920918367346937,Unsatisfied,Medium Loyalty,Low Risk,Mature,Low,No
3606,68,Female,Jeans,Clothing,41,Alabama,M,Gold,Fall,4.3,No,Store Pickup,No,No,36,Bank Transfer,Every 3 Months,0,Low Value,0.38241071428571427,Satisfied,High Loyalty,Low Risk,Mature,Low,No
3607,41,Female,Sandals,Footwear,90,Minnesota,XL,Purple,Fall,4.8,No,Express,No,No,41,Venmo,Annually,0,High Value,0.6386479591836735,Satisfied,High Loyalty,Low Risk,Mature,Low,Yes
3608,50,Female,Hat,Accessories,93,New Mexico,L,Charcoal,Fall,3.3,No,Standard,No,No,20,Venmo,Bi-Weekly,0,High Value,0.651951530612245,Unsatisfied,Medium Loyalty,Low Risk,Mature,Low,No
3609,24,Female,Gloves,Accessories,56,Tennessee,M,Cyan,Fall,4.3,No,Next Day Air,No,No,2,Cash,Every 3 Months,0,Low Value,0.25862244897959186,Satisfied,Low Loyalty,Low Risk,Young Adult,Low,No
3610,21,Female,Socks,Clothing,39,New Mexico,M,Cyan,Summer,3.0,No,2-Day Shipping,No,No,31,Debit Card,Monthly,0,Low Value,0.3655484693877551,Unsatisfied,High Loyalty,Low Risk,Young Adult,Low,No
3611,18,Female,Jacket,Outerwear,86,Texas,XL,Green,Fall,4.8,No,2-Day Shipping,No,No,23,Bank Transfer,Fortnightly,0,High Value,0.6059438775510203,Satisfied,Medium Loyalty,Low Risk,Young Adult,Low,No
3612,63,Female,T-shirt,Clothing,82,Washington,M,Silver,Spring,2.9,No,Standard,No,No,30,Credit Card,Annually,0,Medium Value,0.5263010204081633,Unsatisfied,High Loyalty,Low Risk,Mature,Low,No
3613,47,Female,Sandals,Footwear,29,Michigan,M,Teal,Summer,3.6,No,Standard,No,No,26,Cash,Every 3 Months,0,Low Value,0.25368622448979594,Unsatisfied,High Loyalty,Low Risk,Mature,Low,No
3614,58,Female,Hat,Accessories,27,Minnesota,M,Magenta,Fall,3.5,No,Store Pickup,No,No,40,Venmo,Annually,0,Low Value,0.2781505102040816,Unsatisfied,High Loyalty,Low Risk,Mature,Low,No
3615,46,Female,Gloves,Accessories,25,Delaware,L,Maroon,Spring,4.7,No,2-Day Shipping,No,No,19,Bank Transfer,Annually,0,Low Value,0.13832908163265306,Satisfied,Medium Loyalty,Low Risk,Mature,Low,No
3616,35,Female,Dress,Clothing,31,California,M,Gold,Winter,4.4,No,Free Shipping,No,No,4,Credit Card,Monthly,0,Low Value,0.15524234693877553,Satisfied,Low Loyalty,Low Risk,Adult,Low,No
3617,42,Female,Hoodie,Clothing,23,Wisconsin,L,Purple,Winter,3.3,No,Store Pickup,No,No,33,Debit Card,Fortnightly,0,Low Value,0.31279336734693874,Unsatisfied,High Loyalty,Low Risk,Mature,Low,No
3618,48,Female,Belt,Accessories,47,Kentucky,M,Lavender,Fall,4.3,No,Express,No,No,29,Debit Card,Monthly,0,Medium Value,0.3983035714285714,Satisfied,High Loyalty,Low Risk,Mature,Low,No
3619,28,Female,Gloves,Accessories,67,Nevada,M,Maroon,Fall,4.0,No,2-Day Shipping,No,No,47,PayPal,Bi-Weekly,0,High Value,0.6710076530612246,Satisfied,High Loyalty,Low Risk,Adult,Low,Yes
3620,44,Female,Scarf,Accessories,75,North Carolina,S,Magenta,Winter,4.9,No,2-Day Shipping,No,No,50,Venmo,Weekly,0,High Value,0.7593749999999999,Satisfied,High Loyalty,Low Risk,Mature,Low,Yes
3621,60,Female,Sandals,Footwear,82,Louisiana,M,Turquoise,Summer,2.9,No,Express,No,No,28,Credit Card,Fortnightly,0,High Value,0.6140561224489797,Unsatisfied,High Loyalty,Low Risk,Mature,Low,Yes
3622,38,Female,Sneakers,Footwear,32,New Jersey,XL,Silver,Summer,4.0,No,2-Day Shipping,No,No,5,Cash,Fortnightly,0,Low Value,0.19198979591836735,Satisfied,Low Loyalty,Low Risk,Adult,Low,No
3623,46,Female,Dress,Clothing,41,Wisconsin,M,Purple,Fall,4.3,No,Store Pickup,No,No,12,Credit Card,Annually,0,Low Value,0.18547193877551024,Satisfied,Medium Loyalty,Low Risk,Mature,Low,No
3624,39,Female,Jewelry,Accessories,89,Arkansas,M,Violet,Winter,2.7,No,2-Day Shipping,No,No,4,PayPal,Weekly,0,High Value,0.5564923469387755,Unsatisfied,Low Loyalty,Low Risk,Adult,Low,No
3625,22,Female,Hat,Accessories,82,Texas,XL,Peach,Fall,5.0,No,Store Pickup,No,No,22,Bank Transfer,Bi-Weekly,0,High Value,0.6023214285714286,Satisfied,Medium Loyalty,Low Risk,Young Adult,Low,No
3626,44,Female,Scarf,Accessories,99,Illinois,L,Green,Winter,4.4,No,Express,No,No,32,PayPal,Weekly,0,High Value,0.7841709183673469,Satisfied,High Loyalty,Low Risk,Mature,Low,Yes
3627,69,Female,Blouse,Clothing,98,Mississippi,L,Teal,Fall,3.5,No,Express,No,No,32,Venmo,Quarterly,0,High Value,0.653545918367347,Unsatisfied,High Loyalty,Low Risk,Mature,Low,Yes
3628,39,Female,Belt,Accessories,54,Delaware,M,Silver,Winter,3.3,No,Next Day Air,No,No,48,Cash,Every 3 Months,0,Medium Value,0.5290051020408163,Unsatisfied,High Loyalty,Low Risk,Adult,Low,No
3629,53,Female,Blouse,Clothing,88,Georgia,L,Purple,Summer,3.8,No,Free Shipping,No,No,35,Credit Card,Monthly,0,High Value,0.6656632653061224,Unsatisfied,High Loyalty,Low Risk,Mature,Low,Yes
3630,52,Female,T-shirt,Clothing,43,Kansas,L,Lavender,Summer,4.5,No,Standard,No,No,44,Debit Card,Fortnightly,0,Medium Value,0.4926403061224489,Satisfied,High Loyalty,Low Risk,Mature,Low,No
3631,65,Female,Hat,Accessories,73,Oklahoma,M,Lavender,Winter,4.8,No,Store Pickup,No,No,29,Cash,Weekly,0,High Value,0.6195535714285714,Satisfied,High Loyalty,Low Risk,Mature,Low,Yes
3632,48,Female,Hat,Accessories,50,New Jersey,M,Peach,Fall,2.9,No,Store Pickup,No,No,26,Credit Card,Monthly,0,Medium Value,0.39681122448979594,Unsatisfied,High Loyalty,Low Risk,Mature,Low,No
3633,27,Female,Sneakers,Footwear,73,Utah,L,Green,Spring,3.2,No,Express,No,No,3,Debit Card,Quarterly,0,Low Value,0.3353698979591837,Unsatisfied,Low Loyalty,Low Risk,Adult,Low,No
3634,39,Female,Gloves,Accessories,51,Montana,M,Orange,Spring,2.8,No,Free Shipping,No,No,1,Bank Transfer,Bi-Weekly,0,Low Value,0.29937500000000006,Unsatisfied,Low Loyalty,Low Risk,Adult,Low,No
3635,59,Female,Socks,Clothing,22,Ohio,M,Pink,Winter,3.3,No,Standard,No,No,17,PayPal,Annually,0,Low Value,0.10920918367346939,Unsatisfied,Medium Loyalty,Low Risk,Mature,Low,No
3636,52,Female,Sandals,Footwear,32,Colorado,L,Cyan,Fall,3.3,No,Free Shipping,No,No,17,Credit Card,Fortnightly,0,Low Value,0.2654591836734694,Unsatisfied,Medium Loyalty,Low Risk,Mature,Low,No
3637,50,Female,Sandals,Footwear,38,California,L,Lavender,Summer,4.2,No,2-Day Shipping,No,No,36,Cash,Weekly,0,Medium Value,0.4655357142857142,Satisfied,High Loyalty,Low Risk,Mature,Low,No
3638,32,Female,Boots,Footwear,66,Utah,L,Yellow,Winter,3.6,No,Express,No,No,32,Credit Card,Fortnightly,0,Medium Value,0.5485459183673469,Unsatisfied,High Loyalty,Low Risk,Adult,Low,No
3639,40,Female,Backpack,Accessories,20,Kansas,M,Olive,Spring,4.6,No,Express,No,No,50,PayPal,Bi-Weekly,0,Medium Value,0.425,Satisfied,High Loyalty,Low Risk,Adult,Low,No
3640,26,Female,Coat,Outerwear,44,Illinois,M,Brown,Summer,3.6,No,2-Day Shipping,No,No,39,Venmo,Annually,0,Low Value,0.3676530612244898,Unsatisfied,High Loyalty,Low Risk,Adult,Low,No
3641,47,Female,Sunglasses,Accessories,31,Minnesota,L,Pink,Spring,4.0,No,Next Day Air,No,No,17,PayPal,Monthly,0,Low Value,0.23483418367346937,Satisfied,Medium Loyalty,Low Risk,Mature,Low,No
3642,51,Female,Jacket,Outerwear,45,New York,M,Cyan,Fall,2.7,No,Free Shipping,No,No,39,Bank Transfer,Every 3 Months,0,Medium Value,0.42327806122448974,Unsatisfied,High Loyalty,Low Risk,Mature,Low,No
3643,47,Female,Dress,Clothing,71,Arizona,L,Maroon,Summer,4.4,No,Store Pickup,No,No,5,PayPal,Annually,0,Low Value,0.3113647959183674,Satisfied,Low Loyalty,Low Risk,Mature,Low,No
3644,53,Female,Scarf,Accessories,96,Tennessee,XL,Magenta,Fall,3.2,No,Standard,No,No,47,Debit Card,Annually,0,High Value,0.7091326530612245,Unsatisfied,High Loyalty,Low Risk,Mature,Low,Yes
3645,35,Female,Blouse,Clothing,32,Arkansas,M,Violet,Winter,2.6,No,Next Day Air,No,No,18,Venmo,Weekly,0,Low Value,0.32158163265306117,Unsatisfied,Medium Loyalty,Low Risk,Adult,Low,No
3646,38,Female,Backpack,Accessories,90,Colorado,L,Silver,Summer,3.4,No,Free Shipping,No,No,31,Credit Card,Every 3 Months,0,High Value,0.6274234693877551,Unsatisfied,High Loyalty,Low Risk,Adult,Low,Yes
3647,69,Female,Jewelry,Accessories,68,Nevada,M,Maroon,Spring,5.0,No,2-Day Shipping,No,No,39,Debit Card,Fortnightly,0,High Value,0.6026530612244898,Satisfied,High Loyalty,Low Risk,Mature,Low,Yes
3648,47,Female,Shorts,Clothing,45,Kansas,M,Gray,Winter,2.9,No,Store Pickup,No,No,12,Bank Transfer,Weekly,0,Low Value,0.35797193877551015,Unsatisfied,Medium Loyalty,Low Risk,Mature,Low,No
3649,31,Female,Skirt,Clothing,67,New York,M,White,Winter,5.0,No,Free Shipping,No,No,45,Cash,Bi-Weekly,0,High Value,0.6587627551020407,Satisfied,High Loyalty,Low Risk,Adult,Low,Yes
3650,68,Female,Skirt,Clothing,57,Minnesota,M,Brown,Fall,4.4,No,Standard,No,No,33,Credit Card,Fortnightly,0,Medium Value,0.5040433673469388,Satisfied,High Loyalty,Low Risk,Mature,Low,No
3651,51,Female,Jeans,Clothing,60,Ohio,M,Silver,Summer,3.5,No,2-Day Shipping,No,No,3,PayPal,Annually,0,Low Value,0.2372448979591837,Unsatisfied,Low Loyalty,Low Risk,Mature,Low,No
3652,20,Female,Handbag,Accessories,32,Arizona,M,Yellow,Spring,3.8,No,Express,No,No,5,Venmo,Every 3 Months,0,Low Value,0.14198979591836736,Unsatisfied,Low Loyalty,Low Risk,Young Adult,Low,No
3653,27,Female,Handbag,Accessories,29,Kentucky,S,Magenta,Fall,3.8,No,Store Pickup,No,No,23,Debit Card,Monthly,0,Low Value,0.2603188775510204,Unsatisfied,Medium Loyalty,Low Risk,Adult,Low,No
3654,67,Female,Coat,Outerwear,20,Minnesota,M,Blue,Spring,3.9,No,Next Day Air,No,No,39,Credit Card,Fortnightly,0,Low Value,0.33265306122448973,Unsatisfied,High Loyalty,Low Risk,Mature,Low,No
3655,21,Female,Jewelry,Accessories,98,Arkansas,M,Green,Winter,3.3,No,Next Day Air,No,No,10,Credit Card,Annually,0,Medium Value,0.49385204081632655,Unsatisfied,Medium Loyalty,Low Risk,Young Adult,Low,No
3656,20,Female,Sweater,Clothing,27,Wyoming,M,Yellow,Fall,2.9,No,Next Day Air,No,No,4,Credit Card,Bi-Weekly,0,Low Value,0.18274234693877553,Unsatisfied,Low Loyalty,Low Risk,Young Adult,Low,No
3657,35,Female,Jacket,Outerwear,67,North Dakota,XL,Cyan,Spring,3.7,No,2-Day Shipping,No,No,18,Credit Card,Monthly,0,Medium Value,0.44345663265306123,Unsatisfied,Medium Loyalty,Low Risk,Adult,Low,No
3658,58,Female,Shoes,Footwear,82,Alabama,L,Gold,Winter,3.7,No,Express,No,No,1,Debit Card,Every 3 Months,0,Medium Value,0.39875000000000005,Unsatisfied,Low Loyalty,Low Risk,Mature,Low,No
3659,28,Female,T-shirt,Clothing,72,Mississippi,M,Magenta,Fall,4.6,No,Standard,No,No,18,PayPal,Fortnightly,0,Medium Value,0.4965816326530612,Satisfied,Medium Loyalty,Low Risk,Adult,Low,No
3660,27,Female,Sandals,Footwear,77,Illinois,S,Gray,Fall,4.9,No,Store Pickup,No,No,46,Bank Transfer,Annually,0,High Value,0.5961352040816326,Satisfied,High Loyalty,Low Risk,Adult,Low,Yes
3661,19,Female,Shoes,Footwear,74,Arkansas,L,Indigo,Winter,3.1,No,2-Day Shipping,No,No,13,Bank Transfer,Fortnightly,0,Medium Value,0.47721938775510203,Unsatisfied,Medium Loyalty,Low Risk,Young Adult,Low,No
3662,63,Female,Sandals,Footwear,39,Kansas,S,White,Winter,3.5,No,Next Day Air,No,No,5,Credit Card,Fortnightly,0,Low Value,0.23136479591836734,Unsatisfied,Low Loyalty,Low Risk,Mature,Low,No
3663,69,Female,Shorts,Clothing,80,Rhode Island,M,Indigo,Spring,4.9,No,Next Day Air,No,No,11,Debit Card,Weekly,0,Medium Value,0.5487244897959184,Satisfied,Medium Loyalty,Low Risk,Mature,Low,No
3664,65,Female,Backpack,Accessories,59,Florida,M,Green,Summer,4.4,No,Express,No,No,49,Credit Card,Weekly,0,High Value,0.6632525510204081,Satisfied,High Loyalty,Low Risk,Mature,Low,Yes
3665,63,Female,Jacket,Outerwear,68,Missouri,M,Turquoise,Fall,4.4,No,Store Pickup,No,No,1,Debit Card,Fortnightly,0,Low Value,0.37000000000000005,Satisfied,Low Loyalty,Low Risk,Mature,Low,No
3666,28,Female,Socks,Clothing,77,North Carolina,M,Peach,Fall,3.4,No,Next Day Air,No,No,11,Credit Card,Quarterly,0,Medium Value,0.4068494897959184,Unsatisfied,Medium Loyalty,Low Risk,Adult,Low,No
3667,67,Female,Jewelry,Accessories,50,Alabama,M,Olive,Winter,3.0,No,2-Day Shipping,No,No,47,Cash,Every 3 Months,0,Medium Value,0.5003826530612245,Unsatisfied,High Loyalty,Low Risk,Mature,Low,No
3668,51,Female,Pants,Clothing,45,Washington,L,Cyan,Fall,2.6,No,Next Day Air,No,No,20,Venmo,Monthly,0,Low Value,0.33195153061224486,Unsatisfied,Medium Loyalty,Low Risk,Mature,Low,No
3669,59,Female,Blouse,Clothing,71,Michigan,XL,Magenta,Summer,3.2,No,Store Pickup,No,No,18,Venmo,Annually,0,Low Value,0.39095663265306124,Unsatisfied,Medium Loyalty,Low Risk,Mature,Low,No
3670,25,Female,Socks,Clothing,52,Washington,S,Silver,Fall,4.6,No,Store Pickup,No,No,43,PayPal,Quarterly,0,Medium Value,0.4621428571428572,Satisfied,High Loyalty,Low Risk,Young Adult,Low,No
3671,31,Female,Shoes,Footwear,50,Vermont,S,White,Winter,3.8,No,Free Shipping,No,No,4,PayPal,Every 3 Months,0,Low Value,0.2371173469387755,Unsatisfied,Low Loyalty,Low Risk,Adult,Low,No
3672,62,Female,Handbag,Accessories,66,Illinois,L,Pink,Summer,4.8,No,2-Day Shipping,No,No,20,Venmo,Quarterly,0,Medium Value,0.4000765306122449,Satisfied,Medium Loyalty,Low Risk,Mature,Low,No
3673,51,Female,Sandals,Footwear,81,New York,S,Pink,Fall,4.5,No,Free Shipping,No,No,7,PayPal,Monthly,0,Medium Value,0.45485969387755104,Satisfied,Low Loyalty,Low Risk,Mature,Low,No
3674,32,Female,Socks,Clothing,28,Rhode Island,M,Pink,Summer,4.2,No,2-Day Shipping,No,No,31,Bank Transfer,Fortnightly,0,Low Value,0.32867346938775505,Satisfied,High Loyalty,Low Risk,Adult,Low,No
3675,35,Female,Handbag,Accessories,65,Washington,M,Blue,Winter,2.7,No,2-Day Shipping,No,No,41,Venmo,Fortnightly,0,High Value,0.5980229591836734,Unsatisfied,High Loyalty,Low Risk,Adult,Low,Yes
3676,70,Female,Hat,Accessories,80,Virginia,M,White,Winter,4.5,No,Express,No,No,3,Bank Transfer,Monthly,0,Medium Value,0.4247448979591837,Satisfied,Low Loyalty,Low Risk,Mature,Low,No
3677,19,Female,Jewelry,Accessories,94,Wisconsin,S,Teal,Spring,4.9,No,Free Shipping,No,No,16,PayPal,Monthly,0,High Value,0.5830867346938775,Satisfied,Medium Loyalty,Low Risk,Young Adult,Low,No
3678,32,Female,Backpack,Accessories,30,Michigan,M,Gray,Fall,2.8,No,Standard,No,No,43,Cash,Annually,0,Low Value,0.31339285714285714,Unsatisfied,High Loyalty,Low Risk,Adult,Low,No
3679,56,Female,Shirt,Clothing,45,Texas,S,Beige,Fall,3.5,No,Standard,No,No,29,Bank Transfer,Fortnightly,0,Medium Value,0.41205357142857135,Unsatisfied,High Loyalty,Low Risk,Mature,Low,No
3680,53,Female,Coat,Outerwear,91,Idaho,M,Violet,Summer,2.5,No,Store Pickup,No,No,5,Cash,Bi-Weekly,0,Medium Value,0.5488647959183673,Unsatisfied,Low Loyalty,Low Risk,Mature,Low,No
3681,22,Female,Sunglasses,Accessories,36,Iowa,S,Blue,Winter,2.9,No,Standard,No,No,30,Debit Card,Quarterly,0,Low Value,0.2925510204081633,Unsatisfied,High Loyalty,Low Risk,Young Adult,Low,No
3682,26,Female,Gloves,Accessories,73,Connecticut,XL,Magenta,Fall,4.2,No,Next Day Air,No,No,33,Debit Card,Monthly,0,High Value,0.5690433673469387,Satisfied,High Loyalty,Low Risk,Adult,Low,Yes
3683,42,Female,Shirt,Clothing,60,Wyoming,M,Maroon,Fall,4.6,No,Store Pickup,No,No,46,Venmo,Bi-Weekly,0,High Value,0.6255102040816326,Satisfied,High Loyalty,Low Risk,Mature,Low,Yes
3684,30,Female,Socks,Clothing,77,Mississippi,M,Purple,Winter,3.0,No,Free Shipping,No,No,17,Venmo,Fortnightly,0,Medium Value,0.5185841836734694,Unsatisfied,Medium Loyalty,Low Risk,Adult,Low,No
3685,29,Female,Skirt,Clothing,86,Pennsylvania,L,Charcoal,Spring,4.4,No,Free Shipping,No,No,47,Credit Card,Bi-Weekly,0,High Value,0.7778826530612244,Satisfied,High Loyalty,Low Risk,Adult,Low,Yes
3686,47,Female,Shorts,Clothing,42,Tennessee,L,Red,Summer,2.6,No,Standard,No,No,17,Cash,Bi-Weekly,0,Low Value,0.34670918367346937,Unsatisfied,Medium Loyalty,Low Risk,Mature,Low,No
3687,59,Female,Sandals,Footwear,70,Louisiana,M,Charcoal,Spring,4.8,No,Free Shipping,No,No,17,Cash,Bi-Weekly,0,Medium Value,0.5042091836734695,Satisfied,Medium Loyalty,Low Risk,Mature,Low,No
3688,34,Female,Shirt,Clothing,44,Arkansas,L,Lavender,Summer,2.9,No,Next Day Air,No,No,28,Bank Transfer,Every 3 Months,0,Low Value,0.3503061224489796,Unsatisfied,High Loyalty,Low Risk,Adult,Low,No
3689,52,Female,Sunglasses,Accessories,91,West Virginia,L,White,Spring,3.0,No,Next Day Air,No,No,8,Cash,Monthly,0,Medium Value,0.5172321428571428,Unsatisfied,Medium Loyalty,Low Risk,Mature,Low,No
3690,47,Female,Jewelry,Accessories,30,South Carolina,L,Red,Fall,4.5,No,Standard,No,No,8,Bank Transfer,Quarterly,0,Low Value,0.12410714285714285,Satisfied,Medium Loyalty,Low Risk,Mature,Low,No
3691,24,Female,Blouse,Clothing,23,Kansas,S,Violet,Fall,3.7,No,Store Pickup,No,No,4,Bank Transfer,Bi-Weekly,0,Low Value,0.16024234693877554,Unsatisfied,Low Loyalty,Low Risk,Young Adult,Low,No
3692,63,Female,Sandals,Footwear,21,Michigan,XL,Orange,Summer,4.8,No,Next Day Air,No,No,24,PayPal,Weekly,0,Low Value,0.2964413265306122,Satisfied,Medium Loyalty,Low Risk,Mature,Low,No
3693,59,Female,Coat,Outerwear,34,Alabama,L,Turquoise,Spring,4.8,No,Free Shipping,No,No,29,Cash,Fortnightly,0,Low Value,0.3501785714285714,Satisfied,High Loyalty,Low Risk,Mature,Low,No
3694,66,Female,Blouse,Clothing,46,South Dakota,M,Violet,Summer,4.7,No,2-Day Shipping,No,No,10,Venmo,Weekly,0,Low Value,0.35135204081632654,Satisfied,Medium Loyalty,Low Risk,Mature,Low,No
3695,45,Female,Sweater,Clothing,41,Rhode Island,M,Blue,Winter,2.6,No,Express,No,No,11,PayPal,Bi-Weekly,0,Low Value,0.30434948979591836,Unsatisfied,Medium Loyalty,Low Risk,Mature,Low,No
3696,38,Female,Skirt,Clothing,33,Florida,M,White,Fall,4.6,No,Standard,No,No,18,Bank Transfer,Fortnightly,0,Low Value,0.2772066326530612,Satisfied,Medium Loyalty,Low Risk,Adult,Low,No
3697,63,Female,Blouse,Clothing,48,Connecticut,L,Turquoise,Fall,3.4,No,Next Day Air,No,No,26,Bank Transfer,Annually,0,Low Value,0.31056122448979595,Unsatisfied,High Loyalty,Low Risk,Mature,Low,No
3698,55,Female,Hoodie,Clothing,66,Pennsylvania,L,Pink,Winter,3.0,No,Standard,No,No,39,Cash,Weekly,0,High Value,0.6414030612244898,Unsatisfied,High Loyalty,Low Risk,Mature,Low,Yes
3699,25,Female,Skirt,Clothing,54,California,XL,Maroon,Spring,4.0,No,2-Day Shipping,No,No,4,Venmo,Annually,0,Low Value,0.20961734693877554,Satisfied,Low Loyalty,Low Risk,Young Adult,Low,No
3700,51,Female,Backpack,Accessories,55,Oklahoma,M,Olive,Fall,2.6,No,Store Pickup,No,No,24,Bank Transfer,Weekly,0,Medium Value,0.4876913265306122,Unsatisfied,Medium Loyalty,Low Risk,Mature,Low,No
3701,28,Female,Handbag,Accessories,84,North Dakota,XL,Charcoal,Summer,3.4,No,Store Pickup,No,No,2,Bank Transfer,Every 3 Months,0,Medium Value,0.4161224489795919,Unsatisfied,Low Loyalty,Low Risk,Adult,Low,No
3702,46,Female,Sandals,Footwear,66,New Mexico,M,Charcoal,Spring,4.5,No,Store Pickup,No,No,36,Cash,Annually,0,Medium Value,0.4730357142857143,Satisfied,High Loyalty,Low Risk,Mature,Low,No
3703,58,Female,Shoes,Footwear,65,South Carolina,M,Indigo,Spring,2.7,No,Store Pickup,No,No,36,Venmo,Weekly,0,High Value,0.6174107142857141,Unsatisfied,High Loyalty,Low Risk,Mature,Low,Yes
3704,30,Female,Sandals,Footwear,83,Michigan,S,Teal,Fall,2.9,No,Standard,No,No,23,PayPal,Every 3 Months,0,Medium Value,0.5390688775510205,Unsatisfied,Medium Loyalty,Low Risk,Adult,Low,No
3705,68,Female,Sunglasses,Accessories,61,Missouri,L,Black,Winter,4.0,No,Store Pickup,No,No,36,Credit Card,Quarterly,0,Medium Value,0.4699107142857143,Satisfied,High Loyalty,Low Risk,Mature,Low,No
3706,28,Female,Skirt,Clothing,65,Colorado,L,Teal,Summer,3.2,No,Free Shipping,No,No,2,Debit Card,Annually,0,Low Value,0.25924744897959184,Unsatisfied,Low Loyalty,Low Risk,Adult,Low,No
3707,26,Female,Sandals,Footwear,55,Kansas,M,Green,Spring,4.0,No,Store Pickup,No,No,17,Cash,Bi-Weekly,0,Medium Value,0.41983418367346936,Satisfied,Medium Loyalty,Low Risk,Adult,Low,No
3708,35,Female,Gloves,Accessories,79,Illinois,M,Gold,Fall,3.4,No,2-Day Shipping,No,No,19,Venmo,Weekly,0,High Value,0.5920790816326531,Unsatisfied,Medium Loyalty,Low Risk,Adult,Low,No
3709,40,Female,Hoodie,Clothing,96,South Carolina,M,Red,Fall,4.9,No,Express,No,No,41,PayPal,Monthly,0,High Value,0.7473979591836735,Satisfied,High Loyalty,Low Risk,Adult,Low,Yes
3710,31,Female,Socks,Clothing,43,Utah,M,Silver,Fall,3.6,No,Free Shipping,No,No,27,PayPal,Quarterly,0,Low Value,0.3135586734693877,Unsatisfied,High Loyalty,Low Risk,Adult,Low,No
3711,60,Female,Jewelry,Accessories,40,Hawaii,M,Yellow,Summer,3.6,No,2-Day Shipping,No,No,32,Bank Transfer,Fortnightly,0,Medium Value,0.4022959183673469,Unsatisfied,High Loyalty,Low Risk,Mature,Low,No
3712,69,Female,Hat,Accessories,62,Texas,XL,Peach,Fall,3.2,No,Free Shipping,No,No,33,Cash,Annually,0,Medium Value,0.43216836734693875,Unsatisfied,High Loyalty,Low Risk,Mature,Low,No
3713,51,Female,Blouse,Clothing,72,Oregon,M,Turquoise,Spring,3.7,No,2-Day Shipping,No,No,24,PayPal,Quarterly,0,Medium Value,0.4583163265306123,Unsatisfied,Medium Loyalty,Low Risk,Mature,Low,No
3714,49,Female,Shoes,Footwear,87,Arizona,M,Peach,Spring,2.6,No,Express,No,No,31,Debit Card,Every 3 Months,0,High Value,0.6105484693877552,Unsatisfied,High Loyalty,Low Risk,Mature,Low,Yes
3715,18,Female,Hat,Accessories,31,New York,S,Peach,Winter,3.9,No,Express,No,No,35,Credit Card,Weekly,0,Medium Value,0.42003826530612237,Unsatisfied,High Loyalty,Low Risk,Young Adult,Low,No
3716,63,Female,Sunglasses,Accessories,34,Nebraska,S,Orange,Fall,3.4,No,Free Shipping,No,No,2,Bank Transfer,Monthly,0,Low Value,0.15987244897959185,Unsatisfied,Low Loyalty,Low Risk,Mature,Low,No
3717,57,Female,Shirt,Clothing,53,Vermont,M,Charcoal,Fall,3.4,No,Next Day Air,No,No,42,Debit Card,Every 3 Months,0,Medium Value,0.4866454081632653,Unsatisfied,High Loyalty,Low Risk,Mature,Low,No
3718,45,Female,T-shirt,Clothing,85,Maryland,XL,White,Summer,4.2,No,Express,No,No,47,Bank Transfer,Every 3 Months,0,High Value,0.6972576530612246,Satisfied,High Loyalty,Low Risk,Mature,Low,Yes
3719,36,Female,Pants,Clothing,50,Tennessee,L,Turquoise,Fall,2.9,No,Standard,No,No,44,Bank Transfer,Bi-Weekly,0,High Value,0.557015306122449,Unsatisfied,High Loyalty,Low Risk,Adult,Low,Yes
3720,20,Female,Pants,Clothing,91,Pennsylvania,M,Red,Summer,4.1,No,Free Shipping,No,No,8,Bank Transfer,Every 3 Months,0,Medium Value,0.49223214285714284,Satisfied,Medium Loyalty,Low Risk,Young Adult,Low,No
3721,21,Female,Hat,Accessories,56,South Carolina,M,Peach,Fall,3.6,No,Free Shipping,No,No,13,Credit Card,Quarterly,0,Low Value,0.30096938775510207,Unsatisfied,Medium Loyalty,Low Risk,Young Adult,Low,No
3722,62,Female,Coat,Outerwear,60,Connecticut,L,Pink,Fall,4.0,No,Next Day Air,No,No,10,Cash,Annually,0,Low Value,0.2801020408163265,Satisfied,Medium Loyalty,Low Risk,Mature,Low,No
3723,23,Female,Jacket,Outerwear,34,Kentucky,XL,Yellow,Fall,4.0,No,Standard,No,No,1,Credit Card,Fortnightly,0,Low Value,0.17875000000000002,Satisfied,Low Loyalty,Low Risk,Young Adult,Low,No
3724,26,Female,Sandals,Footwear,30,Rhode Island,M,Beige,Spring,3.6,No,Free Shipping,No,No,1,Debit Card,Monthly,0,Low Value,0.13125,Unsatisfied,Low Loyalty,Low Risk,Adult,Low,No
3725,30,Female,Gloves,Accessories,71,Colorado,L,Green,Winter,3.1,No,Express,No,No,18,Bank Transfer,Annually,0,Low Value,0.39095663265306124,Unsatisfied,Medium Loyalty,Low Risk,Adult,Low,No
3726,18,Female,Dress,Clothing,100,Oklahoma,S,Turquoise,Winter,4.4,No,Next Day Air,No,No,2,PayPal,Annually,0,Medium Value,0.45612244897959187,Satisfied,Low Loyalty,Low Risk,Young Adult,Low,No
3727,47,Female,Belt,Accessories,85,Idaho,XL,Orange,Fall,4.3,No,Next Day Air,No,No,36,Debit Card,Every 3 Months,0,High Value,0.6299107142857143,Satisfied,High Loyalty,Low Risk,Mature,Low,Yes
3728,41,Female,Socks,Clothing,83,Maine,M,Gold,Summer,3.5,No,Next Day Air,No,No,17,Debit Card,Bi-Weekly,0,High Value,0.5773341836734694,Unsatisfied,Medium Loyalty,Low Risk,Mature,Low,No
3729,62,Female,Jacket,Outerwear,31,Vermont,L,Red,Winter,3.0,No,Standard,No,No,1,Debit Card,Annually,0,Low Value,0.061875000000000006,Unsatisfied,Low Loyalty,Low Risk,Mature,Low,No
3730,28,Female,Boots,Footwear,82,Rhode Island,M,Teal,Spring,4.7,No,2-Day Shipping,No,No,50,Cash,Quarterly,0,High Value,0.6737500000000001,Satisfied,High Loyalty,Low Risk,Adult,Low,Yes
3731,46,Female,Shirt,Clothing,79,Florida,M,Teal,Summer,2.5,No,2-Day Shipping,No,No,3,Credit Card,Bi-Weekly,0,Medium Value,0.4691198979591837,Unsatisfied,Low Loyalty,Low Risk,Mature,Low,No
3732,54,Female,Hat,Accessories,62,West Virginia,M,Lavender,Spring,3.1,No,2-Day Shipping,No,No,45,PayPal,Quarterly,0,Medium Value,0.5306377551020408,Unsatisfied,High Loyalty,Low Risk,Mature,Low,No
3733,36,Female,Shoes,Footwear,92,Indiana,L,Pink,Spring,3.3,No,Free Shipping,No,No,28,PayPal,Annually,0,High Value,0.5703061224489796,Unsatisfied,High Loyalty,Low Risk,Adult,Low,Yes
3734,25,Female,Socks,Clothing,58,Illinois,M,Maroon,Fall,4.7,No,Next Day Air,No,No,6,Debit Card,Every 3 Months,0,Low Value,0.29436224489795926,Satisfied,Low Loyalty,Low Risk,Young Adult,Low,No
3735,38,Female,Hoodie,Clothing,88,California,M,Beige,Spring,3.4,No,Next Day Air,No,No,33,Debit Card,Every 3 Months,0,High Value,0.6284183673469389,Unsatisfied,High Loyalty,Low Risk,Adult,Low,Yes
3736,38,Female,Sandals,Footwear,44,Massachusetts,L,Orange,Spring,3.1,No,2-Day Shipping,No,No,29,PayPal,Annually,0,Low Value,0.30642857142857144,Unsatisfied,High Loyalty,Low Risk,Adult,Low,No
3737,42,Female,Jeans,Clothing,56,Idaho,M,Red,Spring,4.6,No,Store Pickup,No,No,2,PayPal,Every 3 Months,0,Low Value,0.25862244897959186,Satisfied,Low Loyalty,Low Risk,Mature,Low,No
3738,19,Female,Jewelry,Accessories,23,Kentucky,S,Maroon,Winter,4.9,No,Free Shipping,No,No,43,PayPal,Bi-Weekly,0,Medium Value,0.39901785714285715,Satisfied,High Loyalty,Low Risk,Young Adult,Low,No
3739,34,Female,Shorts,Clothing,45,Delaware,M,Brown,Spring,2.7,No,Free Shipping,No,No,48,Cash,Fortnightly,0,Medium Value,0.5283801020408163,Unsatisfied,High Loyalty,Low Risk,Adult,Low,No
3740,38,Female,Sunglasses,Accessories,31,Idaho,M,Olive,Fall,4.2,No,Free Shipping,No,No,43,Credit Card,Weekly,0,Medium Value,0.4690178571428571,Satisfied,High Loyalty,Low Risk,Adult,Low,No
3741,42,Female,Pants,Clothing,96,Virginia,M,Silver,Summer,2.6,No,Store Pickup,No,No,26,Debit Card,Bi-Weekly,0,High Value,0.705561224489796,Unsatisfied,High Loyalty,Low Risk,Mature,Low,Yes
3742,58,Female,Shirt,Clothing,96,Arizona,M,Purple,Spring,3.2,No,2-Day Shipping,No,No,26,Debit Card,Bi-Weekly,0,High Value,0.705561224489796,Unsatisfied,High Loyalty,Low Risk,Mature,Low,Yes
3743,56,Female,Shirt,Clothing,80,Maryland,M,Gray,Fall,4.4,No,Standard,No,No,50,Credit Card,Bi-Weekly,0,High Value,0.7625,Satisfied,High Loyalty,Low Risk,Mature,Low,Yes
3744,62,Female,Pants,Clothing,28,Idaho,L,Cyan,Fall,3.6,No,Free Shipping,No,No,36,Debit Card,Quarterly,0,Low Value,0.2842857142857143,Unsatisfied,High Loyalty,Low Risk,Mature,Low,No
3745,24,Female,Hoodie,Clothing,51,New Jersey,M,Gray,Summer,2.7,No,Next Day Air,No,No,26,Bank Transfer,Fortnightly,0,Medium Value,0.4274362244897959,Unsatisfied,High Loyalty,Low Risk,Young Adult,Low,No
3746,60,Female,Socks,Clothing,41,Washington,L,Gold,Spring,4.3,No,Express,No,No,2,Debit Card,Monthly,0,Low Value,0.19924744897959187,Satisfied,Low Loyalty,Low Risk,Mature,Low,No
3747,53,Female,Coat,Outerwear,99,Idaho,XL,Cyan,Summer,2.6,No,Next Day Air,No,No,49,PayPal,Monthly,0,High Value,0.813252551020408,Unsatisfied,High Loyalty,Low Risk,Mature,Low,Yes
3748,26,Female,Sweater,Clothing,53,Rhode Island,L,Olive,Spring,4.3,No,Store Pickup,No,No,32,Bank Transfer,Bi-Weekly,0,Medium Value,0.5004209183673469,Satisfied,High Loyalty,Low Risk,Adult,Low,No
3749,34,Female,Backpack,Accessories,25,Delaware,M,Violet,Fall,3.9,No,2-Day Shipping,No,No,3,Venmo,Annually,0,Low Value,0.04036989795918368,Unsatisfied,Low Loyalty,Low Risk,Adult,Low,No
3750,24,Female,Blouse,Clothing,95,Alaska,L,Yellow,Winter,2.9,No,2-Day Shipping,No,No,38,Venmo,Every 3 Months,0,High Value,0.6984056122448979,Unsatisfied,High Loyalty,Low Risk,Young Adult,Low,Yes
3751,42,Female,Hoodie,Clothing,88,Arizona,M,Gold,Fall,3.1,No,Free Shipping,No,No,5,PayPal,Monthly,0,Medium Value,0.48198979591836744,Unsatisfied,Low Loyalty,Low Risk,Mature,Low,No
3752,36,Female,Jewelry,Accessories,97,Alabama,S,Silver,Fall,4.2,No,Free Shipping,No,No,8,Credit Card,Every 3 Months,0,Medium Value,0.525982142857143,Satisfied,Medium Loyalty,Low Risk,Adult,Low,No
3753,24,Female,Coat,Outerwear,81,Washington,L,Pink,Winter,4.1,No,2-Day Shipping,No,No,43,Venmo,Weekly,0,High Value,0.7502678571428572,Satisfied,High Loyalty,Low Risk,Young Adult,Low,Yes
3754,39,Female,Sunglasses,Accessories,26,Louisiana,S,Turquoise,Winter,4.2,No,Next Day Air,No,No,22,Bank Transfer,Fortnightly,0,Low Value,0.26232142857142854,Satisfied,Medium Loyalty,Low Risk,Adult,Low,No
3755,46,Female,Shoes,Footwear,41,Nebraska,M,Turquoise,Summer,4.4,No,Express,No,No,10,Cash,Every 3 Months,0,Low Value,0.22322704081632655,Satisfied,Medium Loyalty,Low Risk,Mature,Low,No
3756,64,Female,Skirt,Clothing,93,Pennsylvania,M,Peach,Fall,3.4,No,Free Shipping,No,No,26,Credit Card,Monthly,0,High Value,0.638686224489796,Unsatisfied,High Loyalty,Low Risk,Mature,Low,Yes
3757,64,Female,Skirt,Clothing,69,South Carolina,L,Teal,Spring,4.8,No,Express,No,No,42,Debit Card,Bi-Weekly,0,High Value,0.6516454081632652,Satisfied,High Loyalty,Low Risk,Mature,Low,Yes
3758,61,Female,Skirt,Clothing,44,California,L,Red,Fall,4.5,No,2-Day Shipping,No,No,33,Cash,Weekly,0,Medium Value,0.48091836734693877,Satisfied,High Loyalty,Low Risk,Mature,Low,No
3759,61,Female,Sandals,Footwear,54,Indiana,S,Black,Spring,2.7,No,Store Pickup,No,No,23,Bank Transfer,Quarterly,0,Low Value,0.3509438775510204,Unsatisfied,Medium Loyalty,Low Risk,Mature,Low,No
3760,44,Female,Sneakers,Footwear,61,Missouri,M,Pink,Spring,3.5,No,Store Pickup,No,No,30,Venmo,Quarterly,0,Medium Value,0.4331760204081633,Unsatisfied,High Loyalty,Low Risk,Mature,Low,No
3761,65,Female,Socks,Clothing,80,Connecticut,M,Peach,Fall,3.1,No,Next Day Air,No,No,36,PayPal,Weekly,0,High Value,0.7017857142857142,Unsatisfied,High Loyalty,Low Risk,Mature,Low,Yes
3762,60,Female,Backpack,Accessories,30,Nevada,M,Green,Summer,2.8,No,Next Day Air,No,No,3,Venmo,Every 3 Months,0,Low Value,0.11849489795918368,Unsatisfied,Low Loyalty,Low Risk,Mature,Low,No
3763,65,Female,Shorts,Clothing,94,New York,L,Green,Fall,2.9,No,Store Pickup,No,No,13,PayPal,Annually,0,Medium Value,0.48971938775510204,Unsatisfied,Medium Loyalty,Low Risk,Mature,Low,No
3764,27,Female,Shirt,Clothing,24,Oklahoma,XL,Red,Winter,4.5,No,Standard,No,No,38,Cash,Every 3 Months,0,Low Value,0.29903061224489796,Satisfied,High Loyalty,Low Risk,Adult,Low,No
3765,36,Female,Socks,Clothing,21,South Dakota,M,Maroon,Fall,3.5,No,Next Day Air,No,No,19,Venmo,Monthly,0,Low Value,0.19082908163265305,Unsatisfied,Medium Loyalty,Low Risk,Adult,Low,No
3766,22,Female,Jewelry,Accessories,52,Missouri,M,Green,Summer,4.3,No,Standard,No,No,14,Bank Transfer,Bi-Weekly,0,Low Value,0.3845918367346939,Satisfied,Medium Loyalty,Low Risk,Young Adult,Low,No
3767,62,Female,Handbag,Accessories,59,Texas,M,Black,Fall,4.9,No,Next Day Air,No,No,43,Debit Card,Annually,0,Medium Value,0.4765178571428571,Satisfied,High Loyalty,Low Risk,Mature,Low,No
3768,59,Female,Shorts,Clothing,51,New York,XL,Black,Summer,3.1,No,Free Shipping,No,No,10,Bank Transfer,Fortnightly,0,Low Value,0.32947704081632656,Unsatisfied,Medium Loyalty,Low Risk,Mature,Low,No
3769,50,Female,Sweater,Clothing,35,Vermont,M,Yellow,Winter,4.0,No,Free Shipping,No,No,34,Bank Transfer,Quarterly,0,Low Value,0.3114158163265306,Satisfied,High Loyalty,Low Risk,Mature,Low,No
3770,51,Female,Gloves,Accessories,87,Arizona,L,Green,Summer,3.6,No,Standard,No,No,31,Venmo,Annually,0,High Value,0.5605484693877552,Unsatisfied,High Loyalty,Low Risk,Mature,Low,Yes
3771,23,Female,Pants,Clothing,42,Montana,L,Black,Summer,4.0,No,Store Pickup,No,No,34,Bank Transfer,Weekly,0,Medium Value,0.4757908163265306,Satisfied,High Loyalty,Low Risk,Young Adult,Low,No
3772,21,Female,T-shirt,Clothing,86,Oklahoma,M,Red,Winter,2.6,No,Express,No,No,28,Venmo,Bi-Weekly,0,High Value,0.6615561224489795,Unsatisfied,High Loyalty,Low Risk,Young Adult,Low,Yes
3773,44,Female,Pants,Clothing,26,New Hampshire,L,Yellow,Fall,3.1,No,Next Day Air,No,No,35,Cash,Annually,0,Low Value,0.24191326530612242,Unsatisfied,High Loyalty,Low Risk,Mature,Low,No
3774,25,Female,Sweater,Clothing,60,Wisconsin,M,Violet,Summer,3.5,No,Store Pickup,No,No,41,Cash,Quarterly,0,Medium Value,0.49489795918367346,Unsatisfied,High Loyalty,Low Risk,Young Adult,Low,No
3775,57,Female,Gloves,Accessories,83,Alaska,S,Cyan,Winter,3.9,No,Standard,No,No,48,PayPal,Fortnightly,0,High Value,0.7421301020408163,Unsatisfied,High Loyalty,Low Risk,Mature,Low,Yes
3776,41,Female,Belt,Accessories,63,South Dakota,S,Pink,Spring,2.7,No,2-Day Shipping,No,No,45,Cash,Quarterly,0,Medium Value,0.5362627551020408,Unsatisfied,High Loyalty,Low Risk,Mature,Low,No
3777,19,Female,Sneakers,Footwear,25,Alaska,L,Olive,Spring,4.1,No,Standard,No,No,10,Credit Card,Fortnightly,0,Low Value,0.18322704081632651,Satisfied,Medium Loyalty,Low Risk,Young Adult,Low,No
3778,43,Female,Shorts,Clothing,65,Utah,M,Maroon,Fall,4.3,No,Express,No,No,9,Cash,Weekly,0,Medium Value,0.4521045918367346,Satisfied,Medium Loyalty,Low Risk,Mature,Low,No
3779,25,Female,Sneakers,Footwear,60,South Dakota,M,Cyan,Fall,2.9,No,Free Shipping,No,No,30,Debit Card,Annually,0,Medium Value,0.40255102040816326,Unsatisfied,High Loyalty,Low Risk,Young Adult,Low,No
3780,60,Female,Jeans,Clothing,75,California,XL,Lavender,Spring,4.0,No,Express,No,No,45,PayPal,Annually,0,High Value,0.5787627551020408,Satisfied,High Loyalty,Low Risk,Mature,Low,Yes
3781,54,Female,Sneakers,Footwear,57,Mississippi,L,Yellow,Fall,4.1,No,Free Shipping,No,No,41,Venmo,Quarterly,0,Medium Value,0.47802295918367343,Satisfied,High Loyalty,Low Risk,Mature,Low,No
3782,52,Female,Boots,Footwear,99,Tennessee,M,Pink,Winter,3.7,No,Standard,No,No,40,PayPal,Fortnightly,0,High Value,0.7831505102040816,Unsatisfied,High Loyalty,Low Risk,Mature,Low,Yes
3783,40,Female,Jacket,Outerwear,45,Alabama,L,Orange,Spring,2.8,No,Free Shipping,No,No,42,PayPal,Fortnightly,0,Medium Value,0.49164540816326524,Unsatisfied,High Loyalty,Low Risk,Adult,Low,No
3784,39,Female,Gloves,Accessories,66,Maine,XL,Orange,Summer,3.2,No,Free Shipping,No,No,17,Debit Card,Fortnightly,0,Medium Value,0.4567091836734694,Unsatisfied,Medium Loyalty,Low Risk,Adult,Low,No
3785,54,Female,Socks,Clothing,53,Virginia,M,Violet,Winter,4.5,No,Next Day Air,No,No,4,Venmo,Annually,0,Low Value,0.20399234693877555,Satisfied,Low Loyalty,Low Risk,Mature,Low,No
3786,64,Female,Jeans,Clothing,94,New Hampshire,L,Lavender,Winter,3.8,No,Standard,No,No,6,Cash,Monthly,0,Medium Value,0.5218622448979592,Unsatisfied,Low Loyalty,Low Risk,Mature,Low,No
3787,31,Female,Boots,Footwear,47,Tennessee,L,Yellow,Fall,3.6,No,2-Day Shipping,No,No,22,Venmo,Weekly,0,Medium Value,0.4304464285714285,Unsatisfied,Medium Loyalty,Low Risk,Adult,Low,No
3788,37,Female,Blouse,Clothing,80,New York,M,Pink,Fall,3.6,No,2-Day Shipping,No,No,46,PayPal,Every 3 Months,0,High Value,0.6630102040816327,Unsatisfied,High Loyalty,Low Risk,Adult,Low,Yes
3789,43,Female,Hat,Accessories,65,Kansas,XL,Teal,Spring,3.2,No,Next Day Air,No,No,27,Debit Card,Monthly,0,Medium Value,0.4873086734693877,Unsatisfied,High Loyalty,Low Risk,Mature,Low,No
3790,56,Female,Shirt,Clothing,75,North Dakota,M,Magenta,Summer,3.8,No,Express,No,No,18,Bank Transfer,Every 3 Months,0,Medium Value,0.4634566326530612,Unsatisfied,Medium Loyalty,Low Risk,Mature,Low,No
3791,27,Female,Handbag,Accessories,45,Alaska,XL,Beige,Summer,4.4,No,Standard,No,No,31,Credit Card,Weekly,0,Medium Value,0.47429846938775505,Satisfied,High Loyalty,Low Risk,Adult,Low,No
3792,40,Female,Sunglasses,Accessories,51,Texas,M,Gray,Spring,3.7,No,Store Pickup,No,No,1,Venmo,Weekly,0,Low Value,0.32437499999999997,Unsatisfied,Low Loyalty,Low Risk,Adult,Low,No
3793,43,Female,Scarf,Accessories,58,Massachusetts,S,Turquoise,Summer,2.6,No,Express,No,No,2,PayPal,Fortnightly,0,Low Value,0.3198724489795919,Unsatisfied,Low Loyalty,Low Risk,Mature,Low,No
3794,62,Female,Sunglasses,Accessories,20,Delaware,M,Pink,Fall,4.0,No,Standard,No,No,46,Bank Transfer,Annually,0,Low Value,0.2755102040816326,Satisfied,High Loyalty,Low Risk,Mature,Low,No
3795,44,Female,Scarf,Accessories,82,South Dakota,M,Violet,Summer,3.6,No,2-Day Shipping,No,No,27,Venmo,Weekly,0,High Value,0.6579336734693877,Unsatisfied,High Loyalty,Low Risk,Mature,Low,Yes
3796,45,Female,Gloves,Accessories,92,Arkansas,M,Charcoal,Spring,2.5,No,Express,No,No,3,Cash,Weekly,0,High Value,0.5672448979591838,Unsatisfied,Low Loyalty,Low Risk,Mature,Low,No
3797,40,Female,Shorts,Clothing,81,Utah,M,Lavender,Fall,3.2,No,Free Shipping,No,No,47,Bank Transfer,Quarterly,0,High Value,0.6497576530612245,Unsatisfied,High Loyalty,Low Risk,Adult,Low,Yes
3798,68,Female,Sunglasses,Accessories,44,California,M,Gray,Summer,2.5,No,Next Day Air,No,No,20,Cash,Quarterly,0,Low Value,0.27632653061224494,Unsatisfied,Medium Loyalty,Low Risk,Mature,Low,No
3799,63,Female,Jewelry,Accessories,72,Rhode Island,S,Brown,Winter,3.2,No,Next Day Air,No,No,23,Credit Card,Annually,0,Medium Value,0.42719387755102045,Unsatisfied,Medium Loyalty,Low Risk,Mature,Low,No
3800,60,Female,Jacket,Outerwear,26,Oklahoma,L,Violet,Winter,2.6,No,Store Pickup,No,No,13,Credit Card,Monthly,0,Low Value,0.18221938775510205,Unsatisfied,Medium Loyalty,Low Risk,Mature,Low,No
3801,19,Female,Sweater,Clothing,26,Vermont,M,Turquoise,Fall,4.8,No,Next Day Air,No,No,12,Venmo,Bi-Weekly,0,Low Value,0.2260969387755102,Satisfied,Medium Loyalty,Low Risk,Young Adult,Low,No
3802,26,Female,Blouse,Clothing,84,Kentucky,M,Peach,Spring,5.0,No,Store Pickup,No,No,36,PayPal,Fortnightly,0,High Value,0.6742857142857143,Satisfied,High Loyalty,Low Risk,Adult,Low,Yes
3803,70,Female,Scarf,Accessories,72,Illinois,S,Turquoise,Spring,3.2,No,2-Day Shipping,No,No,1,Bank Transfer,Monthly,0,Low Value,0.36750000000000005,Unsatisfied,Low Loyalty,Low Risk,Mature,Low,No
3804,48,Female,Handbag,Accessories,55,Connecticut,M,Violet,Spring,3.6,No,Standard,No,No,14,Debit Card,Weekly,0,Medium Value,0.4264668367346938,Unsatisfied,Medium Loyalty,Low Risk,Mature,Low,No
3805,37,Female,Hat,Accessories,77,Florida,M,Olive,Fall,2.7,No,2-Day Shipping,No,No,45,Cash,Annually,0,High Value,0.5900127551020408,Unsatisfied,High Loyalty,Low Risk,Adult,Low,Yes
3806,48,Female,Scarf,Accessories,57,New Jersey,M,Green,Fall,3.1,No,Standard,No,No,31,Credit Card,Quarterly,0,Medium Value,0.4167984693877551,Unsatisfied,High Loyalty,Low Risk,Mature,Low,No
3807,18,Female,Boots,Footwear,71,Missouri,M,Teal,Spring,3.0,No,Standard,No,No,41,PayPal,Weekly,0,High Value,0.6817729591836734,Unsatisfied,High Loyalty,Low Risk,Young Adult,Low,Yes
3808,38,Female,Blouse,Clothing,39,Michigan,L,Peach,Spring,2.9,No,Next Day Air,No,No,36,PayPal,Annually,0,Low Value,0.32116071428571424,Unsatisfied,High Loyalty,Low Risk,Adult,Low,No
3809,33,Female,Socks,Clothing,28,Washington,M,Pink,Winter,4.7,No,Express,No,No,6,Debit Card,Bi-Weekly,0,Low Value,0.2006122448979592,Satisfied,Low Loyalty,Low Risk,Adult,Low,No
3810,57,Female,Shoes,Footwear,33,New York,S,Maroon,Winter,3.7,No,Standard,No,No,28,Credit Card,Annually,0,Low Value,0.2384311224489796,Unsatisfied,High Loyalty,Low Risk,Mature,Low,No
3811,46,Female,Skirt,Clothing,79,Wisconsin,L,Peach,Fall,3.9,No,Free Shipping,No,No,29,Venmo,Monthly,0,High Value,0.5783035714285714,Unsatisfied,High Loyalty,Low Risk,Mature,Low,Yes
3812,46,Female,Belt,Accessories,30,Idaho,M,Maroon,Winter,4.0,No,Standard,No,No,14,Cash,Monthly,0,Low Value,0.21084183673469387,Satisfied,Medium Loyalty,Low Risk,Mature,Low,No
3813,50,Female,Skirt,Clothing,75,Michigan,M,Pink,Spring,2.8,No,Next Day Air,No,No,7,Bank Transfer,Every 3 Months,0,Medium Value,0.396109693877551,Unsatisfied,Low Loyalty,Low Risk,Mature,Low,No
3814,61,Female,Pants,Clothing,89,Georgia,M,Orange,Summer,4.1,No,Express,No,No,31,Venmo,Bi-Weekly,0,High Value,0.6967984693877551,Satisfied,High Loyalty,Low Risk,Mature,Low,Yes
3815,45,Female,Dress,Clothing,95,Michigan,M,Orange,Winter,4.2,No,Free Shipping,No,No,26,Bank Transfer,Every 3 Months,0,High Value,0.6249362244897959,Satisfied,High Loyalty,Low Risk,Mature,Low,Yes
3816,32,Female,Hat,Accessories,44,Maine,M,Brown,Fall,4.3,No,Express,No,No,12,Venmo,Fortnightly,0,Low Value,0.3023469387755102,Satisfied,Medium Loyalty,Low Risk,Adult,Low,No
3817,29,Female,Coat,Outerwear,86,Maryland,S,Silver,Summer,4.3,No,Store Pickup,No,No,45,Credit Card,Fortnightly,0,High Value,0.7406377551020408,Satisfied,High Loyalty,Low Risk,Adult,Low,Yes
3818,66,Female,Scarf,Accessories,91,Missouri,M,Magenta,Fall,2.6,No,Express,No,No,40,PayPal,Annually,0,High Value,0.6381505102040815,Unsatisfied,High Loyalty,Low Risk,Mature,Low,Yes
3819,70,Female,Sneakers,Footwear,41,Oregon,XL,Indigo,Winter,3.8,No,Free Shipping,No,No,42,Cash,Monthly,0,Medium Value,0.4441454081632653,Unsatisfied,High Loyalty,Low Risk,Mature,Low,No
3820,36,Female,Pants,Clothing,99,Arkansas,S,Gold,Spring,2.9,No,Express,No,No,45,Cash,Quarterly,0,High Value,0.7387627551020408,Unsatisfied,High Loyalty,Low Risk,Adult,Low,Yes
3821,34,Female,Belt,Accessories,65,New Hampshire,M,Purple,Winter,5.0,No,Standard,No,No,34,Debit Card,Quarterly,0,Medium Value,0.4801658163265306,Satisfied,High Loyalty,Low Risk,Adult,Low,No
3822,20,Female,Sneakers,Footwear,48,Oregon,M,Gold,Summer,4.6,No,Free Shipping,No,No,34,Credit Card,Every 3 Months,0,Medium Value,0.40954081632653067,Satisfied,High Loyalty,Low Risk,Young Adult,Low,No
3823,70,Female,Hat,Accessories,41,Kansas,S,Gold,Spring,3.2,No,Free Shipping,No,No,17,PayPal,Every 3 Months,0,Low Value,0.2660841836734694,Unsatisfied,Medium Loyalty,Low Risk,Mature,Low,No
3824,50,Female,Shirt,Clothing,42,California,M,Gold,Summer,3.0,No,Standard,No,No,27,Bank Transfer,Weekly,0,Medium Value,0.4329336734693877,Unsatisfied,High Loyalty,Low Risk,Mature,Low,No
3825,54,Female,Shorts,Clothing,26,Georgia,M,Olive,Summer,4.0,No,Free Shipping,No,No,31,Credit Card,Quarterly,0,Low Value,0.24242346938775505,Satisfied,High Loyalty,Low Risk,Mature,Low,No
3826,49,Female,Shorts,Clothing,35,Hawaii,L,Green,Fall,4.1,No,Express,No,No,47,Debit Card,Fortnightly,0,Medium Value,0.4660076530612245,Satisfied,High Loyalty,Low Risk,Mature,Low,No
3827,50,Female,Jacket,Outerwear,31,Montana,M,Gray,Summer,4.0,No,Express,No,No,25,Bank Transfer,Annually,0,Low Value,0.20881377551020408,Satisfied,Medium Loyalty,Low Risk,Mature,Low,No
3828,62,Female,Jewelry,Accessories,73,Montana,M,Red,Summer,4.1,No,Standard,No,No,47,Cash,Fortnightly,0,High Value,0.6797576530612245,Satisfied,High Loyalty,Low Risk,Mature,Low,Yes
3829,42,Female,Blouse,Clothing,82,Mississippi,M,Charcoal,Spring,3.4,No,Free Shipping,No,No,8,Cash,Weekly,0,Medium Value,0.541607142857143,Unsatisfied,Medium Loyalty,Low Risk,Mature,Low,No
3830,69,Female,Pants,Clothing,32,Washington,M,Indigo,Spring,2.9,No,Free Shipping,No,No,32,Debit Card,Fortnightly,0,Low Value,0.3572959183673469,Unsatisfied,High Loyalty,Low Risk,Mature,Low,No
3831,22,Female,Hat,Accessories,27,Pennsylvania,M,Indigo,Summer,3.0,No,2-Day Shipping,No,No,33,Bank Transfer,Every 3 Months,0,Low Value,0.2852933673469388,Unsatisfied,High Loyalty,Low Risk,Young Adult,Low,No
3832,36,Female,Backpack,Accessories,86,Nevada,L,Silver,Spring,4.0,No,Next Day Air,No,No,16,Debit Card,Every 3 Months,0,Medium Value,0.5130867346938776,Satisfied,Medium Loyalty,Low Risk,Adult,Low,No
3833,64,Female,Boots,Footwear,38,Kansas,XL,Purple,Winter,4.8,No,2-Day Shipping,No,No,27,Cash,Weekly,0,Medium Value,0.4104336734693877,Satisfied,High Loyalty,Low Risk,Mature,Low,No
3834,44,Female,Jacket,Outerwear,93,Arizona,L,Gray,Summer,4.6,No,Free Shipping,No,No,17,PayPal,Every 3 Months,0,High Value,0.5585841836734695,Satisfied,Medium Loyalty,Low Risk,Mature,Low,No
3835,43,Female,Hoodie,Clothing,59,Tennessee,M,Magenta,Winter,4.1,No,2-Day Shipping,No,No,17,Cash,Quarterly,0,Low Value,0.3423341836734694,Satisfied,Medium Loyalty,Low Risk,Mature,Low,No
3836,58,Female,Sandals,Footwear,58,Pennsylvania,L,Silver,Winter,2.6,No,Express,No,No,28,PayPal,Bi-Weekly,0,Medium Value,0.5040561224489797,Unsatisfied,High Loyalty,Low Risk,Mature,Low,No
3837,62,Female,Skirt,Clothing,84,Alaska,M,Violet,Spring,2.5,No,Free Shipping,No,No,38,PayPal,Fortnightly,0,High Value,0.686530612244898,Unsatisfied,High Loyalty,Low Risk,Mature,Low,Yes
3838,45,Female,Hoodie,Clothing,100,New Mexico,M,Green,Spring,4.8,No,Free Shipping,No,No,33,Bank Transfer,Fortnightly,0,High Value,0.7459183673469387,Satisfied,High Loyalty,Low Risk,Mature,Low,Yes
3839,47,Female,Dress,Clothing,25,Rhode Island,L,Green,Summer,4.2,No,Express,No,No,24,Venmo,Every 3 Months,0,Low Value,0.21894132653061227,Satisfied,Medium Loyalty,Low Risk,Mature,Low,No
3840,66,Female,Sandals,Footwear,29,Connecticut,M,Peach,Spring,3.9,No,Free Shipping,No,No,14,Venmo,Quarterly,0,Low Value,0.15521683673469389,Unsatisfied,Medium Loyalty,Low Risk,Mature,Low,No
3841,30,Female,Jeans,Clothing,42,Idaho,M,Turquoise,Spring,3.7,No,Express,No,No,5,Venmo,Fortnightly,0,Low Value,0.24823979591836737,Unsatisfied,Low Loyalty,Low Risk,Adult,Low,No
3842,68,Female,Jeans,Clothing,57,Mississippi,L,Pink,Fall,4.2,No,2-Day Shipping,No,No,8,Bank Transfer,Monthly,0,Low Value,0.3259821428571429,Satisfied,Medium Loyalty,Low Risk,Mature,Low,No
3843,35,Female,Jacket,Outerwear,84,Colorado,L,Lavender,Winter,4.2,No,Next Day Air,No,No,42,Debit Card,Monthly,0,High Value,0.6860204081632653,Satisfied,High Loyalty,Low Risk,Adult,Low,Yes
3844,64,Female,Hat,Accessories,71,Georgia,L,Silver,Winter,4.0,No,Free Shipping,No,No,48,Venmo,Every 3 Months,0,High Value,0.6246301020408164,Satisfied,High Loyalty,Low Risk,Mature,Low,Yes
3845,30,Female,Shorts,Clothing,87,Montana,S,Cyan,Fall,5.0,No,Next Day Air,No,No,40,Venmo,Quarterly,0,High Value,0.6406505102040817,Satisfied,High Loyalty,Low Risk,Adult,Low,Yes
3846,58,Female,Sweater,Clothing,52,California,M,Green,Winter,4.9,No,Standard,No,No,46,Venmo,Annually,0,Medium Value,0.4555102040816327,Satisfied,High Loyalty,Low Risk,Mature,Low,No
3847,57,Female,Blouse,Clothing,58,Pennsylvania,L,Orange,Summer,4.0,No,Express,No,No,40,PayPal,Every 3 Months,0,Medium Value,0.5025255102040816,Satisfied,High Loyalty,Low Risk,Mature,Low,No
3848,60,Female,Sweater,Clothing,34,Delaware,S,Blue,Fall,3.2,No,2-Day Shipping,No,No,31,PayPal,Fortnightly,0,Low Value,0.36242346938775505,Unsatisfied,High Loyalty,Low Risk,Mature,Low,No
3849,22,Female,Jewelry,Accessories,60,New Hampshire,M,Magenta,Winter,3.0,No,Next Day Air,No,No,39,Cash,Every 3 Months,0,Medium Value,0.5076530612244898,Unsatisfied,High Loyalty,Low Risk,Young Adult,Low,No
3850,46,Female,Hoodie,Clothing,68,Florida,S,Cyan,Winter,2.6,No,Express,No,No,36,PayPal,Fortnightly,0,High Value,0.5842857142857143,Unsatisfied,High Loyalty,Low Risk,Mature,Low,Yes
3851,27,Female,Jewelry,Accessories,74,Mississippi,L,Indigo,Summer,4.4,No,2-Day Shipping,No,No,25,Debit Card,Every 3 Months,0,Medium Value,0.5006887755102041,Satisfied,Medium Loyalty,Low Risk,Adult,Low,No
3852,50,Female,Scarf,Accessories,83,Montana,M,Pink,Summer,3.9,No,Free Shipping,No,No,24,Debit Card,Annually,0,Medium Value,0.49519132653061226,Unsatisfied,Medium Loyalty,Low Risk,Mature,Low,No
3853,65,Female,Hat,Accessories,79,Mississippi,M,Peach,Fall,4.0,No,2-Day Shipping,No,No,19,PayPal,Weekly,0,High Value,0.5920790816326531,Satisfied,Medium Loyalty,Low Risk,Mature,Low,No
3854,61,Female,Sunglasses,Accessories,76,Tennessee,M,Lavender,Fall,4.0,No,Store Pickup,No,No,49,Debit Card,Bi-Weekly,0,High Value,0.7338775510204082,Satisfied,High Loyalty,Low Risk,Mature,Low,Yes
3855,57,Female,T-shirt,Clothing,20,Florida,M,Black,Spring,4.2,No,Free Shipping,No,No,4,Venmo,Annually,0,Low Value,0.01836734693877551,Satisfied,Low Loyalty,Low Risk,Mature,Low,No
3856,40,Female,Shirt,Clothing,61,Illinois,XL,Lavender,Summer,4.4,No,Next Day Air,No,No,36,Cash,Quarterly,0,Medium Value,0.4699107142857143,Satisfied,High Loyalty,Low Risk,Adult,Low,No
3857,39,Female,Sandals,Footwear,78,Virginia,S,Brown,Summer,2.5,No,Free Shipping,No,No,8,Debit Card,Quarterly,0,Low Value,0.39410714285714293,Unsatisfied,Medium Loyalty,Low Risk,Adult,Low,No
3858,42,Female,Hat,Accessories,21,Texas,S,Yellow,Summer,3.1,No,Store Pickup,No,No,29,Credit Card,Every 3 Months,0,Low Value,0.2270535714285714,Unsatisfied,High Loyalty,Low Risk,Mature,Low,No
3859,30,Female,T-shirt,Clothing,77,Missouri,M,Olive,Winter,3.5,No,Store Pickup,No,No,26,Credit Card,Quarterly,0,Medium Value,0.49868622448979594,Unsatisfied,High Loyalty,Low Risk,Adult,Low,No
3860,65,Female,Shorts,Clothing,88,Mississippi,S,Blue,Fall,3.0,No,2-Day Shipping,No,No,47,Bank Transfer,Bi-Weekly,0,High Value,0.7891326530612246,Unsatisfied,High Loyalty,Low Risk,Mature,Low,Yes
3861,57,Female,Sunglasses,Accessories,64,Pennsylvania,M,Turquoise,Summer,4.4,No,Next Day Air,No,No,44,Cash,Annually,0,Medium Value,0.510765306122449,Satisfied,High Loyalty,Low Risk,Mature,Low,No
3862,64,Female,Jacket,Outerwear,57,Wyoming,M,Yellow,Spring,4.9,No,Standard,No,No,49,Credit Card,Monthly,0,High Value,0.5770025510204081,Satisfied,High Loyalty,Low Risk,Mature,Low,Yes
3863,56,Female,Shirt,Clothing,49,Idaho,L,Turquoise,Winter,2.8,No,Next Day Air,No,No,9,Venmo,Monthly,0,Low Value,0.2871045918367347,Unsatisfied,Medium Loyalty,Low Risk,Mature,Low,No
3864,40,Female,Scarf,Accessories,35,New Hampshire,M,Orange,Summer,3.3,No,Free Shipping,No,No,28,Cash,Fortnightly,0,Low Value,0.3496811224489796,Unsatisfied,High Loyalty,Low Risk,Adult,Low,No
3865,55,Female,T-shirt,Clothing,99,Wyoming,S,Blue,Winter,4.9,No,Express,No,No,1,Debit Card,Fortnightly,0,Medium Value,0.544375,Satisfied,Low Loyalty,Low Risk,Mature,Low,No
3866,25,Female,Shorts,Clothing,42,Nebraska,M,Olive,Spring,4.2,No,Store Pickup,No,No,28,Cash,Every 3 Months,0,Low Value,0.3390561224489796,Satisfied,High Loyalty,Low Risk,Young Adult,Low,No
3867,58,Female,Hat,Accessories,32,Alaska,M,Beige,Winter,3.3,No,2-Day Shipping,No,No,33,Credit Card,Fortnightly,0,Low Value,0.3634183673469388,Unsatisfied,High Loyalty,Low Risk,Mature,Low,No
3868,46,Female,Jacket,Outerwear,21,Maryland,L,Lavender,Summer,2.7,No,Standard,No,No,28,Credit Card,Monthly,0,Low Value,0.24593112244897958,Unsatisfied,High Loyalty,Low Risk,Mature,Low,No
3869,18,Female,Dress,Clothing,29,Maryland,XL,Magenta,Winter,3.3,No,2-Day Shipping,No,No,9,Cash,Annually,0,Low Value,0.09960459183673472,Unsatisfied,Medium Loyalty,Low Risk,Young Adult,Low,No
3870,26,Female,Coat,Outerwear,64,Arizona,L,Cyan,Spring,3.8,No,Free Shipping,No,No,28,Bank Transfer,Annually,0,Medium Value,0.41280612244897963,Unsatisfied,High Loyalty,Low Risk,Adult,Low,No
3871,61,Female,Sandals,Footwear,46,Ohio,L,Lavender,Fall,3.2,No,Next Day Air,No,No,19,Cash,Every 3 Months,0,Low Value,0.3064540816326531,Unsatisfied,Medium Loyalty,Low Risk,Mature,Low,No
3872,55,Female,T-shirt,Clothing,97,Minnesota,M,Black,Fall,4.1,No,2-Day Shipping,No,No,20,Bank Transfer,Every 3 Months,0,High Value,0.599451530612245,Satisfied,Medium Loyalty,Low Risk,Mature,Low,No
3873,41,Female,Jacket,Outerwear,94,New Hampshire,M,Green,Spring,4.3,No,Standard,No,No,3,Cash,Monthly,0,Medium Value,0.5034948979591837,Satisfied,Low Loyalty,Low Risk,Mature,Low,No
3874,42,Female,Sandals,Footwear,43,Louisiana,L,Silver,Summer,4.0,No,Standard,No,No,22,Credit Card,Weekly,0,Medium Value,0.4079464285714285,Satisfied,Medium Loyalty,Low Risk,Mature,Low,No
3875,70,Female,Sweater,Clothing,54,Nevada,XL,Beige,Summer,3.9,No,2-Day Shipping,No,No,33,Credit Card,Bi-Weekly,0,Medium Value,0.5121683673469388,Unsatisfied,High Loyalty,Low Risk,Mature,Low,No
3876,63,Female,Hat,Accessories,51,New Hampshire,M,Pink,Winter,3.3,No,2-Day Shipping,No,No,21,Credit Card,Annually,0,Low Value,0.29682397959183676,Unsatisfied,Medium Loyalty,Low Risk,Mature,Low,No
3877,60,Female,Shoes,Footwear,85,Wisconsin,S,Cyan,Fall,2.6,No,2-Day Shipping,No,No,7,Cash,Annually,0,Medium Value,0.40235969387755105,Unsatisfied,Low Loyalty,Low Risk,Mature,Low,No
3878,28,Female,Hoodie,Clothing,96,Nevada,M,Olive,Spring,4.2,No,Next Day Air,No,No,46,Debit Card,Monthly,0,High Value,0.7780102040816327,Satisfied,High Loyalty,Low Risk,Adult,Low,Yes
3879,60,Female,Hat,Accessories,42,South Carolina,M,Pink,Summer,3.4,No,2-Day Shipping,No,No,24,Credit Card,Annually,0,Low Value,0.26456632653061224,Unsatisfied,Medium Loyalty,Low Risk,Mature,Low,No
3880,26,Female,Skirt,Clothing,63,Florida,L,Maroon,Winter,4.1,No,Free Shipping,No,No,6,Debit Card,Quarterly,0,Low Value,0.29748724489795925,Satisfied,Low Loyalty,Low Risk,Adult,Low,No
3881,42,Female,Shirt,Clothing,20,Massachusetts,M,Red,Winter,3.9,No,Free Shipping,No,No,40,PayPal,Monthly,0,Low Value,0.31377551020408156,Unsatisfied,High Loyalty,Low Risk,Mature,Low,No
3882,56,Female,Scarf,Accessories,25,Georgia,L,Silver,Spring,2.8,No,2-Day Shipping,No,No,17,Debit Card,Weekly,0,Low Value,0.2760841836734693,Unsatisfied,Medium Loyalty,Low Risk,Mature,Low,No
3883,35,Female,Pants,Clothing,95,North Dakota,L,Blue,Fall,2.6,No,Free Shipping,No,No,24,Cash,Fortnightly,0,High Value,0.6626913265306122,Unsatisfied,Medium Loyalty,Low Risk,Adult,Low,No
3884,34,Female,Hat,Accessories,38,North Dakota,XL,Purple,Fall,4.0,No,Next Day Air,No,No,22,Cash,Fortnightly,0,Low Value,0.32982142857142854,Satisfied,Medium Loyalty,Low Risk,Adult,Low,No
3885,47,Female,Sandals,Footwear,29,Maryland,M,Brown,Fall,4.9,No,Express,No,No,3,PayPal,Weekly,0,Low Value,0.21286989795918365,Satisfied,Low Loyalty,Low Risk,Mature,Low,No
3886,49,Female,Socks,Clothing,64,New Mexico,L,Purple,Winter,3.2,No,Free Shipping,No,No,39,Cash,Quarterly,0,Medium Value,0.5051530612244898,Unsatisfied,High Loyalty,Low Risk,Mature,Low,No
3887,37,Female,Jewelry,Accessories,92,Iowa,S,Brown,Summer,3.9,No,Express,No,No,40,Debit Card,Quarterly,0,High Value,0.6687755102040817,Unsatisfied,High Loyalty,Low Risk,Adult,Low,Yes
3888,40,Female,Shirt,Clothing,34,Kansas,M,Charcoal,Spring,2.7,No,Express,No,No,1,Credit Card,Quarterly,0,Low Value,0.10375000000000002,Unsatisfied,Low Loyalty,Low Risk,Adult,Low,No
3889,45,Female,Sneakers,Footwear,69,Virginia,M,Violet,Spring,3.4,No,Standard,No,No,14,Venmo,Bi-Weekly,0,Medium Value,0.48021683673469384,Unsatisfied,Medium Loyalty,Low Risk,Mature,Low,No
3890,57,Female,Dress,Clothing,65,Alaska,S,Yellow,Spring,3.5,No,Express,No,No,49,Bank Transfer,Annually,0,Medium Value,0.5470025510204082,Unsatisfied,High Loyalty,Low Risk,Mature,Low,No
3891,35,Female,Shirt,Clothing,81,Nebraska,XL,Green,Winter,2.6,No,Standard,No,No,33,Debit Card,Annually,0,Medium Value,0.5390433673469388,Unsatisfied,High Loyalty,Low Risk,Adult,Low,No
3892,36,Female,Dress,Clothing,30,Colorado,L,Peach,Winter,4.7,No,Free Shipping,No,No,6,Bank Transfer,Quarterly,0,Low Value,0.11186224489795918,Satisfied,Low Loyalty,Low Risk,Adult,Low,No
3893,35,Female,Jewelry,Accessories,86,Michigan,L,Indigo,Summer,3.5,No,Standard,No,No,5,PayPal,Fortnightly,0,Medium Value,0.4957397959183673,Unsatisfied,Low Loyalty,Low Risk,Adult,Low,No
3894,21,Female,Hat,Accessories,64,Massachusetts,L,White,Fall,3.3,No,Store Pickup,No,No,29,Bank Transfer,Bi-Weekly,0,Medium Value,0.5439285714285714,Unsatisfied,High Loyalty,Low Risk,Young Adult,Low,No
3895,66,Female,Skirt,Clothing,78,Connecticut,L,White,Spring,3.9,No,2-Day Shipping,No,No,44,Credit Card,Every 3 Months,0,High Value,0.639515306122449,Unsatisfied,High Loyalty,Low Risk,Mature,Low,Yes
3896,40,Female,Hoodie,Clothing,28,Virginia,L,Turquoise,Summer,4.2,No,2-Day Shipping,No,No,32,Venmo,Weekly,0,Low Value,0.3847959183673469,Satisfied,High Loyalty,Low Risk,Adult,Low,No
3897,52,Female,Backpack,Accessories,49,Iowa,L,White,Spring,4.5,No,Store Pickup,No,No,41,Bank Transfer,Bi-Weekly,0,Medium Value,0.5330229591836735,Satisfied,High Loyalty,Low Risk,Mature,Low,No
3898,46,Female,Belt,Accessories,33,New Jersey,L,Green,Spring,2.9,No,Standard,No,No,24,Venmo,Quarterly,0,Low Value,0.23894132653061226,Unsatisfied,Medium Loyalty,Low Risk,Mature,Low,No
3899,44,Female,Shoes,Footwear,77,Minnesota,S,Brown,Summer,3.8,No,Express,No,No,24,Venmo,Weekly,0,High Value,0.6114413265306122,Unsatisfied,Medium Loyalty,Low Risk,Mature,Low,No
3900,52,Female,Handbag,Accessories,81,California,M,Beige,Spring,3.1,No,Store Pickup,No,No,33,Venmo,Quarterly,0,High Value,0.5640433673469388,Unsatisfied,High Loyalty,Low Risk,Mature,Low,Yes
